result_position,bridge_signature,rule_id,edge_count
0,Al-O-Si,T-O-T,96
1,Al-O-Si,T-O-T,96
2,Al-O-Si,T-O-T,96
3,Al-O-Si,T-O-T,96
4,Al-O-Si,T-O-T,96
5,Al-O-Si,T-O-T,96
6,Al-O-Si,T-O-T,96
7,Al-O-Si,T-O-T,96
8,Al-O-Si,T-O-T,96
9,Al-O-Si,T-O-T,96
10,Al-O-Si,T-O-T,96
11,Al-O-Si,T-O-T,96
12,Al-O-Si,T-O-T,96
13,Al-O-Si,T-O-T,96
14,Al-O-Si,T-O-T,96
15,Al-O-Si,T-O-T,96
16,Al-O-Si,T-O-T,96
17,Al-O-Si,T-O-T,96
18,Al-O-Si,T-O-T,96
19,Al-O-Si,T-O-T,96
20,Al-O-Si,T-O-T,96
21,Al-O-Si,T-O-T,96
22,Al-O-Si,T-O-T,96
23,Al-O-Si,T-O-T,96
24,Al-O-Si,T-O-T,96
25,Al-O-Si,T-O-T,96
26,Al-O-Si,T-O-T,96
27,Al-O-Si,T-O-T,96
28,Al-O-Si,T-O-T,96
29,Al-O-Si,T-O-T,96
30,Al-O-Si,T-O-T,96
31,Al-O-Si,T-O-T,96
32,Al-O-Si,T-O-T,96
33,Al-O-Si,T-O-T,96
34,Al-O-Si,T-O-T,96
35,Al-O-Si,T-O-T,96
36,Al-O-Si,T-O-T,96
37,Al-O-Si,T-O-T,96
38,Al-O-Si,T-O-T,96
39,Al-O-Si,T-O-T,96
40,Al-O-Si,T-O-T,96
41,Al-O-Si,T-O-T,96
42,Al-O-Si,T-O-T,96
43,Al-O-Si,T-O-T,96
44,Al-O-Si,T-O-T,96
45,Al-O-Si,T-O-T,96
46,Al-O-Si,T-O-T,96
47,Al-O-Si,T-O-T,96
48,Al-O-Si,T-O-T,96
49,Al-O-Si,T-O-T,96
50,Al-O-Si,T-O-T,96
51,Al-O-Si,T-O-T,96
52,Al-O-Si,T-O-T,96
53,Al-O-Si,T-O-T,96
54,Al-O-Si,T-O-T,96
55,Al-O-Si,T-O-T,96
56,Al-O-Si,T-O-T,96
57,Al-O-Si,T-O-T,96
58,Al-O-Si,T-O-T,96
59,Al-O-Si,T-O-T,96
60,Al-O-Si,T-O-T,96
61,Al-O-Si,T-O-T,96
62,Al-O-Si,T-O-T,96
63,Al-O-Si,T-O-T,96
64,Al-O-Si,T-O-T,96
65,Al-O-Si,T-O-T,96
66,Al-O-Si,T-O-T,96
67,Al-O-Si,T-O-T,96
68,Al-O-Si,T-O-T,96
69,Al-O-Si,T-O-T,96
70,Al-O-Si,T-O-T,96
71,Al-O-Si,T-O-T,96
72,Al-O-Si,T-O-T,96
73,Al-O-Si,T-O-T,96
74,Al-O-Si,T-O-T,96
75,Al-O-Si,T-O-T,96
76,Al-O-Si,T-O-T,96
77,Al-O-Si,T-O-T,96
78,Al-O-Si,T-O-T,96
79,Al-O-Si,T-O-T,96
80,Al-O-Si,T-O-T,96
81,Al-O-Si,T-O-T,96
82,Al-O-Si,T-O-T,96
83,Al-O-Si,T-O-T,96
84,Al-O-Si,T-O-T,96
85,Al-O-Si,T-O-T,96
86,Al-O-Si,T-O-T,96
87,Al-O-Si,T-O-T,96
88,Al-O-Si,T-O-T,96
89,Al-O-Si,T-O-T,96
90,Al-O-Si,T-O-T,96
91,Al-O-Si,T-O-T,96
92,Al-O-Si,T-O-T,96
93,Al-O-Si,T-O-T,96
94,Al-O-Si,T-O-T,96
95,Al-O-Si,T-O-T,96
96,Al-O-Si,T-O-T,96
97,Al-O-Si,T-O-T,96
98,Al-O-Si,T-O-T,96
99,Al-O-Si,T-O-T,96
100,Al-O-Si,T-O-T,96
101,Al-O-Si,T-O-T,96
102,Al-O-Si,T-O-T,96
103,Al-O-Si,T-O-T,96
104,Al-O-Si,T-O-T,96
105,Al-O-Si,T-O-T,96
106,Al-O-Si,T-O-T,96
107,Al-O-Si,T-O-T,96
108,Al-O-Si,T-O-T,96
109,Al-O-Si,T-O-T,96
110,Al-O-Si,T-O-T,96
111,Al-O-Si,T-O-T,96
112,Al-O-Si,T-O-T,96
113,Al-O-Si,T-O-T,96
114,Al-O-Si,T-O-T,96
115,Al-O-Si,T-O-T,96
116,Al-O-Si,T-O-T,96
117,Al-O-Si,T-O-T,96
118,Al-O-Si,T-O-T,96
119,Al-O-Si,T-O-T,96
120,Al-O-Si,T-O-T,96
121,Al-O-Si,T-O-T,96
122,Al-O-Si,T-O-T,96
123,Al-O-Si,T-O-T,96
124,Al-O-Si,T-O-T,96
125,Al-O-Si,T-O-T,96
126,Al-O-Si,T-O-T,96
127,Al-O-Si,T-O-T,96
128,Al-O-Si,T-O-T,96
129,Al-O-Si,T-O-T,96
130,Al-O-Si,T-O-T,96
131,Al-O-Si,T-O-T,96
132,Al-O-Si,T-O-T,96
133,Al-O-Si,T-O-T,96
134,Al-O-Si,T-O-T,96
135,Al-O-Si,T-O-T,96
136,Al-O-Si,T-O-T,96
137,Al-O-Si,T-O-T,96
138,Al-O-Si,T-O-T,96
139,Al-O-Si,T-O-T,96
140,Al-O-Si,T-O-T,96
141,Al-O-Si,T-O-T,96
142,Al-O-Si,T-O-T,96
143,Al-O-Si,T-O-T,96
144,Al-O-Si,T-O-T,96
145,Al-O-Si,T-O-T,96
146,Al-O-Si,T-O-T,96
147,Al-O-Si,T-O-T,96
148,Al-O-Si,T-O-T,96
149,Al-O-Si,T-O-T,96
150,Al-O-Si,T-O-T,96
151,Al-O-Si,T-O-T,96
152,Al-O-Si,T-O-T,96
153,Al-O-Si,T-O-T,96
154,Al-O-Si,T-O-T,96
155,Al-O-Si,T-O-T,96
156,Al-O-Si,T-O-T,96
157,Al-O-Si,T-O-T,96
158,Al-O-Si,T-O-T,96
159,Al-O-Si,T-O-T,96
160,Al-O-Si,T-O-T,96
161,Al-O-Si,T-O-T,96
162,Al-O-Si,T-O-T,96
163,Al-O-Si,T-O-T,96
164,Al-O-Si,T-O-T,96
165,Al-O-Si,T-O-T,96
166,Al-O-Si,T-O-T,96
167,Al-O-Si,T-O-T,96
168,Al-O-Si,T-O-T,96
169,Al-O-Si,T-O-T,96
170,Al-O-Si,T-O-T,96
171,Al-O-Si,T-O-T,96
172,Al-O-Si,T-O-T,96
173,Al-O-Si,T-O-T,96
174,Al-O-Si,T-O-T,96
175,Al-O-Si,T-O-T,96
176,Al-O-Si,T-O-T,96
177,Al-O-Si,T-O-T,96
178,Al-O-Si,T-O-T,96
179,Al-O-Si,T-O-T,96
180,Al-O-Si,T-O-T,96
181,Al-O-Si,T-O-T,96
182,Al-O-Si,T-O-T,96
183,Al-O-Si,T-O-T,96
184,Al-O-Si,T-O-T,96
185,Al-O-Si,T-O-T,96
186,Al-O-Si,T-O-T,96
187,Al-O-Si,T-O-T,96
188,Al-O-Si,T-O-T,96
189,Al-O-Si,T-O-T,96
190,Al-O-Si,T-O-T,96
191,Al-O-Si,T-O-T,96
192,Al-O-Si,T-O-T,96
193,Al-O-Si,T-O-T,96
194,Al-O-Si,T-O-T,96
195,Al-O-Si,T-O-T,96
196,Al-O-Si,T-O-T,96
197,Al-O-Si,T-O-T,96
198,Al-O-Si,T-O-T,96
199,Al-O-Si,T-O-T,96
200,Al-O-Si,T-O-T,96
201,Al-O-Si,T-O-T,96
202,Al-O-Si,T-O-T,96
203,Al-O-Si,T-O-T,96
204,Al-O-Si,T-O-T,96
205,Al-O-Si,T-O-T,96
206,Al-O-Si,T-O-T,96
207,Al-O-Si,T-O-T,96
208,Al-O-Si,T-O-T,96
209,Al-O-Si,T-O-T,96
210,Al-O-Si,T-O-T,96
211,Al-O-Si,T-O-T,96
212,Al-O-Si,T-O-T,96
213,Al-O-Si,T-O-T,96
214,Al-O-Si,T-O-T,96
215,Al-O-Si,T-O-T,96
216,Al-O-Si,T-O-T,96
217,Al-O-Si,T-O-T,96
218,Al-O-Si,T-O-T,96
219,Al-O-Si,T-O-T,96
220,Al-O-Si,T-O-T,96
221,Al-O-Si,T-O-T,96
222,Al-O-Si,T-O-T,96
223,Al-O-Si,T-O-T,96
224,Al-O-Si,T-O-T,96
225,Al-O-Si,T-O-T,96
226,Al-O-Si,T-O-T,96
227,Al-O-Si,T-O-T,96
228,Al-O-Si,T-O-T,96
229,Al-O-Si,T-O-T,96
230,Al-O-Si,T-O-T,96
231,Al-O-Si,T-O-T,96
232,Al-O-Si,T-O-T,96
233,Al-O-Si,T-O-T,96
234,Al-O-Si,T-O-T,96
235,Al-O-Si,T-O-T,96
236,Al-O-Si,T-O-T,96
237,Al-O-Si,T-O-T,96
238,Al-O-Si,T-O-T,96
239,Al-O-Si,T-O-T,96
240,Al-O-Si,T-O-T,96
241,Al-O-Si,T-O-T,96
242,Al-O-Si,T-O-T,96
243,Al-O-Si,T-O-T,96
244,Al-O-Si,T-O-T,96
245,Al-O-Si,T-O-T,96
246,Al-O-Si,T-O-T,96
247,Al-O-Si,T-O-T,96
248,Al-O-Si,T-O-T,96
249,Al-O-Si,T-O-T,96
250,Al-O-Si,T-O-T,96
251,Al-O-Si,T-O-T,96
252,Al-O-Si,T-O-T,96
253,Al-O-Si,T-O-T,96
254,Al-O-Si,T-O-T,96
255,Al-O-Si,T-O-T,96
256,Al-O-Si,T-O-T,96
257,Al-O-Si,T-O-T,96
258,Al-O-Si,T-O-T,96
259,Al-O-Si,T-O-T,96
260,Al-O-Si,T-O-T,96
261,Al-O-Si,T-O-T,96
262,Al-O-Si,T-O-T,96
263,Al-O-Si,T-O-T,96
264,Al-O-Si,T-O-T,96
265,Al-O-Si,T-O-T,96
266,Al-O-Si,T-O-T,96
267,Al-O-Si,T-O-T,96
268,Al-O-Si,T-O-T,96
269,Al-O-Si,T-O-T,96
270,Al-O-Si,T-O-T,96
271,Al-O-Si,T-O-T,96
272,Al-O-Si,T-O-T,96
273,Al-O-Si,T-O-T,96
274,Al-O-Si,T-O-T,96
275,Al-O-Si,T-O-T,96
276,Al-O-Si,T-O-T,96
277,Al-O-Si,T-O-T,96
278,Al-O-Si,T-O-T,96
279,Al-O-Si,T-O-T,96
280,Al-O-Si,T-O-T,96
281,Al-O-Si,T-O-T,96
282,Al-O-Si,T-O-T,96
283,Al-O-Si,T-O-T,96
284,Al-O-Si,T-O-T,96
285,Al-O-Si,T-O-T,96
286,Al-O-Si,T-O-T,96
287,Al-O-Si,T-O-T,96
288,Al-O-Si,T-O-T,96
289,Al-O-Si,T-O-T,96
290,Al-O-Si,T-O-T,96
291,Al-O-Si,T-O-T,96
292,Al-O-Si,T-O-T,96
293,Al-O-Si,T-O-T,96
294,Al-O-Si,T-O-T,96
295,Al-O-Si,T-O-T,96
296,Al-O-Si,T-O-T,96
297,Al-O-Si,T-O-T,96
298,Al-O-Si,T-O-T,96
299,Al-O-Si,T-O-T,96
300,Al-O-Si,T-O-T,96
301,Al-O-Si,T-O-T,96
302,Al-O-Si,T-O-T,96
303,Al-O-Si,T-O-T,96
304,Al-O-Si,T-O-T,96
305,Al-O-Si,T-O-T,96
306,Al-O-Si,T-O-T,96
307,Al-O-Si,T-O-T,96
308,Al-O-Si,T-O-T,96
309,Al-O-Si,T-O-T,96
310,Al-O-Si,T-O-T,96
311,Al-O-Si,T-O-T,96
312,Al-O-Si,T-O-T,96
313,Al-O-Si,T-O-T,96
314,Al-O-Si,T-O-T,96
315,Al-O-Si,T-O-T,96
316,Al-O-Si,T-O-T,96
317,Al-O-Si,T-O-T,96
318,Al-O-Si,T-O-T,96
319,Al-O-Si,T-O-T,96
320,Al-O-Si,T-O-T,96
321,Al-O-Si,T-O-T,96
322,Al-O-Si,T-O-T,96
323,Al-O-Si,T-O-T,96
324,Al-O-Si,T-O-T,96
325,Al-O-Si,T-O-T,96
326,Al-O-Si,T-O-T,96
327,Al-O-Si,T-O-T,96
328,Al-O-Si,T-O-T,96
329,Al-O-Si,T-O-T,96
330,Al-O-Si,T-O-T,96
331,Al-O-Si,T-O-T,96
332,Al-O-Si,T-O-T,96
333,Al-O-Si,T-O-T,96
334,Al-O-Si,T-O-T,96
335,Al-O-Si,T-O-T,96
336,Al-O-Si,T-O-T,96
337,Al-O-Si,T-O-T,96
338,Al-O-Si,T-O-T,96
339,Al-O-Si,T-O-T,96
340,Al-O-Si,T-O-T,96
341,Al-O-Si,T-O-T,96
342,Al-O-Si,T-O-T,96
343,Al-O-Si,T-O-T,96
344,Al-O-Si,T-O-T,96
345,Al-O-Si,T-O-T,96
346,Al-O-Si,T-O-T,96
347,Al-O-Si,T-O-T,96
348,Al-O-Si,T-O-T,96
349,Al-O-Si,T-O-T,96
350,Al-O-Si,T-O-T,96
351,Al-O-Si,T-O-T,96
352,Al-O-Si,T-O-T,96
353,Al-O-Si,T-O-T,96
354,Al-O-Si,T-O-T,96
355,Al-O-Si,T-O-T,96
356,Al-O-Si,T-O-T,96
357,Al-O-Si,T-O-T,96
358,Al-O-Si,T-O-T,96
359,Al-O-Si,T-O-T,96
360,Al-O-Si,T-O-T,96
361,Al-O-Si,T-O-T,96
362,Al-O-Si,T-O-T,96
363,Al-O-Si,T-O-T,96
364,Al-O-Si,T-O-T,96
365,Al-O-Si,T-O-T,96
366,Al-O-Si,T-O-T,96
367,Al-O-Si,T-O-T,96
368,Al-O-Si,T-O-T,96
369,Al-O-Si,T-O-T,96
370,Al-O-Si,T-O-T,96
371,Al-O-Si,T-O-T,96
372,Al-O-Si,T-O-T,96
373,Al-O-Si,T-O-T,96
374,Al-O-Si,T-O-T,96
375,Al-O-Si,T-O-T,96
376,Al-O-Si,T-O-T,96
377,Al-O-Si,T-O-T,96
378,Al-O-Si,T-O-T,96
379,Al-O-Si,T-O-T,96
380,Al-O-Si,T-O-T,96
381,Al-O-Si,T-O-T,96
382,Al-O-Si,T-O-T,96
383,Al-O-Si,T-O-T,96
384,Al-O-Si,T-O-T,96
385,Al-O-Si,T-O-T,96
386,Al-O-Si,T-O-T,96
387,Al-O-Si,T-O-T,96
388,Al-O-Si,T-O-T,96
389,Al-O-Si,T-O-T,96
390,Al-O-Si,T-O-T,96
391,Al-O-Si,T-O-T,96
392,Al-O-Si,T-O-T,96
393,Al-O-Si,T-O-T,96
394,Al-O-Si,T-O-T,96
395,Al-O-Si,T-O-T,96
396,Al-O-Si,T-O-T,96
397,Al-O-Si,T-O-T,96
398,Al-O-Si,T-O-T,96
399,Al-O-Si,T-O-T,96
400,Al-O-Si,T-O-T,96
401,Al-O-Si,T-O-T,96
402,Al-O-Si,T-O-T,96
403,Al-O-Si,T-O-T,96
404,Al-O-Si,T-O-T,96
405,Al-O-Si,T-O-T,96
406,Al-O-Si,T-O-T,96
407,Al-O-Si,T-O-T,96
408,Al-O-Si,T-O-T,96
409,Al-O-Si,T-O-T,96
410,Al-O-Si,T-O-T,96
411,Al-O-Si,T-O-T,96
412,Al-O-Si,T-O-T,96
413,Al-O-Si,T-O-T,96
414,Al-O-Si,T-O-T,96
415,Al-O-Si,T-O-T,96
416,Al-O-Si,T-O-T,96
417,Al-O-Si,T-O-T,96
418,Al-O-Si,T-O-T,96
419,Al-O-Si,T-O-T,96
420,Al-O-Si,T-O-T,96
421,Al-O-Si,T-O-T,96
422,Al-O-Si,T-O-T,96
423,Al-O-Si,T-O-T,96
424,Al-O-Si,T-O-T,96
425,Al-O-Si,T-O-T,96
426,Al-O-Si,T-O-T,96
427,Al-O-Si,T-O-T,96
428,Al-O-Si,T-O-T,96
429,Al-O-Si,T-O-T,96
430,Al-O-Si,T-O-T,96
431,Al-O-Si,T-O-T,96
432,Al-O-Si,T-O-T,96
433,Al-O-Si,T-O-T,96
434,Al-O-Si,T-O-T,96
435,Al-O-Si,T-O-T,96
436,Al-O-Si,T-O-T,96
437,Al-O-Si,T-O-T,96
438,Al-O-Si,T-O-T,96
439,Al-O-Si,T-O-T,96
440,Al-O-Si,T-O-T,96
441,Al-O-Si,T-O-T,96
442,Al-O-Si,T-O-T,96
443,Al-O-Si,T-O-T,96
444,Al-O-Si,T-O-T,96
445,Al-O-Si,T-O-T,96
446,Al-O-Si,T-O-T,96
447,Al-O-Si,T-O-T,96
448,Al-O-Si,T-O-T,96
449,Al-O-Si,T-O-T,96
450,Al-O-Si,T-O-T,96
451,Al-O-Si,T-O-T,96
452,Al-O-Si,T-O-T,96
453,Al-O-Si,T-O-T,96
454,Al-O-Si,T-O-T,96
455,Al-O-Si,T-O-T,96
456,Al-O-Si,T-O-T,96
457,Al-O-Si,T-O-T,96
458,Al-O-Si,T-O-T,96
459,Al-O-Si,T-O-T,96
460,Al-O-Si,T-O-T,96
461,Al-O-Si,T-O-T,96
462,Al-O-Si,T-O-T,96
463,Al-O-Si,T-O-T,96
464,Al-O-Si,T-O-T,96
465,Al-O-Si,T-O-T,96
466,Al-O-Si,T-O-T,96
467,Al-O-Si,T-O-T,96
468,Al-O-Si,T-O-T,96
469,Al-O-Si,T-O-T,96
470,Al-O-Si,T-O-T,96
471,Al-O-Si,T-O-T,96
472,Al-O-Si,T-O-T,96
473,Al-O-Si,T-O-T,96
474,Al-O-Si,T-O-T,96
475,Al-O-Si,T-O-T,96
476,Al-O-Si,T-O-T,96
477,Al-O-Si,T-O-T,96
478,Al-O-Si,T-O-T,96
479,Al-O-Si,T-O-T,96
480,Al-O-Si,T-O-T,96
481,Al-O-Si,T-O-T,96
482,Al-O-Si,T-O-T,96
483,Al-O-Si,T-O-T,96
484,Al-O-Si,T-O-T,96
485,Al-O-Si,T-O-T,96
486,Al-O-Si,T-O-T,96
487,Al-O-Si,T-O-T,96
488,Al-O-Si,T-O-T,96
489,Al-O-Si,T-O-T,96
490,Al-O-Si,T-O-T,96
491,Al-O-Si,T-O-T,96
492,Al-O-Si,T-O-T,96
493,Al-O-Si,T-O-T,96
494,Al-O-Si,T-O-T,96
495,Al-O-Si,T-O-T,96
496,Al-O-Si,T-O-T,96
497,Al-O-Si,T-O-T,96
498,Al-O-Si,T-O-T,96
499,Al-O-Si,T-O-T,96
500,Al-O-Si,T-O-T,96
501,Al-O-Si,T-O-T,96
502,Al-O-Si,T-O-T,96
503,Al-O-Si,T-O-T,96
504,Al-O-Si,T-O-T,96
505,Al-O-Si,T-O-T,96
506,Al-O-Si,T-O-T,96
507,Al-O-Si,T-O-T,96
508,Al-O-Si,T-O-T,96
509,Al-O-Si,T-O-T,96
510,Al-O-Si,T-O-T,96
511,Al-O-Si,T-O-T,96
512,Al-O-Si,T-O-T,96
513,Al-O-Si,T-O-T,96
514,Al-O-Si,T-O-T,96
515,Al-O-Si,T-O-T,96
516,Al-O-Si,T-O-T,96
517,Al-O-Si,T-O-T,96
518,Al-O-Si,T-O-T,96
519,Al-O-Si,T-O-T,96
520,Al-O-Si,T-O-T,96
521,Al-O-Si,T-O-T,96
522,Al-O-Si,T-O-T,96
523,Al-O-Si,T-O-T,96
524,Al-O-Si,T-O-T,96
525,Al-O-Si,T-O-T,96
526,Al-O-Si,T-O-T,96
527,Al-O-Si,T-O-T,96
528,Al-O-Si,T-O-T,96
529,Al-O-Si,T-O-T,96
530,Al-O-Si,T-O-T,96
531,Al-O-Si,T-O-T,96
532,Al-O-Si,T-O-T,96
533,Al-O-Si,T-O-T,96
534,Al-O-Si,T-O-T,96
535,Al-O-Si,T-O-T,96
536,Al-O-Si,T-O-T,96
537,Al-O-Si,T-O-T,96
538,Al-O-Si,T-O-T,96
539,Al-O-Si,T-O-T,96
540,Al-O-Si,T-O-T,96
541,Al-O-Si,T-O-T,96
542,Al-O-Si,T-O-T,96
543,Al-O-Si,T-O-T,96
544,Al-O-Si,T-O-T,96
545,Al-O-Si,T-O-T,96
546,Al-O-Si,T-O-T,96
547,Al-O-Si,T-O-T,96
548,Al-O-Si,T-O-T,96
549,Al-O-Si,T-O-T,96
550,Al-O-Si,T-O-T,96
551,Al-O-Si,T-O-T,96
552,Al-O-Si,T-O-T,96
553,Al-O-Si,T-O-T,96
554,Al-O-Si,T-O-T,96
555,Al-O-Si,T-O-T,96
556,Al-O-Si,T-O-T,96
557,Al-O-Si,T-O-T,96
558,Al-O-Si,T-O-T,96
559,Al-O-Si,T-O-T,96
560,Al-O-Si,T-O-T,96
561,Al-O-Si,T-O-T,96
562,Al-O-Si,T-O-T,96
563,Al-O-Si,T-O-T,96
564,Al-O-Si,T-O-T,96
565,Al-O-Si,T-O-T,96
566,Al-O-Si,T-O-T,96
567,Al-O-Si,T-O-T,96
568,Al-O-Si,T-O-T,96
569,Al-O-Si,T-O-T,96
570,Al-O-Si,T-O-T,96
571,Al-O-Si,T-O-T,96
572,Al-O-Si,T-O-T,96
573,Al-O-Si,T-O-T,96
574,Al-O-Si,T-O-T,96
575,Al-O-Si,T-O-T,96
576,Al-O-Si,T-O-T,96
577,Al-O-Si,T-O-T,96
578,Al-O-Si,T-O-T,96
579,Al-O-Si,T-O-T,96
580,Al-O-Si,T-O-T,96
581,Al-O-Si,T-O-T,96
582,Al-O-Si,T-O-T,96
583,Al-O-Si,T-O-T,96
584,Al-O-Si,T-O-T,96
585,Al-O-Si,T-O-T,96
586,Al-O-Si,T-O-T,96
587,Al-O-Si,T-O-T,96
588,Al-O-Si,T-O-T,96
589,Al-O-Si,T-O-T,96
590,Al-O-Si,T-O-T,96
591,Al-O-Si,T-O-T,96
592,Al-O-Si,T-O-T,96
593,Al-O-Si,T-O-T,96
594,Al-O-Si,T-O-T,96
595,Al-O-Si,T-O-T,96
596,Al-O-Si,T-O-T,96
597,Al-O-Si,T-O-T,96
598,Al-O-Si,T-O-T,96
599,Al-O-Si,T-O-T,96
600,Al-O-Si,T-O-T,96
601,Al-O-Si,T-O-T,96
602,Al-O-Si,T-O-T,96
603,Al-O-Si,T-O-T,96
604,Al-O-Si,T-O-T,96
605,Al-O-Si,T-O-T,96
606,Al-O-Si,T-O-T,96
607,Al-O-Si,T-O-T,96
608,Al-O-Si,T-O-T,96
609,Al-O-Si,T-O-T,96
610,Al-O-Si,T-O-T,96
611,Al-O-Si,T-O-T,96
612,Al-O-Si,T-O-T,96
613,Al-O-Si,T-O-T,96
614,Al-O-Si,T-O-T,96
615,Al-O-Si,T-O-T,96
616,Al-O-Si,T-O-T,96
617,Al-O-Si,T-O-T,96
618,Al-O-Si,T-O-T,96
619,Al-O-Si,T-O-T,96
620,Al-O-Si,T-O-T,96
621,Al-O-Si,T-O-T,96
622,Al-O-Si,T-O-T,96
623,Al-O-Si,T-O-T,96
624,Al-O-Si,T-O-T,96
625,Al-O-Si,T-O-T,96
626,Al-O-Si,T-O-T,96
627,Al-O-Si,T-O-T,96
628,Al-O-Si,T-O-T,96
629,Al-O-Si,T-O-T,96
630,Al-O-Si,T-O-T,96
631,Al-O-Si,T-O-T,96
632,Al-O-Si,T-O-T,96
633,Al-O-Si,T-O-T,96
634,Al-O-Si,T-O-T,96
635,Al-O-Si,T-O-T,96
636,Al-O-Si,T-O-T,96
637,Al-O-Si,T-O-T,96
638,Al-O-Si,T-O-T,96
639,Al-O-Si,T-O-T,96
640,Al-O-Si,T-O-T,96
641,Al-O-Si,T-O-T,96
642,Al-O-Si,T-O-T,96
643,Al-O-Si,T-O-T,96
644,Al-O-Si,T-O-T,96
645,Al-O-Si,T-O-T,96
646,Al-O-Si,T-O-T,96
647,Al-O-Si,T-O-T,96
648,Al-O-Si,T-O-T,96
649,Al-O-Si,T-O-T,96
650,Al-O-Si,T-O-T,96
651,Al-O-Si,T-O-T,96
652,Al-O-Si,T-O-T,96
653,Al-O-Si,T-O-T,96
654,Al-O-Si,T-O-T,96
655,Al-O-Si,T-O-T,96
656,Al-O-Si,T-O-T,96
657,Al-O-Si,T-O-T,96
658,Al-O-Si,T-O-T,96
659,Al-O-Si,T-O-T,96
660,Al-O-Si,T-O-T,96
661,Al-O-Si,T-O-T,96
662,Al-O-Si,T-O-T,96
663,Al-O-Si,T-O-T,96
664,Al-O-Si,T-O-T,96
665,Al-O-Si,T-O-T,96
666,Al-O-Si,T-O-T,96
667,Al-O-Si,T-O-T,96
668,Al-O-Si,T-O-T,96
669,Al-O-Si,T-O-T,96
670,Al-O-Si,T-O-T,96
671,Al-O-Si,T-O-T,96
672,Al-O-Si,T-O-T,96
673,Al-O-Si,T-O-T,96
674,Al-O-Si,T-O-T,96
675,Al-O-Si,T-O-T,96
676,Al-O-Si,T-O-T,96
677,Al-O-Si,T-O-T,96
678,Al-O-Si,T-O-T,96
679,Al-O-Si,T-O-T,96
680,Al-O-Si,T-O-T,96
681,Al-O-Si,T-O-T,96
682,Al-O-Si,T-O-T,96
683,Al-O-Si,T-O-T,96
684,Al-O-Si,T-O-T,96
685,Al-O-Si,T-O-T,96
686,Al-O-Si,T-O-T,96
687,Al-O-Si,T-O-T,96
688,Al-O-Si,T-O-T,96
689,Al-O-Si,T-O-T,96
690,Al-O-Si,T-O-T,96
691,Al-O-Si,T-O-T,96
692,Al-O-Si,T-O-T,96
693,Al-O-Si,T-O-T,96
694,Al-O-Si,T-O-T,96
695,Al-O-Si,T-O-T,96
696,Al-O-Si,T-O-T,96
697,Al-O-Si,T-O-T,96
698,Al-O-Si,T-O-T,96
699,Al-O-Si,T-O-T,96
700,Al-O-Si,T-O-T,96
701,Al-O-Si,T-O-T,96
702,Al-O-Si,T-O-T,96
703,Al-O-Si,T-O-T,96
704,Al-O-Si,T-O-T,96
705,Al-O-Si,T-O-T,96
706,Al-O-Si,T-O-T,96
707,Al-O-Si,T-O-T,96
708,Al-O-Si,T-O-T,96
709,Al-O-Si,T-O-T,96
710,Al-O-Si,T-O-T,96
711,Al-O-Si,T-O-T,96
712,Al-O-Si,T-O-T,96
713,Al-O-Si,T-O-T,96
714,Al-O-Si,T-O-T,96
715,Al-O-Si,T-O-T,96
716,Al-O-Si,T-O-T,96
717,Al-O-Si,T-O-T,96
718,Al-O-Si,T-O-T,96
719,Al-O-Si,T-O-T,96
720,Al-O-Si,T-O-T,96
721,Al-O-Si,T-O-T,96
722,Al-O-Si,T-O-T,96
723,Al-O-Si,T-O-T,96
724,Al-O-Si,T-O-T,96
725,Al-O-Si,T-O-T,96
726,Al-O-Si,T-O-T,96
727,Al-O-Si,T-O-T,96
728,Al-O-Si,T-O-T,96
729,Al-O-Si,T-O-T,96
730,Al-O-Si,T-O-T,96
731,Al-O-Si,T-O-T,96
732,Al-O-Si,T-O-T,96
733,Al-O-Si,T-O-T,96
734,Al-O-Si,T-O-T,96
735,Al-O-Si,T-O-T,96
736,Al-O-Si,T-O-T,96
737,Al-O-Si,T-O-T,96
738,Al-O-Si,T-O-T,96
739,Al-O-Si,T-O-T,96
740,Al-O-Si,T-O-T,96
741,Al-O-Si,T-O-T,96
742,Al-O-Si,T-O-T,96
743,Al-O-Si,T-O-T,96
744,Al-O-Si,T-O-T,96
745,Al-O-Si,T-O-T,96
746,Al-O-Si,T-O-T,96
747,Al-O-Si,T-O-T,96
748,Al-O-Si,T-O-T,96
749,Al-O-Si,T-O-T,96
750,Al-O-Si,T-O-T,96
751,Al-O-Si,T-O-T,96
752,Al-O-Si,T-O-T,96
753,Al-O-Si,T-O-T,96
754,Al-O-Si,T-O-T,96
755,Al-O-Si,T-O-T,96
756,Al-O-Si,T-O-T,96
757,Al-O-Si,T-O-T,96
758,Al-O-Si,T-O-T,96
759,Al-O-Si,T-O-T,96
760,Al-O-Si,T-O-T,96
761,Al-O-Si,T-O-T,96
762,Al-O-Si,T-O-T,96
763,Al-O-Si,T-O-T,96
764,Al-O-Si,T-O-T,96
765,Al-O-Si,T-O-T,96
766,Al-O-Si,T-O-T,96
767,Al-O-Si,T-O-T,96
768,Al-O-Si,T-O-T,96
769,Al-O-Si,T-O-T,96
770,Al-O-Si,T-O-T,96
771,Al-O-Si,T-O-T,96
772,Al-O-Si,T-O-T,96
773,Al-O-Si,T-O-T,96
774,Al-O-Si,T-O-T,96
775,Al-O-Si,T-O-T,96
776,Al-O-Si,T-O-T,96
777,Al-O-Si,T-O-T,96
778,Al-O-Si,T-O-T,96
779,Al-O-Si,T-O-T,96
780,Al-O-Si,T-O-T,96
781,Al-O-Si,T-O-T,96
782,Al-O-Si,T-O-T,96
783,Al-O-Si,T-O-T,96
784,Al-O-Si,T-O-T,96
785,Al-O-Si,T-O-T,96
786,Al-O-Si,T-O-T,96
787,Al-O-Si,T-O-T,96
788,Al-O-Si,T-O-T,96
789,Al-O-Si,T-O-T,96
790,Al-O-Si,T-O-T,96
791,Al-O-Si,T-O-T,96
792,Al-O-Si,T-O-T,96
793,Al-O-Si,T-O-T,96
794,Al-O-Si,T-O-T,96
795,Al-O-Si,T-O-T,96
796,Al-O-Si,T-O-T,96
797,Al-O-Si,T-O-T,96
798,Al-O-Si,T-O-T,96
799,Al-O-Si,T-O-T,96
800,Al-O-Si,T-O-T,96
801,Al-O-Si,T-O-T,96
802,Al-O-Si,T-O-T,96
803,Al-O-Si,T-O-T,96
804,Al-O-Si,T-O-T,96
805,Al-O-Si,T-O-T,96
806,Al-O-Si,T-O-T,96
807,Al-O-Si,T-O-T,96
808,Al-O-Si,T-O-T,96
809,Al-O-Si,T-O-T,96
810,Al-O-Si,T-O-T,96
811,Al-O-Si,T-O-T,96
812,Al-O-Si,T-O-T,96
813,Al-O-Si,T-O-T,96
814,Al-O-Si,T-O-T,96
815,Al-O-Si,T-O-T,96
816,Al-O-Si,T-O-T,96
817,Al-O-Si,T-O-T,96
818,Al-O-Si,T-O-T,96
819,Al-O-Si,T-O-T,96
820,Al-O-Si,T-O-T,96
821,Al-O-Si,T-O-T,96
822,Al-O-Si,T-O-T,96
823,Al-O-Si,T-O-T,96
824,Al-O-Si,T-O-T,96
825,Al-O-Si,T-O-T,96
826,Al-O-Si,T-O-T,96
827,Al-O-Si,T-O-T,96
828,Al-O-Si,T-O-T,96
829,Al-O-Si,T-O-T,96
830,Al-O-Si,T-O-T,96
831,Al-O-Si,T-O-T,96
832,Al-O-Si,T-O-T,96
833,Al-O-Si,T-O-T,96
834,Al-O-Si,T-O-T,96
835,Al-O-Si,T-O-T,96
836,Al-O-Si,T-O-T,96
837,Al-O-Si,T-O-T,96
838,Al-O-Si,T-O-T,96
839,Al-O-Si,T-O-T,96
840,Al-O-Si,T-O-T,96
841,Al-O-Si,T-O-T,96
842,Al-O-Si,T-O-T,96
843,Al-O-Si,T-O-T,96
844,Al-O-Si,T-O-T,96
845,Al-O-Si,T-O-T,96
846,Al-O-Si,T-O-T,96
847,Al-O-Si,T-O-T,96
848,Al-O-Si,T-O-T,96
849,Al-O-Si,T-O-T,96
850,Al-O-Si,T-O-T,96
851,Al-O-Si,T-O-T,96
852,Al-O-Si,T-O-T,96
853,Al-O-Si,T-O-T,96
854,Al-O-Si,T-O-T,96
855,Al-O-Si,T-O-T,96
856,Al-O-Si,T-O-T,96
857,Al-O-Si,T-O-T,96
858,Al-O-Si,T-O-T,96
859,Al-O-Si,T-O-T,96
860,Al-O-Si,T-O-T,96
861,Al-O-Si,T-O-T,96
862,Al-O-Si,T-O-T,96
863,Al-O-Si,T-O-T,96
864,Al-O-Si,T-O-T,96
865,Al-O-Si,T-O-T,96
866,Al-O-Si,T-O-T,96
867,Al-O-Si,T-O-T,96
868,Al-O-Si,T-O-T,96
869,Al-O-Si,T-O-T,96
870,Al-O-Si,T-O-T,96
871,Al-O-Si,T-O-T,96
872,Al-O-Si,T-O-T,96
873,Al-O-Si,T-O-T,96
874,Al-O-Si,T-O-T,96
875,Al-O-Si,T-O-T,96
876,Al-O-Si,T-O-T,96
877,Al-O-Si,T-O-T,96
878,Al-O-Si,T-O-T,96
879,Al-O-Si,T-O-T,96
880,Al-O-Si,T-O-T,96
881,Al-O-Si,T-O-T,96
882,Al-O-Si,T-O-T,96
883,Al-O-Si,T-O-T,96
884,Al-O-Si,T-O-T,96
885,Al-O-Si,T-O-T,96
886,Al-O-Si,T-O-T,96
887,Al-O-Si,T-O-T,96
888,Al-O-Si,T-O-T,96
889,Al-O-Si,T-O-T,96
890,Al-O-Si,T-O-T,96
891,Al-O-Si,T-O-T,96
892,Al-O-Si,T-O-T,96
893,Al-O-Si,T-O-T,96
894,Al-O-Si,T-O-T,96
895,Al-O-Si,T-O-T,96
896,Al-O-Si,T-O-T,96
897,Al-O-Si,T-O-T,96
898,Al-O-Si,T-O-T,96
899,Al-O-Si,T-O-T,96
900,Al-O-Si,T-O-T,96
901,Al-O-Si,T-O-T,96
902,Al-O-Si,T-O-T,96
903,Al-O-Si,T-O-T,96
904,Al-O-Si,T-O-T,96
905,Al-O-Si,T-O-T,96
906,Al-O-Si,T-O-T,96
907,Al-O-Si,T-O-T,96
908,Al-O-Si,T-O-T,96
909,Al-O-Si,T-O-T,96
910,Al-O-Si,T-O-T,96
911,Al-O-Si,T-O-T,96
912,Al-O-Si,T-O-T,96
913,Al-O-Si,T-O-T,96
914,Al-O-Si,T-O-T,96
915,Al-O-Si,T-O-T,96
916,Al-O-Si,T-O-T,96
917,Al-O-Si,T-O-T,96
918,Al-O-Si,T-O-T,96
919,Al-O-Si,T-O-T,96
920,Al-O-Si,T-O-T,96
921,Al-O-Si,T-O-T,96
922,Al-O-Si,T-O-T,96
923,Al-O-Si,T-O-T,96
924,Al-O-Si,T-O-T,96
925,Al-O-Si,T-O-T,96
926,Al-O-Si,T-O-T,96
927,Al-O-Si,T-O-T,96
928,Al-O-Si,T-O-T,96
929,Al-O-Si,T-O-T,96
930,Al-O-Si,T-O-T,96
931,Al-O-Si,T-O-T,96
932,Al-O-Si,T-O-T,96
933,Al-O-Si,T-O-T,96
934,Al-O-Si,T-O-T,96
935,Al-O-Si,T-O-T,96
936,Al-O-Si,T-O-T,96
937,Al-O-Si,T-O-T,96
938,Al-O-Si,T-O-T,96
939,Al-O-Si,T-O-T,96
940,Al-O-Si,T-O-T,96
941,Al-O-Si,T-O-T,96
942,Al-O-Si,T-O-T,96
943,Al-O-Si,T-O-T,96
944,Al-O-Si,T-O-T,96
945,Al-O-Si,T-O-T,96
946,Al-O-Si,T-O-T,96
947,Al-O-Si,T-O-T,96
948,Al-O-Si,T-O-T,96
949,Al-O-Si,T-O-T,96
950,Al-O-Si,T-O-T,96
951,Al-O-Si,T-O-T,96
952,Al-O-Si,T-O-T,96
953,Al-O-Si,T-O-T,96
954,Al-O-Si,T-O-T,96
955,Al-O-Si,T-O-T,96
956,Al-O-Si,T-O-T,96
957,Al-O-Si,T-O-T,96
958,Al-O-Si,T-O-T,96
959,Al-O-Si,T-O-T,96
960,Al-O-Si,T-O-T,96
961,Al-O-Si,T-O-T,96
962,Al-O-Si,T-O-T,96
963,Al-O-Si,T-O-T,96
964,Al-O-Si,T-O-T,96
965,Al-O-Si,T-O-T,96
966,Al-O-Si,T-O-T,96
967,Al-O-Si,T-O-T,96
968,Al-O-Si,T-O-T,96
969,Al-O-Si,T-O-T,96
970,Al-O-Si,T-O-T,96
971,Al-O-Si,T-O-T,96
972,Al-O-Si,T-O-T,96
973,Al-O-Si,T-O-T,96
974,Al-O-Si,T-O-T,96
975,Al-O-Si,T-O-T,96
976,Al-O-Si,T-O-T,96
977,Al-O-Si,T-O-T,96
978,Al-O-Si,T-O-T,96
979,Al-O-Si,T-O-T,96
980,Al-O-Si,T-O-T,96
981,Al-O-Si,T-O-T,96
982,Al-O-Si,T-O-T,96
983,Al-O-Si,T-O-T,96
984,Al-O-Si,T-O-T,96
985,Al-O-Si,T-O-T,96
986,Al-O-Si,T-O-T,96
987,Al-O-Si,T-O-T,96
988,Al-O-Si,T-O-T,96
989,Al-O-Si,T-O-T,96
990,Al-O-Si,T-O-T,96
991,Al-O-Si,T-O-T,96
992,Al-O-Si,T-O-T,96
993,Al-O-Si,T-O-T,96
994,Al-O-Si,T-O-T,96
995,Al-O-Si,T-O-T,96
996,Al-O-Si,T-O-T,96
997,Al-O-Si,T-O-T,96
998,Al-O-Si,T-O-T,96
999,Al-O-Si,T-O-T,96
1000,Al-O-Si,T-O-T,96
1001,Al-O-Si,T-O-T,96
1002,Al-O-Si,T-O-T,96
1003,Al-O-Si,T-O-T,96
1004,Al-O-Si,T-O-T,96
1005,Al-O-Si,T-O-T,96
1006,Al-O-Si,T-O-T,96
1007,Al-O-Si,T-O-T,96
1008,Al-O-Si,T-O-T,96
1009,Al-O-Si,T-O-T,96
1010,Al-O-Si,T-O-T,96
1011,Al-O-Si,T-O-T,96
1012,Al-O-Si,T-O-T,96
1013,Al-O-Si,T-O-T,96
1014,Al-O-Si,T-O-T,96
1015,Al-O-Si,T-O-T,96
1016,Al-O-Si,T-O-T,96
1017,Al-O-Si,T-O-T,96
1018,Al-O-Si,T-O-T,96
1019,Al-O-Si,T-O-T,96
1020,Al-O-Si,T-O-T,96
1021,Al-O-Si,T-O-T,96
1022,Al-O-Si,T-O-T,96
1023,Al-O-Si,T-O-T,96
1024,Al-O-Si,T-O-T,96
1025,Al-O-Si,T-O-T,96
1026,Al-O-Si,T-O-T,96
1027,Al-O-Si,T-O-T,96
1028,Al-O-Si,T-O-T,96
1029,Al-O-Si,T-O-T,96
1030,Al-O-Si,T-O-T,96
1031,Al-O-Si,T-O-T,96
1032,Al-O-Si,T-O-T,96
1033,Al-O-Si,T-O-T,96
1034,Al-O-Si,T-O-T,96
1035,Al-O-Si,T-O-T,96
1036,Al-O-Si,T-O-T,96
1037,Al-O-Si,T-O-T,96
1038,Al-O-Si,T-O-T,96
1039,Al-O-Si,T-O-T,96
1040,Al-O-Si,T-O-T,96
1041,Al-O-Si,T-O-T,96
1042,Al-O-Si,T-O-T,96
1043,Al-O-Si,T-O-T,96
1044,Al-O-Si,T-O-T,96
1045,Al-O-Si,T-O-T,96
1046,Al-O-Si,T-O-T,96
1047,Al-O-Si,T-O-T,96
1048,Al-O-Si,T-O-T,96
1049,Al-O-Si,T-O-T,96
1050,Al-O-Si,T-O-T,96
1051,Al-O-Si,T-O-T,96
1052,Al-O-Si,T-O-T,96
1053,Al-O-Si,T-O-T,96
1054,Al-O-Si,T-O-T,96
1055,Al-O-Si,T-O-T,96
1056,Al-O-Si,T-O-T,96
1057,Al-O-Si,T-O-T,96
1058,Al-O-Si,T-O-T,96
1059,Al-O-Si,T-O-T,96
1060,Al-O-Si,T-O-T,96
1061,Al-O-Si,T-O-T,96
1062,Al-O-Si,T-O-T,96
1063,Al-O-Si,T-O-T,96
1064,Al-O-Si,T-O-T,96
1065,Al-O-Si,T-O-T,96
1066,Al-O-Si,T-O-T,96
1067,Al-O-Si,T-O-T,96
1068,Al-O-Si,T-O-T,96
1069,Al-O-Si,T-O-T,96
1070,Al-O-Si,T-O-T,96
1071,Al-O-Si,T-O-T,96
1072,Al-O-Si,T-O-T,96
1073,Al-O-Si,T-O-T,96
1074,Al-O-Si,T-O-T,96
1075,Al-O-Si,T-O-T,96
1076,Al-O-Si,T-O-T,96
1077,Al-O-Si,T-O-T,96
1078,Al-O-Si,T-O-T,96
1079,Al-O-Si,T-O-T,96
1080,Al-O-Si,T-O-T,96
1081,Al-O-Si,T-O-T,96
1082,Al-O-Si,T-O-T,96
1083,Al-O-Si,T-O-T,96
1084,Al-O-Si,T-O-T,96
1085,Al-O-Si,T-O-T,96
1086,Al-O-Si,T-O-T,96
1087,Al-O-Si,T-O-T,96
1088,Al-O-Si,T-O-T,96
1089,Al-O-Si,T-O-T,96
1090,Al-O-Si,T-O-T,96
1091,Al-O-Si,T-O-T,96
1092,Al-O-Si,T-O-T,96
1093,Al-O-Si,T-O-T,96
1094,Al-O-Si,T-O-T,96
1095,Al-O-Si,T-O-T,96
1096,Al-O-Si,T-O-T,96
1097,Al-O-Si,T-O-T,96
1098,Al-O-Si,T-O-T,96
1099,Al-O-Si,T-O-T,96
1100,Al-O-Si,T-O-T,96
1101,Al-O-Si,T-O-T,96
1102,Al-O-Si,T-O-T,96
1103,Al-O-Si,T-O-T,96
1104,Al-O-Si,T-O-T,96
1105,Al-O-Si,T-O-T,96
1106,Al-O-Si,T-O-T,96
1107,Al-O-Si,T-O-T,96
1108,Al-O-Si,T-O-T,96
1109,Al-O-Si,T-O-T,96
1110,Al-O-Si,T-O-T,96
1111,Al-O-Si,T-O-T,96
1112,Al-O-Si,T-O-T,96
1113,Al-O-Si,T-O-T,96
1114,Al-O-Si,T-O-T,96
1115,Al-O-Si,T-O-T,96
1116,Al-O-Si,T-O-T,96
1117,Al-O-Si,T-O-T,96
1118,Al-O-Si,T-O-T,96
1119,Al-O-Si,T-O-T,96
1120,Al-O-Si,T-O-T,96
1121,Al-O-Si,T-O-T,96
1122,Al-O-Si,T-O-T,96
1123,Al-O-Si,T-O-T,96
1124,Al-O-Si,T-O-T,96
1125,Al-O-Si,T-O-T,96
1126,Al-O-Si,T-O-T,96
1127,Al-O-Si,T-O-T,96
1128,Al-O-Si,T-O-T,96
1129,Al-O-Si,T-O-T,96
1130,Al-O-Si,T-O-T,96
1131,Al-O-Si,T-O-T,96
1132,Al-O-Si,T-O-T,96
1133,Al-O-Si,T-O-T,96
1134,Al-O-Si,T-O-T,96
1135,Al-O-Si,T-O-T,96
1136,Al-O-Si,T-O-T,96
1137,Al-O-Si,T-O-T,96
1138,Al-O-Si,T-O-T,96
1139,Al-O-Si,T-O-T,96
1140,Al-O-Si,T-O-T,96
1141,Al-O-Si,T-O-T,96
1142,Al-O-Si,T-O-T,96
1143,Al-O-Si,T-O-T,96
1144,Al-O-Si,T-O-T,96
1145,Al-O-Si,T-O-T,96
1146,Al-O-Si,T-O-T,96
1147,Al-O-Si,T-O-T,96
1148,Al-O-Si,T-O-T,96
1149,Al-O-Si,T-O-T,96
1150,Al-O-Si,T-O-T,96
1151,Al-O-Si,T-O-T,96
1152,Al-O-Si,T-O-T,96
1153,Al-O-Si,T-O-T,96
1154,Al-O-Si,T-O-T,96
1155,Al-O-Si,T-O-T,96
1156,Al-O-Si,T-O-T,96
1157,Al-O-Si,T-O-T,96
1158,Al-O-Si,T-O-T,96
1159,Al-O-Si,T-O-T,96
1160,Al-O-Si,T-O-T,96
1161,Al-O-Si,T-O-T,96
1162,Al-O-Si,T-O-T,96
1163,Al-O-Si,T-O-T,96
1164,Al-O-Si,T-O-T,96
1165,Al-O-Si,T-O-T,96
1166,Al-O-Si,T-O-T,96
1167,Al-O-Si,T-O-T,96
1168,Al-O-Si,T-O-T,96
1169,Al-O-Si,T-O-T,96
1170,Al-O-Si,T-O-T,96
1171,Al-O-Si,T-O-T,96
1172,Al-O-Si,T-O-T,96
1173,Al-O-Si,T-O-T,96
1174,Al-O-Si,T-O-T,96
1175,Al-O-Si,T-O-T,96
1176,Al-O-Si,T-O-T,96
1177,Al-O-Si,T-O-T,96
1178,Al-O-Si,T-O-T,96
1179,Al-O-Si,T-O-T,96
1180,Al-O-Si,T-O-T,96
1181,Al-O-Si,T-O-T,96
1182,Al-O-Si,T-O-T,96
1183,Al-O-Si,T-O-T,96
1184,Al-O-Si,T-O-T,96
1185,Al-O-Si,T-O-T,96
1186,Al-O-Si,T-O-T,96
1187,Al-O-Si,T-O-T,96
1188,Al-O-Si,T-O-T,96
1189,Al-O-Si,T-O-T,96
1190,Al-O-Si,T-O-T,96
1191,Al-O-Si,T-O-T,96
1192,Al-O-Si,T-O-T,96
1193,Al-O-Si,T-O-T,96
1194,Al-O-Si,T-O-T,96
1195,Al-O-Si,T-O-T,96
1196,Al-O-Si,T-O-T,96
1197,Al-O-Si,T-O-T,96
1198,Al-O-Si,T-O-T,96
1199,Al-O-Si,T-O-T,96
1200,Al-O-Si,T-O-T,96
1201,Al-O-Si,T-O-T,96
1202,Al-O-Si,T-O-T,96
1203,Al-O-Si,T-O-T,96
1204,Al-O-Si,T-O-T,96
1205,Al-O-Si,T-O-T,96
1206,Al-O-Si,T-O-T,96
1207,Al-O-Si,T-O-T,96
1208,Al-O-Si,T-O-T,96
1209,Al-O-Si,T-O-T,96
1210,Al-O-Si,T-O-T,96
1211,Al-O-Si,T-O-T,96
1212,Al-O-Si,T-O-T,96
1213,Al-O-Si,T-O-T,96
1214,Al-O-Si,T-O-T,96
1215,Al-O-Si,T-O-T,96
1216,Al-O-Si,T-O-T,96
1217,Al-O-Si,T-O-T,96
1218,Al-O-Si,T-O-T,96
1219,Al-O-Si,T-O-T,96
1220,Al-O-Si,T-O-T,96
1221,Al-O-Si,T-O-T,96
1222,Al-O-Si,T-O-T,96
1223,Al-O-Si,T-O-T,96
1224,Al-O-Si,T-O-T,96
1225,Al-O-Si,T-O-T,96
1226,Al-O-Si,T-O-T,96
1227,Al-O-Si,T-O-T,96
1228,Al-O-Si,T-O-T,96
1229,Al-O-Si,T-O-T,96
1230,Al-O-Si,T-O-T,96
1231,Al-O-Si,T-O-T,96
1232,Al-O-Si,T-O-T,96
1233,Al-O-Si,T-O-T,96
1234,Al-O-Si,T-O-T,96
1235,Al-O-Si,T-O-T,96
1236,Al-O-Si,T-O-T,96
1237,Al-O-Si,T-O-T,96
1238,Al-O-Si,T-O-T,96
1239,Al-O-Si,T-O-T,96
1240,Al-O-Si,T-O-T,96
1241,Al-O-Si,T-O-T,96
1242,Al-O-Si,T-O-T,96
1243,Al-O-Si,T-O-T,96
1244,Al-O-Si,T-O-T,96
1245,Al-O-Si,T-O-T,96
1246,Al-O-Si,T-O-T,96
1247,Al-O-Si,T-O-T,96
1248,Al-O-Si,T-O-T,96
1249,Al-O-Si,T-O-T,96
1250,Al-O-Si,T-O-T,96
1251,Al-O-Si,T-O-T,96
1252,Al-O-Si,T-O-T,96
1253,Al-O-Si,T-O-T,96
1254,Al-O-Si,T-O-T,96
1255,Al-O-Si,T-O-T,96
1256,Al-O-Si,T-O-T,96
1257,Al-O-Si,T-O-T,96
1258,Al-O-Si,T-O-T,96
1259,Al-O-Si,T-O-T,96
1260,Al-O-Si,T-O-T,96
1261,Al-O-Si,T-O-T,96
1262,Al-O-Si,T-O-T,96
1263,Al-O-Si,T-O-T,96
1264,Al-O-Si,T-O-T,96
1265,Al-O-Si,T-O-T,96
1266,Al-O-Si,T-O-T,96
1267,Al-O-Si,T-O-T,96
1268,Al-O-Si,T-O-T,96
1269,Al-O-Si,T-O-T,96
1270,Al-O-Si,T-O-T,96
1271,Al-O-Si,T-O-T,96
1272,Al-O-Si,T-O-T,96
1273,Al-O-Si,T-O-T,96
1274,Al-O-Si,T-O-T,96
1275,Al-O-Si,T-O-T,96
1276,Al-O-Si,T-O-T,96
1277,Al-O-Si,T-O-T,96
1278,Al-O-Si,T-O-T,96
1279,Al-O-Si,T-O-T,96
1280,Al-O-Si,T-O-T,96
1281,Al-O-Si,T-O-T,96
1282,Al-O-Si,T-O-T,96
1283,Al-O-Si,T-O-T,96
1284,Al-O-Si,T-O-T,96
1285,Al-O-Si,T-O-T,96
1286,Al-O-Si,T-O-T,96
1287,Al-O-Si,T-O-T,96
1288,Al-O-Si,T-O-T,96
1289,Al-O-Si,T-O-T,96
1290,Al-O-Si,T-O-T,96
1291,Al-O-Si,T-O-T,96
1292,Al-O-Si,T-O-T,96
1293,Al-O-Si,T-O-T,96
1294,Al-O-Si,T-O-T,96
1295,Al-O-Si,T-O-T,96
1296,Al-O-Si,T-O-T,96
1297,Al-O-Si,T-O-T,96
1298,Al-O-Si,T-O-T,96
1299,Al-O-Si,T-O-T,96
1300,Al-O-Si,T-O-T,96
1301,Al-O-Si,T-O-T,96
1302,Al-O-Si,T-O-T,96
1303,Al-O-Si,T-O-T,96
1304,Al-O-Si,T-O-T,96
1305,Al-O-Si,T-O-T,96
1306,Al-O-Si,T-O-T,96
1307,Al-O-Si,T-O-T,96
1308,Al-O-Si,T-O-T,96
1309,Al-O-Si,T-O-T,96
1310,Al-O-Si,T-O-T,96
1311,Al-O-Si,T-O-T,96
1312,Al-O-Si,T-O-T,96
1313,Al-O-Si,T-O-T,96
1314,Al-O-Si,T-O-T,96
1315,Al-O-Si,T-O-T,96
1316,Al-O-Si,T-O-T,96
1317,Al-O-Si,T-O-T,96
1318,Al-O-Si,T-O-T,96
1319,Al-O-Si,T-O-T,96
1320,Al-O-Si,T-O-T,96
1321,Al-O-Si,T-O-T,96
1322,Al-O-Si,T-O-T,96
1323,Al-O-Si,T-O-T,96
1324,Al-O-Si,T-O-T,96
1325,Al-O-Si,T-O-T,96
1326,Al-O-Si,T-O-T,96
1327,Al-O-Si,T-O-T,96
1328,Al-O-Si,T-O-T,96
1329,Al-O-Si,T-O-T,96
1330,Al-O-Si,T-O-T,96
1331,Al-O-Si,T-O-T,96
1332,Al-O-Si,T-O-T,96
1333,Al-O-Si,T-O-T,96
1334,Al-O-Si,T-O-T,96
1335,Al-O-Si,T-O-T,96
1336,Al-O-Si,T-O-T,96
1337,Al-O-Si,T-O-T,96
1338,Al-O-Si,T-O-T,96
1339,Al-O-Si,T-O-T,96
1340,Al-O-Si,T-O-T,96
1341,Al-O-Si,T-O-T,96
1342,Al-O-Si,T-O-T,96
1343,Al-O-Si,T-O-T,96
1344,Al-O-Si,T-O-T,96
1345,Al-O-Si,T-O-T,96
1346,Al-O-Si,T-O-T,96
1347,Al-O-Si,T-O-T,96
1348,Al-O-Si,T-O-T,96
1349,Al-O-Si,T-O-T,96
1350,Al-O-Si,T-O-T,96
1351,Al-O-Si,T-O-T,96
1352,Al-O-Si,T-O-T,96
1353,Al-O-Si,T-O-T,96
1354,Al-O-Si,T-O-T,96
1355,Al-O-Si,T-O-T,96
1356,Al-O-Si,T-O-T,96
1357,Al-O-Si,T-O-T,96
1358,Al-O-Si,T-O-T,96
1359,Al-O-Si,T-O-T,96
1360,Al-O-Si,T-O-T,96
1361,Al-O-Si,T-O-T,96
1362,Al-O-Si,T-O-T,96
1363,Al-O-Si,T-O-T,96
1364,Al-O-Si,T-O-T,96
1365,Al-O-Si,T-O-T,96
1366,Al-O-Si,T-O-T,96
1367,Al-O-Si,T-O-T,96
1368,Al-O-Si,T-O-T,96
1369,Al-O-Si,T-O-T,96
1370,Al-O-Si,T-O-T,96
1371,Al-O-Si,T-O-T,96
1372,Al-O-Si,T-O-T,96
1373,Al-O-Si,T-O-T,96
1374,Al-O-Si,T-O-T,96
1375,Al-O-Si,T-O-T,96
1376,Al-O-Si,T-O-T,96
1377,Al-O-Si,T-O-T,96
1378,Al-O-Si,T-O-T,96
1379,Al-O-Si,T-O-T,96
1380,Al-O-Si,T-O-T,96
1381,Al-O-Si,T-O-T,96
1382,Al-O-Si,T-O-T,96
1383,Al-O-Si,T-O-T,96
1384,Al-O-Si,T-O-T,96
1385,Al-O-Si,T-O-T,96
1386,Al-O-Si,T-O-T,96
1387,Al-O-Si,T-O-T,96
1388,Al-O-Si,T-O-T,96
1389,Al-O-Si,T-O-T,96
1390,Al-O-Si,T-O-T,96
1391,Al-O-Si,T-O-T,96
1392,Al-O-Si,T-O-T,96
1393,Al-O-Si,T-O-T,96
1394,Al-O-Si,T-O-T,96
1395,Al-O-Si,T-O-T,96
1396,Al-O-Si,T-O-T,96
1397,Al-O-Si,T-O-T,96
1398,Al-O-Si,T-O-T,96
1399,Al-O-Si,T-O-T,96
1400,Al-O-Si,T-O-T,96
1401,Al-O-Si,T-O-T,96
1402,Al-O-Si,T-O-T,96
1403,Al-O-Si,T-O-T,96
1404,Al-O-Si,T-O-T,96
1405,Al-O-Si,T-O-T,96
1406,Al-O-Si,T-O-T,96
1407,Al-O-Si,T-O-T,96
1408,Al-O-Si,T-O-T,96
1409,Al-O-Si,T-O-T,96
1410,Al-O-Si,T-O-T,96
1411,Al-O-Si,T-O-T,96
1412,Al-O-Si,T-O-T,96
1413,Al-O-Si,T-O-T,96
1414,Al-O-Si,T-O-T,96
1415,Al-O-Si,T-O-T,96
1416,Al-O-Si,T-O-T,96
1417,Al-O-Si,T-O-T,96
1418,Al-O-Si,T-O-T,96
1419,Al-O-Si,T-O-T,96
1420,Al-O-Si,T-O-T,96
1421,Al-O-Si,T-O-T,96
1422,Al-O-Si,T-O-T,96
1423,Al-O-Si,T-O-T,96
1424,Al-O-Si,T-O-T,96
1425,Al-O-Si,T-O-T,96
1426,Al-O-Si,T-O-T,96
1427,Al-O-Si,T-O-T,96
1428,Al-O-Si,T-O-T,96
1429,Al-O-Si,T-O-T,96
1430,Al-O-Si,T-O-T,96
1431,Al-O-Si,T-O-T,96
1432,Al-O-Si,T-O-T,96
1433,Al-O-Si,T-O-T,96
1434,Al-O-Si,T-O-T,96
1435,Al-O-Si,T-O-T,96
1436,Al-O-Si,T-O-T,96
1437,Al-O-Si,T-O-T,96
1438,Al-O-Si,T-O-T,96
1439,Al-O-Si,T-O-T,96
1440,Al-O-Si,T-O-T,96
1441,Al-O-Si,T-O-T,96
1442,Al-O-Si,T-O-T,96
1443,Al-O-Si,T-O-T,96
1444,Al-O-Si,T-O-T,96
1445,Al-O-Si,T-O-T,96
1446,Al-O-Si,T-O-T,96
1447,Al-O-Si,T-O-T,96
1448,Al-O-Si,T-O-T,96
1449,Al-O-Si,T-O-T,96
1450,Al-O-Si,T-O-T,96
1451,Al-O-Si,T-O-T,96
1452,Al-O-Si,T-O-T,96
1453,Al-O-Si,T-O-T,96
1454,Al-O-Si,T-O-T,96
1455,Al-O-Si,T-O-T,96
1456,Al-O-Si,T-O-T,96
1457,Al-O-Si,T-O-T,96
1458,Al-O-Si,T-O-T,96
1459,Al-O-Si,T-O-T,96
1460,Al-O-Si,T-O-T,96
1461,Al-O-Si,T-O-T,96
1462,Al-O-Si,T-O-T,96
1463,Al-O-Si,T-O-T,96
1464,Al-O-Si,T-O-T,96
1465,Al-O-Si,T-O-T,96
1466,Al-O-Si,T-O-T,96
1467,Al-O-Si,T-O-T,96
1468,Al-O-Si,T-O-T,96
1469,Al-O-Si,T-O-T,96
1470,Al-O-Si,T-O-T,96
1471,Al-O-Si,T-O-T,96
1472,Al-O-Si,T-O-T,96
1473,Al-O-Si,T-O-T,96
1474,Al-O-Si,T-O-T,96
1475,Al-O-Si,T-O-T,96
1476,Al-O-Si,T-O-T,96
1477,Al-O-Si,T-O-T,96
1478,Al-O-Si,T-O-T,96
1479,Al-O-Si,T-O-T,96
1480,Al-O-Si,T-O-T,96
1481,Al-O-Si,T-O-T,96
1482,Al-O-Si,T-O-T,96
1483,Al-O-Si,T-O-T,96
1484,Al-O-Si,T-O-T,96
1485,Al-O-Si,T-O-T,96
1486,Al-O-Si,T-O-T,96
1487,Al-O-Si,T-O-T,96
1488,Al-O-Si,T-O-T,96
1489,Al-O-Si,T-O-T,96
1490,Al-O-Si,T-O-T,96
1491,Al-O-Si,T-O-T,96
1492,Al-O-Si,T-O-T,96
1493,Al-O-Si,T-O-T,96
1494,Al-O-Si,T-O-T,96
1495,Al-O-Si,T-O-T,96
1496,Al-O-Si,T-O-T,96
1497,Al-O-Si,T-O-T,96
1498,Al-O-Si,T-O-T,96
1499,Al-O-Si,T-O-T,96
1500,Al-O-Si,T-O-T,96
1501,Al-O-Si,T-O-T,96
1502,Al-O-Si,T-O-T,96
1503,Al-O-Si,T-O-T,96
1504,Al-O-Si,T-O-T,96
1505,Al-O-Si,T-O-T,96
1506,Al-O-Si,T-O-T,96
1507,Al-O-Si,T-O-T,96
1508,Al-O-Si,T-O-T,96
1509,Al-O-Si,T-O-T,96
1510,Al-O-Si,T-O-T,96
1511,Al-O-Si,T-O-T,96
1512,Al-O-Si,T-O-T,96
1513,Al-O-Si,T-O-T,96
1514,Al-O-Si,T-O-T,96
1515,Al-O-Si,T-O-T,96
1516,Al-O-Si,T-O-T,96
1517,Al-O-Si,T-O-T,96
1518,Al-O-Si,T-O-T,96
1519,Al-O-Si,T-O-T,96
1520,Al-O-Si,T-O-T,96
1521,Al-O-Si,T-O-T,96
1522,Al-O-Si,T-O-T,96
1523,Al-O-Si,T-O-T,96
1524,Al-O-Si,T-O-T,96
1525,Al-O-Si,T-O-T,96
1526,Al-O-Si,T-O-T,96
1527,Al-O-Si,T-O-T,96
1528,Al-O-Si,T-O-T,96
1529,Al-O-Si,T-O-T,96
1530,Al-O-Si,T-O-T,96
1531,Al-O-Si,T-O-T,96
1532,Al-O-Si,T-O-T,96
1533,Al-O-Si,T-O-T,96
1534,Al-O-Si,T-O-T,96
1535,Al-O-Si,T-O-T,96
1536,Al-O-Si,T-O-T,96
1537,Al-O-Si,T-O-T,96
1538,Al-O-Si,T-O-T,96
1539,Al-O-Si,T-O-T,96
1540,Al-O-Si,T-O-T,96
1541,Al-O-Si,T-O-T,96
1542,Al-O-Si,T-O-T,96
1543,Al-O-Si,T-O-T,96
1544,Al-O-Si,T-O-T,96
1545,Al-O-Si,T-O-T,96
1546,Al-O-Si,T-O-T,96
1547,Al-O-Si,T-O-T,96
1548,Al-O-Si,T-O-T,96
1549,Al-O-Si,T-O-T,96
1550,Al-O-Si,T-O-T,96
1551,Al-O-Si,T-O-T,96
1552,Al-O-Si,T-O-T,96
1553,Al-O-Si,T-O-T,96
1554,Al-O-Si,T-O-T,96
1555,Al-O-Si,T-O-T,96
1556,Al-O-Si,T-O-T,96
1557,Al-O-Si,T-O-T,96
1558,Al-O-Si,T-O-T,96
1559,Al-O-Si,T-O-T,96
1560,Al-O-Si,T-O-T,96
1561,Al-O-Si,T-O-T,96
1562,Al-O-Si,T-O-T,96
1563,Al-O-Si,T-O-T,96
1564,Al-O-Si,T-O-T,96
1565,Al-O-Si,T-O-T,96
1566,Al-O-Si,T-O-T,96
1567,Al-O-Si,T-O-T,96
1568,Al-O-Si,T-O-T,96
1569,Al-O-Si,T-O-T,96
1570,Al-O-Si,T-O-T,96
1571,Al-O-Si,T-O-T,96
1572,Al-O-Si,T-O-T,96
1573,Al-O-Si,T-O-T,96
1574,Al-O-Si,T-O-T,96
1575,Al-O-Si,T-O-T,96
1576,Al-O-Si,T-O-T,96
1577,Al-O-Si,T-O-T,96
1578,Al-O-Si,T-O-T,96
1579,Al-O-Si,T-O-T,96
1580,Al-O-Si,T-O-T,96
1581,Al-O-Si,T-O-T,96
1582,Al-O-Si,T-O-T,96
1583,Al-O-Si,T-O-T,96
1584,Al-O-Si,T-O-T,96
1585,Al-O-Si,T-O-T,96
1586,Al-O-Si,T-O-T,96
1587,Al-O-Si,T-O-T,96
1588,Al-O-Si,T-O-T,96
1589,Al-O-Si,T-O-T,96
1590,Al-O-Si,T-O-T,96
1591,Al-O-Si,T-O-T,96
1592,Al-O-Si,T-O-T,96
1593,Al-O-Si,T-O-T,96
1594,Al-O-Si,T-O-T,96
1595,Al-O-Si,T-O-T,96
1596,Al-O-Si,T-O-T,96
1597,Al-O-Si,T-O-T,96
1598,Al-O-Si,T-O-T,96
1599,Al-O-Si,T-O-T,96
1600,Al-O-Si,T-O-T,96
1601,Al-O-Si,T-O-T,96
1602,Al-O-Si,T-O-T,96
1603,Al-O-Si,T-O-T,96
1604,Al-O-Si,T-O-T,96
1605,Al-O-Si,T-O-T,96
1606,Al-O-Si,T-O-T,96
1607,Al-O-Si,T-O-T,96
1608,Al-O-Si,T-O-T,96
1609,Al-O-Si,T-O-T,96
1610,Al-O-Si,T-O-T,96
1611,Al-O-Si,T-O-T,96
1612,Al-O-Si,T-O-T,96
1613,Al-O-Si,T-O-T,96
1614,Al-O-Si,T-O-T,96
1615,Al-O-Si,T-O-T,96
1616,Al-O-Si,T-O-T,96
1617,Al-O-Si,T-O-T,96
1618,Al-O-Si,T-O-T,96
1619,Al-O-Si,T-O-T,96
1620,Al-O-Si,T-O-T,96
1621,Al-O-Si,T-O-T,96
1622,Al-O-Si,T-O-T,96
1623,Al-O-Si,T-O-T,96
1624,Al-O-Si,T-O-T,96
1625,Al-O-Si,T-O-T,96
1626,Al-O-Si,T-O-T,96
1627,Al-O-Si,T-O-T,96
1628,Al-O-Si,T-O-T,96
1629,Al-O-Si,T-O-T,96
1630,Al-O-Si,T-O-T,96
1631,Al-O-Si,T-O-T,96
1632,Al-O-Si,T-O-T,96
1633,Al-O-Si,T-O-T,96
1634,Al-O-Si,T-O-T,96
1635,Al-O-Si,T-O-T,96
1636,Al-O-Si,T-O-T,96
1637,Al-O-Si,T-O-T,96
1638,Al-O-Si,T-O-T,96
1639,Al-O-Si,T-O-T,96
1640,Al-O-Si,T-O-T,96
1641,Al-O-Si,T-O-T,96
1642,Al-O-Si,T-O-T,96
1643,Al-O-Si,T-O-T,96
1644,Al-O-Si,T-O-T,96
1645,Al-O-Si,T-O-T,96
1646,Al-O-Si,T-O-T,96
1647,Al-O-Si,T-O-T,96
1648,Al-O-Si,T-O-T,96
1649,Al-O-Si,T-O-T,96
1650,Al-O-Si,T-O-T,96
1651,Al-O-Si,T-O-T,96
1652,Al-O-Si,T-O-T,96
1653,Al-O-Si,T-O-T,96
1654,Al-O-Si,T-O-T,96
1655,Al-O-Si,T-O-T,96
1656,Al-O-Si,T-O-T,96
1657,Al-O-Si,T-O-T,96
1658,Al-O-Si,T-O-T,96
1659,Al-O-Si,T-O-T,96
1660,Al-O-Si,T-O-T,96
1661,Al-O-Si,T-O-T,96
1662,Al-O-Si,T-O-T,96
1663,Al-O-Si,T-O-T,96
1664,Al-O-Si,T-O-T,96
1665,Al-O-Si,T-O-T,96
1666,Al-O-Si,T-O-T,96
1667,Al-O-Si,T-O-T,96
1668,Al-O-Si,T-O-T,96
1669,Al-O-Si,T-O-T,96
1670,Al-O-Si,T-O-T,96
1671,Al-O-Si,T-O-T,96
1672,Al-O-Si,T-O-T,96
1673,Al-O-Si,T-O-T,96
1674,Al-O-Si,T-O-T,96
1675,Al-O-Si,T-O-T,96
1676,Al-O-Si,T-O-T,96
1677,Al-O-Si,T-O-T,96
1678,Al-O-Si,T-O-T,96
1679,Al-O-Si,T-O-T,96
1680,Al-O-Si,T-O-T,96
1681,Al-O-Si,T-O-T,96
1682,Al-O-Si,T-O-T,96
1683,Al-O-Si,T-O-T,96
1684,Al-O-Si,T-O-T,96
1685,Al-O-Si,T-O-T,96
1686,Al-O-Si,T-O-T,96
1687,Al-O-Si,T-O-T,96
1688,Al-O-Si,T-O-T,96
1689,Al-O-Si,T-O-T,96
1690,Al-O-Si,T-O-T,96
1691,Al-O-Si,T-O-T,96
1692,Al-O-Si,T-O-T,96
1693,Al-O-Si,T-O-T,96
1694,Al-O-Si,T-O-T,96
1695,Al-O-Si,T-O-T,96
1696,Al-O-Si,T-O-T,96
1697,Al-O-Si,T-O-T,96
1698,Al-O-Si,T-O-T,96
1699,Al-O-Si,T-O-T,96
1700,Al-O-Si,T-O-T,96
1701,Al-O-Si,T-O-T,96
1702,Al-O-Si,T-O-T,96
1703,Al-O-Si,T-O-T,96
1704,Al-O-Si,T-O-T,96
1705,Al-O-Si,T-O-T,96
1706,Al-O-Si,T-O-T,96
1707,Al-O-Si,T-O-T,96
1708,Al-O-Si,T-O-T,96
1709,Al-O-Si,T-O-T,96
1710,Al-O-Si,T-O-T,96
1711,Al-O-Si,T-O-T,96
1712,Al-O-Si,T-O-T,96
1713,Al-O-Si,T-O-T,96
1714,Al-O-Si,T-O-T,96
1715,Al-O-Si,T-O-T,96
1716,Al-O-Si,T-O-T,96
1717,Al-O-Si,T-O-T,96
1718,Al-O-Si,T-O-T,96
1719,Al-O-Si,T-O-T,96
1720,Al-O-Si,T-O-T,96
1721,Al-O-Si,T-O-T,96
1722,Al-O-Si,T-O-T,96
1723,Al-O-Si,T-O-T,96
1724,Al-O-Si,T-O-T,96
1725,Al-O-Si,T-O-T,96
1726,Al-O-Si,T-O-T,96
1727,Al-O-Si,T-O-T,96
1728,Al-O-Si,T-O-T,96
1729,Al-O-Si,T-O-T,96
1730,Al-O-Si,T-O-T,96
1731,Al-O-Si,T-O-T,96
1732,Al-O-Si,T-O-T,96
1733,Al-O-Si,T-O-T,96
1734,Al-O-Si,T-O-T,96
1735,Al-O-Si,T-O-T,96
1736,Al-O-Si,T-O-T,96
1737,Al-O-Si,T-O-T,96
1738,Al-O-Si,T-O-T,96
1739,Al-O-Si,T-O-T,96
1740,Al-O-Si,T-O-T,96
1741,Al-O-Si,T-O-T,96
1742,Al-O-Si,T-O-T,96
1743,Al-O-Si,T-O-T,96
1744,Al-O-Si,T-O-T,96
1745,Al-O-Si,T-O-T,96
1746,Al-O-Si,T-O-T,96
1747,Al-O-Si,T-O-T,96
1748,Al-O-Si,T-O-T,96
1749,Al-O-Si,T-O-T,96
1750,Al-O-Si,T-O-T,96
1751,Al-O-Si,T-O-T,96
1752,Al-O-Si,T-O-T,96
1753,Al-O-Si,T-O-T,96
1754,Al-O-Si,T-O-T,96
1755,Al-O-Si,T-O-T,96
1756,Al-O-Si,T-O-T,96
1757,Al-O-Si,T-O-T,96
1758,Al-O-Si,T-O-T,96
1759,Al-O-Si,T-O-T,96
1760,Al-O-Si,T-O-T,96
1761,Al-O-Si,T-O-T,96
1762,Al-O-Si,T-O-T,96
1763,Al-O-Si,T-O-T,96
1764,Al-O-Si,T-O-T,96
1765,Al-O-Si,T-O-T,96
1766,Al-O-Si,T-O-T,96
1767,Al-O-Si,T-O-T,96
1768,Al-O-Si,T-O-T,96
1769,Al-O-Si,T-O-T,96
1770,Al-O-Si,T-O-T,96
1771,Al-O-Si,T-O-T,96
1772,Al-O-Si,T-O-T,96
1773,Al-O-Si,T-O-T,96
1774,Al-O-Si,T-O-T,96
1775,Al-O-Si,T-O-T,96
1776,Al-O-Si,T-O-T,96
1777,Al-O-Si,T-O-T,96
1778,Al-O-Si,T-O-T,96
1779,Al-O-Si,T-O-T,96
1780,Al-O-Si,T-O-T,96
1781,Al-O-Si,T-O-T,96
1782,Al-O-Si,T-O-T,96
1783,Al-O-Si,T-O-T,96
1784,Al-O-Si,T-O-T,96
1785,Al-O-Si,T-O-T,96
1786,Al-O-Si,T-O-T,96
1787,Al-O-Si,T-O-T,96
1788,Al-O-Si,T-O-T,96
1789,Al-O-Si,T-O-T,96
1790,Al-O-Si,T-O-T,96
1791,Al-O-Si,T-O-T,96
1792,Al-O-Si,T-O-T,96
1793,Al-O-Si,T-O-T,96
1794,Al-O-Si,T-O-T,96
1795,Al-O-Si,T-O-T,96
1796,Al-O-Si,T-O-T,96
1797,Al-O-Si,T-O-T,96
1798,Al-O-Si,T-O-T,96
1799,Al-O-Si,T-O-T,96
1800,Al-O-Si,T-O-T,96
1801,Al-O-Si,T-O-T,96
1802,Al-O-Si,T-O-T,96
1803,Al-O-Si,T-O-T,96
1804,Al-O-Si,T-O-T,96
1805,Al-O-Si,T-O-T,96
1806,Al-O-Si,T-O-T,96
1807,Al-O-Si,T-O-T,96
1808,Al-O-Si,T-O-T,96
1809,Al-O-Si,T-O-T,96
1810,Al-O-Si,T-O-T,96
1811,Al-O-Si,T-O-T,96
1812,Al-O-Si,T-O-T,96
1813,Al-O-Si,T-O-T,96
1814,Al-O-Si,T-O-T,96
1815,Al-O-Si,T-O-T,96
1816,Al-O-Si,T-O-T,96
1817,Al-O-Si,T-O-T,96
1818,Al-O-Si,T-O-T,96
1819,Al-O-Si,T-O-T,96
1820,Al-O-Si,T-O-T,96
1821,Al-O-Si,T-O-T,96
1822,Al-O-Si,T-O-T,96
1823,Al-O-Si,T-O-T,96
1824,Al-O-Si,T-O-T,96
1825,Al-O-Si,T-O-T,96
1826,Al-O-Si,T-O-T,96
1827,Al-O-Si,T-O-T,96
1828,Al-O-Si,T-O-T,96
1829,Al-O-Si,T-O-T,96
1830,Al-O-Si,T-O-T,96
1831,Al-O-Si,T-O-T,96
1832,Al-O-Si,T-O-T,96
1833,Al-O-Si,T-O-T,96
1834,Al-O-Si,T-O-T,96
1835,Al-O-Si,T-O-T,96
1836,Al-O-Si,T-O-T,96
1837,Al-O-Si,T-O-T,96
1838,Al-O-Si,T-O-T,96
1839,Al-O-Si,T-O-T,96
1840,Al-O-Si,T-O-T,96
1841,Al-O-Si,T-O-T,96
1842,Al-O-Si,T-O-T,96
1843,Al-O-Si,T-O-T,96
1844,Al-O-Si,T-O-T,96
1845,Al-O-Si,T-O-T,96
1846,Al-O-Si,T-O-T,96
1847,Al-O-Si,T-O-T,96
1848,Al-O-Si,T-O-T,96
1849,Al-O-Si,T-O-T,96
1850,Al-O-Si,T-O-T,96
1851,Al-O-Si,T-O-T,96
1852,Al-O-Si,T-O-T,96
1853,Al-O-Si,T-O-T,96
1854,Al-O-Si,T-O-T,96
1855,Al-O-Si,T-O-T,96
1856,Al-O-Si,T-O-T,96
1857,Al-O-Si,T-O-T,96
1858,Al-O-Si,T-O-T,96
1859,Al-O-Si,T-O-T,96
1860,Al-O-Si,T-O-T,96
1861,Al-O-Si,T-O-T,96
1862,Al-O-Si,T-O-T,96
1863,Al-O-Si,T-O-T,96
1864,Al-O-Si,T-O-T,96
1865,Al-O-Si,T-O-T,96
1866,Al-O-Si,T-O-T,96
1867,Al-O-Si,T-O-T,96
1868,Al-O-Si,T-O-T,96
1869,Al-O-Si,T-O-T,96
1870,Al-O-Si,T-O-T,96
1871,Al-O-Si,T-O-T,96
1872,Al-O-Si,T-O-T,96
1873,Al-O-Si,T-O-T,96
1874,Al-O-Si,T-O-T,96
1875,Al-O-Si,T-O-T,96
1876,Al-O-Si,T-O-T,96
1877,Al-O-Si,T-O-T,96
1878,Al-O-Si,T-O-T,96
1879,Al-O-Si,T-O-T,96
1880,Al-O-Si,T-O-T,96
1881,Al-O-Si,T-O-T,96
1882,Al-O-Si,T-O-T,96
1883,Al-O-Si,T-O-T,96
1884,Al-O-Si,T-O-T,96
1885,Al-O-Si,T-O-T,96
1886,Al-O-Si,T-O-T,96
1887,Al-O-Si,T-O-T,96
1888,Al-O-Si,T-O-T,96
1889,Al-O-Si,T-O-T,96
1890,Al-O-Si,T-O-T,96
1891,Al-O-Si,T-O-T,96
1892,Al-O-Si,T-O-T,96
1893,Al-O-Si,T-O-T,96
1894,Al-O-Si,T-O-T,96
1895,Al-O-Si,T-O-T,96
1896,Al-O-Si,T-O-T,96
1897,Al-O-Si,T-O-T,96
1898,Al-O-Si,T-O-T,96
1899,Al-O-Si,T-O-T,96
1900,Al-O-Si,T-O-T,96
1901,Al-O-Si,T-O-T,96
1902,Al-O-Si,T-O-T,96
1903,Al-O-Si,T-O-T,96
1904,Al-O-Si,T-O-T,96
1905,Al-O-Si,T-O-T,96
1906,Al-O-Si,T-O-T,96
1907,Al-O-Si,T-O-T,96
1908,Al-O-Si,T-O-T,96
1909,Al-O-Si,T-O-T,96
1910,Al-O-Si,T-O-T,96
1911,Al-O-Si,T-O-T,96
1912,Al-O-Si,T-O-T,96
1913,Al-O-Si,T-O-T,96
1914,Al-O-Si,T-O-T,96
1915,Al-O-Si,T-O-T,96
1916,Al-O-Si,T-O-T,96
1917,Al-O-Si,T-O-T,96
1918,Al-O-Si,T-O-T,96
1919,Al-O-Si,T-O-T,96
1920,Al-O-Si,T-O-T,96
1921,Al-O-Si,T-O-T,96
1922,Al-O-Si,T-O-T,96
1923,Al-O-Si,T-O-T,96
1924,Al-O-Si,T-O-T,96
1925,Al-O-Si,T-O-T,96
1926,Al-O-Si,T-O-T,96
1927,Al-O-Si,T-O-T,96
1928,Al-O-Si,T-O-T,96
1929,Al-O-Si,T-O-T,96
1930,Al-O-Si,T-O-T,96
1931,Al-O-Si,T-O-T,96
1932,Al-O-Si,T-O-T,96
1933,Al-O-Si,T-O-T,96
1934,Al-O-Si,T-O-T,96
1935,Al-O-Si,T-O-T,96
1936,Al-O-Si,T-O-T,96
1937,Al-O-Si,T-O-T,96
1938,Al-O-Si,T-O-T,96
1939,Al-O-Si,T-O-T,96
1940,Al-O-Si,T-O-T,96
1941,Al-O-Si,T-O-T,96
1942,Al-O-Si,T-O-T,96
1943,Al-O-Si,T-O-T,96
1944,Al-O-Si,T-O-T,96
1945,Al-O-Si,T-O-T,96
1946,Al-O-Si,T-O-T,96
1947,Al-O-Si,T-O-T,96
1948,Al-O-Si,T-O-T,96
1949,Al-O-Si,T-O-T,96
1950,Al-O-Si,T-O-T,96
1951,Al-O-Si,T-O-T,96
1952,Al-O-Si,T-O-T,96
1953,Al-O-Si,T-O-T,96
1954,Al-O-Si,T-O-T,96
1955,Al-O-Si,T-O-T,96
1956,Al-O-Si,T-O-T,96
1957,Al-O-Si,T-O-T,96
1958,Al-O-Si,T-O-T,96
1959,Al-O-Si,T-O-T,96
1960,Al-O-Si,T-O-T,96
1961,Al-O-Si,T-O-T,96
1962,Al-O-Si,T-O-T,96
1963,Al-O-Si,T-O-T,96
1964,Al-O-Si,T-O-T,96
1965,Al-O-Si,T-O-T,96
1966,Al-O-Si,T-O-T,96
1967,Al-O-Si,T-O-T,96
1968,Al-O-Si,T-O-T,96
1969,Al-O-Si,T-O-T,96
1970,Al-O-Si,T-O-T,96
1971,Al-O-Si,T-O-T,96
1972,Al-O-Si,T-O-T,96
1973,Al-O-Si,T-O-T,96
1974,Al-O-Si,T-O-T,96
1975,Al-O-Si,T-O-T,96
1976,Al-O-Si,T-O-T,96
1977,Al-O-Si,T-O-T,96
1978,Al-O-Si,T-O-T,96
1979,Al-O-Si,T-O-T,96
1980,Al-O-Si,T-O-T,96
1981,Al-O-Si,T-O-T,96
1982,Al-O-Si,T-O-T,96
1983,Al-O-Si,T-O-T,96
1984,Al-O-Si,T-O-T,96
1985,Al-O-Si,T-O-T,96
1986,Al-O-Si,T-O-T,96
1987,Al-O-Si,T-O-T,96
1988,Al-O-Si,T-O-T,96
1989,Al-O-Si,T-O-T,96
1990,Al-O-Si,T-O-T,96
1991,Al-O-Si,T-O-T,96
1992,Al-O-Si,T-O-T,96
1993,Al-O-Si,T-O-T,96
1994,Al-O-Si,T-O-T,96
1995,Al-O-Si,T-O-T,96
1996,Al-O-Si,T-O-T,96
1997,Al-O-Si,T-O-T,96
1998,Al-O-Si,T-O-T,96
1999,Al-O-Si,T-O-T,96
