result_position,state_id
0,71
1,71
2,71
3,71
4,71
5,71
6,71
7,71
8,71
9,71
10,71
11,71
12,71
13,71
14,71
15,71
16,71
17,71
18,71
19,71
20,71
21,71
22,71
23,71
24,71
25,71
26,71
27,71
28,71
29,71
30,71
31,71
32,71
33,71
34,71
35,71
36,71
37,71
38,71
39,71
40,70
41,70
42,70
43,70
44,70
45,70
46,70
47,70
48,70
49,70
50,70
51,70
52,70
53,70
54,70
55,69
56,69
57,69
58,69
59,69
60,69
61,69
62,69
63,69
64,69
65,69
66,69
67,69
68,69
69,69
70,69
71,69
72,69
73,69
74,69
75,69
76,69
77,69
78,69
79,69
80,69
81,69
82,69
83,69
84,69
85,69
86,69
87,69
88,69
89,69
90,69
91,69
92,69
93,69
94,68
95,68
96,68
97,68
98,68
99,68
100,68
101,68
102,68
103,68
104,68
105,68
106,68
107,68
108,68
109,68
110,68
111,68
112,68
113,68
114,68
115,68
116,68
117,68
118,68
119,68
120,68
121,68
122,68
123,68
124,68
125,68
126,68
127,68
128,68
129,68
130,68
131,68
132,68
133,68
134,68
135,68
136,68
137,68
138,68
139,68
140,68
141,68
142,68
143,68
144,68
145,68
146,68
147,68
148,68
149,68
150,68
151,68
152,68
153,68
154,68
155,68
156,68
157,68
158,68
159,68
160,68
161,68
162,68
163,68
164,68
165,68
166,68
167,68
168,68
169,68
170,68
171,68
172,68
173,68
174,68
175,68
176,68
177,68
178,68
179,68
180,68
181,67
182,67
183,67
184,67
185,67
186,67
187,67
188,67
189,67
190,67
191,67
192,67
193,67
194,66
195,66
196,66
197,66
198,66
199,66
200,66
201,66
202,66
203,66
204,66
205,66
206,66
207,66
208,66
209,66
210,51
211,51
212,51
213,51
214,51
215,51
216,51
217,51
218,51
219,51
220,51
221,51
222,51
223,51
224,51
225,51
226,51
227,51
228,51
229,51
230,51
231,51
232,51
233,51
234,51
235,51
236,51
237,51
238,51
239,51
240,51
241,51
242,51
243,51
244,51
245,51
246,51
247,51
248,51
249,51
250,51
251,51
252,51
253,51
254,51
255,51
256,50
257,50
258,50
259,50
260,50
261,50
262,50
263,50
264,50
265,50
266,50
267,50
268,50
269,50
270,50
271,50
272,50
273,50
274,50
275,50
276,50
277,50
278,50
279,50
280,50
281,50
282,50
283,50
284,50
285,50
286,50
287,50
288,50
289,50
290,50
291,50
292,50
293,50
294,50
295,50
296,50
297,50
298,50
299,50
300,50
301,48
302,48
303,48
304,48
305,48
306,48
307,48
308,49
309,49
310,49
311,49
312,49
313,49
314,49
315,49
316,49
317,49
318,49
319,49
320,49
321,49
322,49
323,49
324,49
325,49
326,49
327,49
328,49
329,49
330,49
331,49
332,49
333,49
334,49
335,49
336,49
337,49
338,49
339,49
340,49
341,49
342,49
343,49
344,49
345,49
346,49
347,49
348,49
349,49
350,49
351,49
352,49
353,49
354,49
355,49
356,49
357,49
358,49
359,49
360,49
361,49
362,49
363,49
364,49
365,49
366,49
367,49
368,49
369,49
370,49
371,49
372,49
373,49
374,49
375,49
376,62
377,62
378,62
379,62
380,62
381,62
382,62
383,62
384,62
385,62
386,62
387,62
388,62
389,62
390,62
391,62
392,62
393,62
394,62
395,62
396,62
397,62
398,62
399,62
400,62
401,62
402,62
403,62
404,62
405,62
406,62
407,62
408,62
409,62
410,61
411,61
412,61
413,61
414,61
415,61
416,61
417,61
418,61
419,61
420,61
421,61
422,61
423,61
424,61
425,61
426,61
427,61
428,61
429,61
430,61
431,61
432,61
433,61
434,61
435,61
436,61
437,61
438,61
439,61
440,61
441,61
442,61
443,61
444,61
445,61
446,61
447,61
448,61
449,61
450,61
451,61
452,61
453,61
454,61
455,61
456,61
457,61
458,61
459,61
460,61
461,61
462,61
463,61
464,61
465,61
466,61
467,61
468,61
469,61
470,61
471,61
472,61
473,61
474,61
475,61
476,61
477,61
478,61
479,61
480,61
481,61
482,61
483,61
484,61
485,61
486,61
487,61
488,61
489,61
490,61
491,61
492,61
493,61
494,61
495,61
496,63
497,63
498,63
499,63
500,58
501,58
502,58
503,58
504,58
505,58
506,58
507,58
508,58
509,58
510,58
511,58
512,58
513,58
514,58
515,58
516,58
517,58
518,59
519,59
520,60
521,60
522,60
523,60
524,60
525,60
526,56
527,56
528,56
529,56
530,56
531,56
532,56
533,56
534,56
535,56
536,56
537,56
538,56
539,56
540,56
541,57
542,57
543,57
544,57
545,57
546,57
547,57
548,57
549,57
550,57
551,57
552,57
553,57
554,57
555,57
556,57
557,57
558,57
559,57
560,57
561,57
562,57
563,57
564,57
565,57
566,57
567,57
568,57
569,57
570,57
571,57
572,57
573,57
574,57
575,57
576,57
577,57
578,57
579,57
580,57
581,57
582,57
583,57
584,57
585,57
586,57
587,57
588,57
589,57
590,57
591,57
592,57
593,57
594,57
595,57
596,57
597,53
598,53
599,53
600,53
601,53
602,53
603,53
604,53
605,53
606,52
607,52
608,52
609,52
610,52
611,52
612,52
613,52
614,52
615,52
616,52
617,52
618,52
619,52
620,52
621,52
622,52
623,52
624,52
625,52
626,52
627,52
628,52
629,52
630,52
631,52
632,52
633,52
634,52
635,52
636,52
637,52
638,52
639,52
640,52
641,52
642,52
643,52
644,52
645,52
646,52
647,54
648,54
649,54
650,54
651,54
652,54
653,54
654,54
655,54
656,54
657,54
658,54
659,54
660,54
661,54
662,54
663,54
664,54
665,54
666,54
667,54
668,54
669,54
670,54
671,54
672,54
673,54
674,54
675,54
676,54
677,54
678,54
679,54
680,54
681,54
682,54
683,55
684,64
685,64
686,65
687,65
688,65
689,65
690,65
691,65
692,65
693,65
694,65
695,65
696,65
697,65
698,65
699,65
700,65
701,65
702,65
703,65
704,65
705,65
706,65
707,65
708,65
709,65
710,65
711,65
712,43
713,43
714,43
715,41
716,41
717,41
718,41
719,41
720,41
721,41
722,41
723,41
724,41
725,41
726,41
727,41
728,41
729,41
730,41
731,41
732,41
733,41
734,41
735,41
736,41
737,41
738,41
739,41
740,41
741,41
742,41
743,41
744,41
745,41
746,41
747,41
748,42
749,42
750,42
751,42
752,42
753,42
754,42
755,42
756,42
757,42
758,40
759,40
760,40
761,40
762,40
763,40
764,40
765,40
766,40
767,40
768,40
769,40
770,40
771,40
772,40
773,40
774,40
775,40
776,40
777,40
778,40
779,40
780,40
781,40
782,44
783,45
784,45
785,45
786,45
787,45
788,45
789,45
790,45
791,45
792,45
793,45
794,45
795,45
796,45
797,45
798,45
799,45
800,45
801,45
802,45
803,45
804,45
805,45
806,45
807,46
808,46
809,46
810,46
811,46
812,46
813,46
814,46
815,46
816,46
817,46
818,46
819,47
820,26
821,26
822,26
823,26
824,26
825,26
826,26
827,26
828,26
829,26
830,26
831,26
832,26
833,26
834,26
835,26
836,26
837,26
838,26
839,26
840,26
841,26
842,26
843,26
844,26
845,26
846,26
847,26
848,26
849,26
850,26
851,26
852,26
853,26
854,26
855,26
856,26
857,26
858,26
859,26
860,26
861,26
862,26
863,26
864,27
865,27
866,27
867,27
868,27
869,27
870,27
871,27
872,27
873,27
874,27
875,27
876,27
877,27
878,27
879,27
880,27
881,27
882,27
883,27
884,27
885,27
886,27
887,27
888,27
889,27
890,28
891,28
892,28
893,28
894,28
895,28
896,28
897,28
898,28
899,28
900,28
901,23
902,23
903,22
904,22
905,22
906,22
907,22
908,22
909,22
910,22
911,22
912,22
913,22
914,22
915,22
916,22
917,22
918,22
919,22
920,22
921,22
922,22
923,22
924,22
925,22
926,22
927,22
928,22
929,22
930,22
931,22
932,22
933,22
934,22
935,22
936,22
937,22
938,22
939,22
940,22
941,22
942,22
943,22
944,22
945,22
946,22
947,22
948,22
949,22
950,22
951,22
952,22
953,22
954,22
955,22
956,22
957,22
958,22
959,22
960,22
961,22
962,22
963,22
964,22
965,22
966,22
967,22
968,22
969,22
970,22
971,22
972,22
973,22
974,22
975,22
976,22
977,22
978,22
979,22
980,22
981,22
982,22
983,22
984,22
985,22
986,22
987,22
988,22
989,22
990,22
991,22
992,22
993,22
994,22
995,22
996,22
997,22
998,22
999,22
1000,22
1001,22
1002,22
1003,22
1004,25
1005,25
1006,25
1007,25
1008,25
1009,25
1010,25
1011,25
1012,25
1013,25
1014,25
1015,25
1016,25
1017,25
1018,25
1019,25
1020,25
1021,25
1022,25
1023,25
1024,25
1025,25
1026,25
1027,25
1028,25
1029,24
1030,24
1031,24
1032,24
1033,24
1034,24
1035,24
1036,24
1037,24
1038,24
1039,24
1040,24
1041,24
1042,24
1043,24
1044,24
1045,24
1046,24
1047,24
1048,24
1049,24
1050,24
1051,21
1052,21
1053,21
1054,21
1055,21
1056,21
1057,21
1058,21
1059,21
1060,21
1061,17
1062,17
1063,17
1064,17
1065,17
1066,17
1067,17
1068,17
1069,17
1070,17
1071,17
1072,17
1073,17
1074,20
1075,20
1076,20
1077,20
1078,20
1079,20
1080,20
1081,20
1082,20
1083,20
1084,20
1085,20
1086,20
1087,20
1088,20
1089,20
1090,20
1091,20
1092,20
1093,20
1094,20
1095,20
1096,20
1097,20
1098,20
1099,20
1100,20
1101,20
1102,20
1103,20
1104,20
1105,20
1106,20
1107,20
1108,20
1109,20
1110,20
1111,20
1112,20
1113,20
1114,20
1115,20
1116,20
1117,20
1118,20
1119,20
1120,20
1121,20
1122,20
1123,20
1124,20
1125,20
1126,20
1127,20
1128,20
1129,20
1130,20
1131,19
1132,19
1133,19
1134,19
1135,19
1136,19
1137,19
1138,19
1139,19
1140,19
1141,19
1142,19
1143,19
1144,19
1145,19
1146,19
1147,19
1148,19
1149,19
1150,19
1151,19
1152,19
1153,19
1154,19
1155,19
1156,19
1157,19
1158,19
1159,19
1160,19
1161,19
1162,19
1163,19
1164,19
1165,19
1166,19
1167,19
1168,19
1169,19
1170,19
1171,19
1172,18
1173,18
1174,18
1175,18
1176,18
1177,18
1178,15
1179,15
1180,15
1181,15
1182,15
1183,15
1184,15
1185,15
1186,15
1187,15
1188,15
1189,15
1190,15
1191,15
1192,15
1193,15
1194,15
1195,15
1196,15
1197,15
1198,15
1199,15
1200,15
1201,15
1202,15
1203,15
1204,15
1205,15
1206,15
1207,15
1208,15
1209,15
1210,15
1211,15
1212,15
1213,15
1214,15
1215,15
1216,15
1217,15
1218,15
1219,15
1220,15
1221,15
1222,15
1223,15
1224,15
1225,4
1226,4
1227,4
1228,4
1229,4
1230,4
1231,4
1232,4
1233,4
1234,4
1235,4
1236,4
1237,4
1238,4
1239,4
1240,4
1241,4
1242,4
1243,4
1244,4
1245,4
1246,4
1247,4
1248,4
1249,4
1250,4
1251,4
1252,4
1253,4
1254,4
1255,4
1256,4
1257,4
1258,4
1259,4
1260,4
1261,4
1262,4
1263,4
1264,4
1265,4
1266,4
1267,4
1268,4
1269,4
1270,4
1271,4
1272,4
1273,4
1274,4
1275,4
1276,4
1277,4
1278,4
1279,4
1280,4
1281,4
1282,4
1283,4
1284,4
1285,4
1286,4
1287,4
1288,4
1289,4
1290,5
1291,5
1292,5
1293,5
1294,5
1295,5
1296,5
1297,5
1298,5
1299,5
1300,5
1301,5
1302,5
1303,5
1304,5
1305,5
1306,5
1307,5
1308,5
1309,5
1310,5
1311,5
1312,5
1313,5
1314,5
1315,11
1316,11
1317,11
1318,11
1319,11
1320,11
1321,11
1322,11
1323,11
1324,11
1325,11
1326,11
1327,11
1328,11
1329,11
1330,11
1331,11
1332,11
1333,11
1334,11
1335,11
1336,11
1337,11
1338,11
1339,11
1340,11
1341,11
1342,11
1343,11
1344,11
1345,11
1346,11
1347,11
1348,11
1349,11
1350,11
1351,11
1352,10
1353,10
1354,9
1355,9
1356,9
1357,9
1358,9
1359,9
1360,9
1361,9
1362,9
1363,9
1364,9
1365,9
1366,9
1367,9
1368,9
1369,9
1370,9
1371,9
1372,9
1373,9
1374,9
1375,9
1376,9
1377,9
1378,9
1379,9
1380,9
1381,9
1382,9
1383,8
1384,8
1385,8
1386,8
1387,8
1388,8
1389,8
1390,8
1391,8
1392,8
1393,8
1394,8
1395,8
1396,8
1397,8
1398,8
1399,8
1400,8
1401,8
1402,8
1403,8
1404,8
1405,8
1406,8
1407,8
1408,8
1409,8
1410,8
1411,8
1412,8
1413,8
1414,8
1415,8
1416,8
1417,8
1418,8
1419,8
1420,8
1421,8
1422,8
1423,8
1424,8
1425,8
1426,8
1427,8
1428,8
1429,8
1430,8
1431,3
1432,3
1433,3
1434,3
1435,3
1436,3
1437,3
1438,3
1439,2
1440,2
1441,1
1442,1
1443,1
1444,1
1445,1
1446,1
1447,1
1448,1
1449,1
1450,1
1451,1
1452,1
1453,1
1454,1
1455,1
1456,1
1457,1
1458,1
1459,1
1460,1
1461,1
1462,1
1463,1
1464,1
1465,1
1466,1
1467,1
1468,1
1469,1
1470,1
1471,1
1472,1
1473,1
1474,1
1475,1
1476,1
1477,1
1478,1
1479,1
1480,1
1481,1
1482,1
1483,1
1484,1
1485,1
1486,1
1487,1
1488,1
1489,1
1490,1
1491,7
1492,7
1493,7
1494,7
1495,7
1496,7
1497,7
1498,7
1499,7
1500,7
1501,7
1502,7
1503,7
1504,7
1505,7
1506,7
1507,7
1508,6
1509,6
1510,6
1511,6
1512,6
1513,6
1514,6
1515,6
1516,6
1517,6
1518,6
1519,6
1520,6
1521,6
1522,6
1523,6
1524,6
1525,6
1526,6
1527,6
1528,6
1529,6
1530,6
1531,6
1532,6
1533,6
1534,29
1535,29
1536,29
1537,29
1538,29
1539,29
1540,29
1541,29
1542,29
1543,29
1544,29
1545,29
1546,29
1547,29
1548,29
1549,29
1550,29
1551,29
1552,29
1553,29
1554,29
1555,29
1556,29
1557,29
1558,29
1559,29
1560,29
1561,29
1562,29
1563,29
1564,29
1565,30
1566,30
1567,30
1568,30
1569,30
1570,30
1571,30
1572,30
1573,30
1574,30
1575,30
1576,38
1577,38
1578,38
1579,38
1580,38
1581,38
1582,38
1583,38
1584,38
1585,38
1586,38
1587,39
1588,39
1589,39
1590,39
1591,39
1592,39
1593,39
1594,39
1595,39
1596,39
1597,39
1598,39
1599,39
1600,39
1601,39
1602,39
1603,39
1604,39
1605,39
1606,39
1607,39
1608,35
1609,35
1610,35
1611,35
1612,35
1613,35
1614,35
1615,35
1616,35
1617,35
1618,35
1619,35
1620,35
1621,35
1622,35
1623,35
1624,35
1625,35
1626,35
1627,35
1628,35
1629,35
1630,35
1631,35
1632,35
1633,35
1634,35
1635,35
1636,35
1637,35
1638,35
1639,35
1640,35
1641,35
1642,35
1643,35
1644,35
1645,35
1646,35
1647,35
1648,35
1649,35
1650,35
1651,35
1652,35
1653,35
1654,37
1655,37
1656,37
1657,37
1658,37
1659,37
1660,37
1661,37
1662,37
1663,37
1664,37
1665,37
1666,37
1667,37
1668,37
1669,37
1670,37
1671,37
1672,37
1673,37
1674,37
1675,37
1676,37
1677,37
1678,37
1679,37
1680,37
1681,37
1682,37
1683,37
1684,37
1685,37
1686,37
1687,37
1688,37
1689,37
1690,37
1691,37
1692,37
1693,37
1694,37
1695,37
1696,37
1697,37
1698,37
1699,37
1700,37
1701,37
1702,37
1703,37
1704,37
1705,37
1706,37
1707,37
1708,37
1709,37
1710,37
1711,37
1712,36
1713,36
1714,36
1715,36
1716,36
1717,36
1718,36
1719,36
1720,36
1721,36
1722,36
1723,36
1724,36
1725,36
1726,36
1727,36
1728,36
1729,36
1730,36
1731,36
1732,36
1733,36
1734,36
1735,36
1736,36
1737,36
1738,36
1739,36
1740,36
1741,16
1742,16
1743,16
1744,16
1745,16
1746,16
1747,16
1748,16
1749,16
1750,16
1751,16
1752,16
1753,12
1754,12
1755,12
1756,12
1757,12
1758,12
1759,12
1760,12
1761,12
1762,12
1763,12
1764,12
1765,12
1766,12
1767,12
1768,12
1769,12
1770,12
1771,12
1772,12
1773,12
1774,12
1775,12
1776,12
1777,12
1778,12
1779,12
1780,12
1781,12
1782,12
1783,12
1784,12
1785,12
1786,12
1787,12
1788,12
1789,12
1790,12
1791,12
1792,12
1793,12
1794,12
1795,12
1796,12
1797,12
1798,12
1799,12
1800,12
1801,12
1802,12
1803,12
1804,12
1805,12
1806,12
1807,12
1808,12
1809,12
1810,12
1811,12
1812,12
1813,12
1814,12
1815,12
1816,12
1817,12
1818,12
1819,12
1820,12
1821,12
1822,12
1823,12
1824,12
1825,12
1826,12
1827,12
1828,12
1829,12
1830,12
1831,12
1832,12
1833,12
1834,12
1835,12
1836,12
1837,12
1838,12
1839,12
1840,12
1841,12
1842,12
1843,12
1844,12
1845,12
1846,12
1847,12
1848,12
1849,12
1850,14
1851,14
1852,14
1853,14
1854,14
1855,14
1856,14
1857,14
1858,14
1859,14
1860,14
1861,14
1862,14
1863,14
1864,13
1865,13
1866,13
1867,13
1868,13
1869,13
1870,13
1871,13
1872,13
1873,13
1874,13
1875,34
1876,34
1877,34
1878,34
1879,34
1880,34
1881,34
1882,34
1883,34
1884,34
1885,34
1886,34
1887,34
1888,34
1889,34
1890,34
1891,34
1892,34
1893,34
1894,34
1895,34
1896,34
1897,34
1898,34
1899,34
1900,34
1901,34
1902,34
1903,34
1904,34
1905,34
1906,34
1907,34
1908,31
1909,31
1910,31
1911,31
1912,31
1913,31
1914,31
1915,31
1916,31
1917,31
1918,31
1919,31
1920,31
1921,31
1922,31
1923,31
1924,31
1925,31
1926,31
1927,31
1928,32
1929,32
1930,32
1931,32
1932,32
1933,32
1934,32
1935,32
1936,32
1937,32
1938,32
1939,32
1940,32
1941,32
1942,32
1943,32
1944,32
1945,32
1946,32
1947,32
1948,32
1949,32
1950,32
1951,32
1952,32
1953,32
1954,32
1955,32
1956,32
1957,33
1958,33
1959,33
1960,33
1961,33
1962,33
1963,33
1964,33
1965,33
1966,33
1967,33
1968,33
1969,33
1970,33
1971,33
1972,33
1973,33
1974,33
1975,33
1976,33
1977,33
1978,33
1979,33
1980,33
1981,33
1982,33
1983,33
1984,33
1985,0
1986,0
1987,0
1988,0
1989,0
1990,0
1991,0
1992,0
1993,0
1994,0
1995,0
1996,0
1997,0
1998,0
1999,0
