result_position,species_pair,contact_count
0,O-Na,110
1,O-Na,110
2,O-Na,110
3,O-Na,110
4,O-Na,110
5,O-Na,110
6,O-Na,110
7,O-Na,110
8,O-Na,110
9,O-Na,110
10,O-Na,110
11,O-Na,110
12,O-Na,110
13,O-Na,110
14,O-Na,110
15,O-Na,110
16,O-Na,110
17,O-Na,110
18,O-Na,110
19,O-Na,110
20,O-Na,110
21,O-Na,110
22,O-Na,110
23,O-Na,110
24,O-Na,110
25,O-Na,110
26,O-Na,110
27,O-Na,110
28,O-Na,110
29,O-Na,110
30,O-Na,110
31,O-Na,110
32,O-Na,110
33,O-Na,110
34,O-Na,110
35,O-Na,110
36,O-Na,110
37,O-Na,110
38,O-Na,110
39,O-Na,110
40,O-Na,111
41,O-Na,111
42,O-Na,111
43,O-Na,111
44,O-Na,111
45,O-Na,111
46,O-Na,111
47,O-Na,111
48,O-Na,111
49,O-Na,111
50,O-Na,111
51,O-Na,111
52,O-Na,111
53,O-Na,111
54,O-Na,111
55,O-Na,112
56,O-Na,112
57,O-Na,112
58,O-Na,112
59,O-Na,112
60,O-Na,112
61,O-Na,112
62,O-Na,112
63,O-Na,112
64,O-Na,112
65,O-Na,112
66,O-Na,112
67,O-Na,112
68,O-Na,112
69,O-Na,112
70,O-Na,112
71,O-Na,112
72,O-Na,112
73,O-Na,112
74,O-Na,112
75,O-Na,112
76,O-Na,112
77,O-Na,112
78,O-Na,112
79,O-Na,112
80,O-Na,112
81,O-Na,112
82,O-Na,112
83,O-Na,112
84,O-Na,112
85,O-Na,112
86,O-Na,112
87,O-Na,112
88,O-Na,112
89,O-Na,112
90,O-Na,112
91,O-Na,112
92,O-Na,112
93,O-Na,112
94,O-Na,113
95,O-Na,113
96,O-Na,113
97,O-Na,113
98,O-Na,113
99,O-Na,113
100,O-Na,113
101,O-Na,113
102,O-Na,113
103,O-Na,113
104,O-Na,113
105,O-Na,113
106,O-Na,113
107,O-Na,113
108,O-Na,113
109,O-Na,113
110,O-Na,113
111,O-Na,113
112,O-Na,113
113,O-Na,113
114,O-Na,113
115,O-Na,113
116,O-Na,113
117,O-Na,113
118,O-Na,113
119,O-Na,113
120,O-Na,113
121,O-Na,113
122,O-Na,113
123,O-Na,113
124,O-Na,113
125,O-Na,113
126,O-Na,113
127,O-Na,113
128,O-Na,113
129,O-Na,113
130,O-Na,113
131,O-Na,113
132,O-Na,113
133,O-Na,113
134,O-Na,113
135,O-Na,113
136,O-Na,113
137,O-Na,113
138,O-Na,113
139,O-Na,113
140,O-Na,113
141,O-Na,113
142,O-Na,113
143,O-Na,113
144,O-Na,113
145,O-Na,113
146,O-Na,113
147,O-Na,113
148,O-Na,113
149,O-Na,113
150,O-Na,113
151,O-Na,113
152,O-Na,113
153,O-Na,113
154,O-Na,113
155,O-Na,113
156,O-Na,113
157,O-Na,113
158,O-Na,113
159,O-Na,113
160,O-Na,113
161,O-Na,113
162,O-Na,113
163,O-Na,113
164,O-Na,113
165,O-Na,113
166,O-Na,113
167,O-Na,113
168,O-Na,113
169,O-Na,113
170,O-Na,113
171,O-Na,113
172,O-Na,113
173,O-Na,113
174,O-Na,113
175,O-Na,113
176,O-Na,113
177,O-Na,113
178,O-Na,113
179,O-Na,113
180,O-Na,113
181,O-Na,114
182,O-Na,114
183,O-Na,114
184,O-Na,114
185,O-Na,114
186,O-Na,114
187,O-Na,114
188,O-Na,114
189,O-Na,114
190,O-Na,114
191,O-Na,114
192,O-Na,114
193,O-Na,114
194,O-Na,115
195,O-Na,115
196,O-Na,115
197,O-Na,115
198,O-Na,115
199,O-Na,115
200,O-Na,115
201,O-Na,115
202,O-Na,115
203,O-Na,115
204,O-Na,115
205,O-Na,115
206,O-Na,115
207,O-Na,115
208,O-Na,115
209,O-Na,115
210,O-Na,116
211,O-Na,116
212,O-Na,116
213,O-Na,116
214,O-Na,116
215,O-Na,116
216,O-Na,116
217,O-Na,116
218,O-Na,116
219,O-Na,116
220,O-Na,116
221,O-Na,116
222,O-Na,116
223,O-Na,116
224,O-Na,116
225,O-Na,116
226,O-Na,116
227,O-Na,116
228,O-Na,116
229,O-Na,116
230,O-Na,116
231,O-Na,116
232,O-Na,116
233,O-Na,116
234,O-Na,116
235,O-Na,116
236,O-Na,116
237,O-Na,116
238,O-Na,116
239,O-Na,116
240,O-Na,116
241,O-Na,116
242,O-Na,116
243,O-Na,116
244,O-Na,116
245,O-Na,116
246,O-Na,116
247,O-Na,116
248,O-Na,116
249,O-Na,116
250,O-Na,116
251,O-Na,116
252,O-Na,116
253,O-Na,116
254,O-Na,116
255,O-Na,116
256,O-Na,117
257,O-Na,117
258,O-Na,117
259,O-Na,117
260,O-Na,117
261,O-Na,117
262,O-Na,117
263,O-Na,117
264,O-Na,117
265,O-Na,117
266,O-Na,117
267,O-Na,117
268,O-Na,117
269,O-Na,117
270,O-Na,117
271,O-Na,117
272,O-Na,117
273,O-Na,117
274,O-Na,117
275,O-Na,117
276,O-Na,117
277,O-Na,117
278,O-Na,117
279,O-Na,117
280,O-Na,117
281,O-Na,117
282,O-Na,117
283,O-Na,117
284,O-Na,117
285,O-Na,117
286,O-Na,117
287,O-Na,117
288,O-Na,117
289,O-Na,117
290,O-Na,117
291,O-Na,117
292,O-Na,117
293,O-Na,117
294,O-Na,117
295,O-Na,117
296,O-Na,117
297,O-Na,117
298,O-Na,117
299,O-Na,117
300,O-Na,117
301,O-Na,118
302,O-Na,118
303,O-Na,118
304,O-Na,118
305,O-Na,118
306,O-Na,118
307,O-Na,118
308,O-Na,117
309,O-Na,117
310,O-Na,117
311,O-Na,117
312,O-Na,117
313,O-Na,117
314,O-Na,117
315,O-Na,117
316,O-Na,117
317,O-Na,117
318,O-Na,117
319,O-Na,117
320,O-Na,117
321,O-Na,117
322,O-Na,117
323,O-Na,117
324,O-Na,117
325,O-Na,117
326,O-Na,117
327,O-Na,117
328,O-Na,117
329,O-Na,117
330,O-Na,117
331,O-Na,117
332,O-Na,117
333,O-Na,117
334,O-Na,117
335,O-Na,117
336,O-Na,117
337,O-Na,117
338,O-Na,117
339,O-Na,117
340,O-Na,117
341,O-Na,117
342,O-Na,117
343,O-Na,117
344,O-Na,117
345,O-Na,117
346,O-Na,117
347,O-Na,117
348,O-Na,117
349,O-Na,117
350,O-Na,117
351,O-Na,117
352,O-Na,117
353,O-Na,117
354,O-Na,117
355,O-Na,117
356,O-Na,117
357,O-Na,117
358,O-Na,117
359,O-Na,117
360,O-Na,117
361,O-Na,117
362,O-Na,117
363,O-Na,117
364,O-Na,117
365,O-Na,117
366,O-Na,117
367,O-Na,117
368,O-Na,117
369,O-Na,117
370,O-Na,117
371,O-Na,117
372,O-Na,117
373,O-Na,117
374,O-Na,117
375,O-Na,117
376,O-Na,116
377,O-Na,116
378,O-Na,116
379,O-Na,116
380,O-Na,116
381,O-Na,116
382,O-Na,116
383,O-Na,116
384,O-Na,116
385,O-Na,116
386,O-Na,116
387,O-Na,116
388,O-Na,116
389,O-Na,116
390,O-Na,116
391,O-Na,116
392,O-Na,116
393,O-Na,116
394,O-Na,116
395,O-Na,116
396,O-Na,116
397,O-Na,116
398,O-Na,116
399,O-Na,116
400,O-Na,116
401,O-Na,116
402,O-Na,116
403,O-Na,116
404,O-Na,116
405,O-Na,116
406,O-Na,116
407,O-Na,116
408,O-Na,116
409,O-Na,116
410,O-Na,117
411,O-Na,117
412,O-Na,117
413,O-Na,117
414,O-Na,117
415,O-Na,117
416,O-Na,117
417,O-Na,117
418,O-Na,117
419,O-Na,117
420,O-Na,117
421,O-Na,117
422,O-Na,117
423,O-Na,117
424,O-Na,117
425,O-Na,117
426,O-Na,117
427,O-Na,117
428,O-Na,117
429,O-Na,117
430,O-Na,117
431,O-Na,117
432,O-Na,117
433,O-Na,117
434,O-Na,117
435,O-Na,117
436,O-Na,117
437,O-Na,117
438,O-Na,117
439,O-Na,117
440,O-Na,117
441,O-Na,117
442,O-Na,117
443,O-Na,117
444,O-Na,117
445,O-Na,117
446,O-Na,117
447,O-Na,117
448,O-Na,117
449,O-Na,117
450,O-Na,117
451,O-Na,117
452,O-Na,117
453,O-Na,117
454,O-Na,117
455,O-Na,117
456,O-Na,117
457,O-Na,117
458,O-Na,117
459,O-Na,117
460,O-Na,117
461,O-Na,117
462,O-Na,117
463,O-Na,117
464,O-Na,117
465,O-Na,117
466,O-Na,117
467,O-Na,117
468,O-Na,117
469,O-Na,117
470,O-Na,117
471,O-Na,117
472,O-Na,117
473,O-Na,117
474,O-Na,117
475,O-Na,117
476,O-Na,117
477,O-Na,117
478,O-Na,117
479,O-Na,117
480,O-Na,117
481,O-Na,117
482,O-Na,117
483,O-Na,117
484,O-Na,117
485,O-Na,117
486,O-Na,117
487,O-Na,117
488,O-Na,117
489,O-Na,117
490,O-Na,117
491,O-Na,117
492,O-Na,117
493,O-Na,117
494,O-Na,117
495,O-Na,117
496,O-Na,116
497,O-Na,116
498,O-Na,116
499,O-Na,116
500,O-Na,117
501,O-Na,117
502,O-Na,117
503,O-Na,117
504,O-Na,117
505,O-Na,117
506,O-Na,117
507,O-Na,117
508,O-Na,117
509,O-Na,117
510,O-Na,117
511,O-Na,117
512,O-Na,117
513,O-Na,117
514,O-Na,117
515,O-Na,117
516,O-Na,117
517,O-Na,117
518,O-Na,116
519,O-Na,116
520,O-Na,115
521,O-Na,115
522,O-Na,115
523,O-Na,115
524,O-Na,115
525,O-Na,115
526,O-Na,116
527,O-Na,116
528,O-Na,116
529,O-Na,116
530,O-Na,116
531,O-Na,116
532,O-Na,116
533,O-Na,116
534,O-Na,116
535,O-Na,116
536,O-Na,116
537,O-Na,116
538,O-Na,116
539,O-Na,116
540,O-Na,116
541,O-Na,115
542,O-Na,115
543,O-Na,115
544,O-Na,115
545,O-Na,115
546,O-Na,115
547,O-Na,115
548,O-Na,115
549,O-Na,115
550,O-Na,115
551,O-Na,115
552,O-Na,115
553,O-Na,115
554,O-Na,115
555,O-Na,115
556,O-Na,115
557,O-Na,115
558,O-Na,115
559,O-Na,115
560,O-Na,115
561,O-Na,115
562,O-Na,115
563,O-Na,115
564,O-Na,115
565,O-Na,115
566,O-Na,115
567,O-Na,115
568,O-Na,115
569,O-Na,115
570,O-Na,115
571,O-Na,115
572,O-Na,115
573,O-Na,115
574,O-Na,115
575,O-Na,115
576,O-Na,115
577,O-Na,115
578,O-Na,115
579,O-Na,115
580,O-Na,115
581,O-Na,115
582,O-Na,115
583,O-Na,115
584,O-Na,115
585,O-Na,115
586,O-Na,115
587,O-Na,115
588,O-Na,115
589,O-Na,115
590,O-Na,115
591,O-Na,115
592,O-Na,115
593,O-Na,115
594,O-Na,115
595,O-Na,115
596,O-Na,115
597,O-Na,116
598,O-Na,116
599,O-Na,116
600,O-Na,116
601,O-Na,116
602,O-Na,116
603,O-Na,116
604,O-Na,116
605,O-Na,116
606,O-Na,117
607,O-Na,117
608,O-Na,117
609,O-Na,117
610,O-Na,117
611,O-Na,117
612,O-Na,117
613,O-Na,117
614,O-Na,117
615,O-Na,117
616,O-Na,117
617,O-Na,117
618,O-Na,117
619,O-Na,117
620,O-Na,117
621,O-Na,117
622,O-Na,117
623,O-Na,117
624,O-Na,117
625,O-Na,117
626,O-Na,117
627,O-Na,117
628,O-Na,117
629,O-Na,117
630,O-Na,117
631,O-Na,117
632,O-Na,117
633,O-Na,117
634,O-Na,117
635,O-Na,117
636,O-Na,117
637,O-Na,117
638,O-Na,117
639,O-Na,117
640,O-Na,117
641,O-Na,117
642,O-Na,117
643,O-Na,117
644,O-Na,117
645,O-Na,117
646,O-Na,117
647,O-Na,116
648,O-Na,116
649,O-Na,116
650,O-Na,116
651,O-Na,116
652,O-Na,116
653,O-Na,116
654,O-Na,116
655,O-Na,116
656,O-Na,116
657,O-Na,116
658,O-Na,116
659,O-Na,116
660,O-Na,116
661,O-Na,116
662,O-Na,116
663,O-Na,116
664,O-Na,116
665,O-Na,116
666,O-Na,116
667,O-Na,116
668,O-Na,116
669,O-Na,116
670,O-Na,116
671,O-Na,116
672,O-Na,116
673,O-Na,116
674,O-Na,116
675,O-Na,116
676,O-Na,116
677,O-Na,116
678,O-Na,116
679,O-Na,116
680,O-Na,116
681,O-Na,116
682,O-Na,116
683,O-Na,115
684,O-Na,114
685,O-Na,114
686,O-Na,113
687,O-Na,113
688,O-Na,113
689,O-Na,113
690,O-Na,113
691,O-Na,113
692,O-Na,113
693,O-Na,113
694,O-Na,113
695,O-Na,113
696,O-Na,113
697,O-Na,113
698,O-Na,113
699,O-Na,113
700,O-Na,113
701,O-Na,113
702,O-Na,113
703,O-Na,113
704,O-Na,113
705,O-Na,113
706,O-Na,113
707,O-Na,113
708,O-Na,113
709,O-Na,113
710,O-Na,113
711,O-Na,113
712,O-Na,114
713,O-Na,114
714,O-Na,114
715,O-Na,115
716,O-Na,115
717,O-Na,115
718,O-Na,115
719,O-Na,115
720,O-Na,115
721,O-Na,115
722,O-Na,115
723,O-Na,115
724,O-Na,115
725,O-Na,115
726,O-Na,115
727,O-Na,115
728,O-Na,115
729,O-Na,115
730,O-Na,115
731,O-Na,115
732,O-Na,115
733,O-Na,115
734,O-Na,115
735,O-Na,115
736,O-Na,115
737,O-Na,115
738,O-Na,115
739,O-Na,115
740,O-Na,115
741,O-Na,115
742,O-Na,115
743,O-Na,115
744,O-Na,115
745,O-Na,115
746,O-Na,115
747,O-Na,115
748,O-Na,114
749,O-Na,114
750,O-Na,114
751,O-Na,114
752,O-Na,114
753,O-Na,114
754,O-Na,114
755,O-Na,114
756,O-Na,114
757,O-Na,114
758,O-Na,115
759,O-Na,115
760,O-Na,115
761,O-Na,115
762,O-Na,115
763,O-Na,115
764,O-Na,115
765,O-Na,115
766,O-Na,115
767,O-Na,115
768,O-Na,115
769,O-Na,115
770,O-Na,115
771,O-Na,115
772,O-Na,115
773,O-Na,115
774,O-Na,115
775,O-Na,115
776,O-Na,115
777,O-Na,115
778,O-Na,115
779,O-Na,115
780,O-Na,115
781,O-Na,115
782,O-Na,114
783,O-Na,113
784,O-Na,113
785,O-Na,113
786,O-Na,113
787,O-Na,113
788,O-Na,113
789,O-Na,113
790,O-Na,113
791,O-Na,113
792,O-Na,113
793,O-Na,113
794,O-Na,113
795,O-Na,113
796,O-Na,113
797,O-Na,113
798,O-Na,113
799,O-Na,113
800,O-Na,113
801,O-Na,113
802,O-Na,113
803,O-Na,113
804,O-Na,113
805,O-Na,113
806,O-Na,113
807,O-Na,112
808,O-Na,112
809,O-Na,112
810,O-Na,112
811,O-Na,112
812,O-Na,112
813,O-Na,112
814,O-Na,112
815,O-Na,112
816,O-Na,112
817,O-Na,112
818,O-Na,112
819,O-Na,111
820,O-Na,112
821,O-Na,112
822,O-Na,112
823,O-Na,112
824,O-Na,112
825,O-Na,112
826,O-Na,112
827,O-Na,112
828,O-Na,112
829,O-Na,112
830,O-Na,112
831,O-Na,112
832,O-Na,112
833,O-Na,112
834,O-Na,112
835,O-Na,112
836,O-Na,112
837,O-Na,112
838,O-Na,112
839,O-Na,112
840,O-Na,112
841,O-Na,112
842,O-Na,112
843,O-Na,112
844,O-Na,112
845,O-Na,112
846,O-Na,112
847,O-Na,112
848,O-Na,112
849,O-Na,112
850,O-Na,112
851,O-Na,112
852,O-Na,112
853,O-Na,112
854,O-Na,112
855,O-Na,112
856,O-Na,112
857,O-Na,112
858,O-Na,112
859,O-Na,112
860,O-Na,112
861,O-Na,112
862,O-Na,112
863,O-Na,112
864,O-Na,111
865,O-Na,111
866,O-Na,111
867,O-Na,111
868,O-Na,111
869,O-Na,111
870,O-Na,111
871,O-Na,111
872,O-Na,111
873,O-Na,111
874,O-Na,111
875,O-Na,111
876,O-Na,111
877,O-Na,111
878,O-Na,111
879,O-Na,111
880,O-Na,111
881,O-Na,111
882,O-Na,111
883,O-Na,111
884,O-Na,111
885,O-Na,111
886,O-Na,111
887,O-Na,111
888,O-Na,111
889,O-Na,111
890,O-Na,110
891,O-Na,110
892,O-Na,110
893,O-Na,110
894,O-Na,110
895,O-Na,110
896,O-Na,110
897,O-Na,110
898,O-Na,110
899,O-Na,110
900,O-Na,110
901,O-Na,111
902,O-Na,111
903,O-Na,112
904,O-Na,112
905,O-Na,112
906,O-Na,112
907,O-Na,112
908,O-Na,112
909,O-Na,112
910,O-Na,112
911,O-Na,112
912,O-Na,112
913,O-Na,112
914,O-Na,112
915,O-Na,112
916,O-Na,112
917,O-Na,112
918,O-Na,112
919,O-Na,112
920,O-Na,112
921,O-Na,112
922,O-Na,112
923,O-Na,112
924,O-Na,112
925,O-Na,112
926,O-Na,112
927,O-Na,112
928,O-Na,112
929,O-Na,112
930,O-Na,112
931,O-Na,112
932,O-Na,112
933,O-Na,112
934,O-Na,112
935,O-Na,112
936,O-Na,112
937,O-Na,112
938,O-Na,112
939,O-Na,112
940,O-Na,112
941,O-Na,112
942,O-Na,112
943,O-Na,112
944,O-Na,112
945,O-Na,112
946,O-Na,112
947,O-Na,112
948,O-Na,112
949,O-Na,112
950,O-Na,112
951,O-Na,112
952,O-Na,112
953,O-Na,112
954,O-Na,112
955,O-Na,112
956,O-Na,112
957,O-Na,112
958,O-Na,112
959,O-Na,112
960,O-Na,112
961,O-Na,112
962,O-Na,112
963,O-Na,112
964,O-Na,112
965,O-Na,112
966,O-Na,112
967,O-Na,112
968,O-Na,112
969,O-Na,112
970,O-Na,112
971,O-Na,112
972,O-Na,112
973,O-Na,112
974,O-Na,112
975,O-Na,112
976,O-Na,112
977,O-Na,112
978,O-Na,112
979,O-Na,112
980,O-Na,112
981,O-Na,112
982,O-Na,112
983,O-Na,112
984,O-Na,112
985,O-Na,112
986,O-Na,112
987,O-Na,112
988,O-Na,112
989,O-Na,112
990,O-Na,112
991,O-Na,112
992,O-Na,112
993,O-Na,112
994,O-Na,112
995,O-Na,112
996,O-Na,112
997,O-Na,112
998,O-Na,112
999,O-Na,112
1000,O-Na,112
1001,O-Na,112
1002,O-Na,112
1003,O-Na,112
1004,O-Na,111
1005,O-Na,111
1006,O-Na,111
1007,O-Na,111
1008,O-Na,111
1009,O-Na,111
1010,O-Na,111
1011,O-Na,111
1012,O-Na,111
1013,O-Na,111
1014,O-Na,111
1015,O-Na,111
1016,O-Na,111
1017,O-Na,111
1018,O-Na,111
1019,O-Na,111
1020,O-Na,111
1021,O-Na,111
1022,O-Na,111
1023,O-Na,111
1024,O-Na,111
1025,O-Na,111
1026,O-Na,111
1027,O-Na,111
1028,O-Na,111
1029,O-Na,112
1030,O-Na,112
1031,O-Na,112
1032,O-Na,112
1033,O-Na,112
1034,O-Na,112
1035,O-Na,112
1036,O-Na,112
1037,O-Na,112
1038,O-Na,112
1039,O-Na,112
1040,O-Na,112
1041,O-Na,112
1042,O-Na,112
1043,O-Na,112
1044,O-Na,112
1045,O-Na,112
1046,O-Na,112
1047,O-Na,112
1048,O-Na,112
1049,O-Na,112
1050,O-Na,112
1051,O-Na,113
1052,O-Na,113
1053,O-Na,113
1054,O-Na,113
1055,O-Na,113
1056,O-Na,113
1057,O-Na,113
1058,O-Na,113
1059,O-Na,113
1060,O-Na,113
1061,O-Na,114
1062,O-Na,114
1063,O-Na,114
1064,O-Na,114
1065,O-Na,114
1066,O-Na,114
1067,O-Na,114
1068,O-Na,114
1069,O-Na,114
1070,O-Na,114
1071,O-Na,114
1072,O-Na,114
1073,O-Na,114
1074,O-Na,113
1075,O-Na,113
1076,O-Na,113
1077,O-Na,113
1078,O-Na,113
1079,O-Na,113
1080,O-Na,113
1081,O-Na,113
1082,O-Na,113
1083,O-Na,113
1084,O-Na,113
1085,O-Na,113
1086,O-Na,113
1087,O-Na,113
1088,O-Na,113
1089,O-Na,113
1090,O-Na,113
1091,O-Na,113
1092,O-Na,113
1093,O-Na,113
1094,O-Na,113
1095,O-Na,113
1096,O-Na,113
1097,O-Na,113
1098,O-Na,113
1099,O-Na,113
1100,O-Na,113
1101,O-Na,113
1102,O-Na,113
1103,O-Na,113
1104,O-Na,113
1105,O-Na,113
1106,O-Na,113
1107,O-Na,113
1108,O-Na,113
1109,O-Na,113
1110,O-Na,113
1111,O-Na,113
1112,O-Na,113
1113,O-Na,113
1114,O-Na,113
1115,O-Na,113
1116,O-Na,113
1117,O-Na,113
1118,O-Na,113
1119,O-Na,113
1120,O-Na,113
1121,O-Na,113
1122,O-Na,113
1123,O-Na,113
1124,O-Na,113
1125,O-Na,113
1126,O-Na,113
1127,O-Na,113
1128,O-Na,113
1129,O-Na,113
1130,O-Na,113
1131,O-Na,114
1132,O-Na,114
1133,O-Na,114
1134,O-Na,114
1135,O-Na,114
1136,O-Na,114
1137,O-Na,114
1138,O-Na,114
1139,O-Na,114
1140,O-Na,114
1141,O-Na,114
1142,O-Na,114
1143,O-Na,114
1144,O-Na,114
1145,O-Na,114
1146,O-Na,114
1147,O-Na,114
1148,O-Na,114
1149,O-Na,114
1150,O-Na,114
1151,O-Na,114
1152,O-Na,114
1153,O-Na,114
1154,O-Na,114
1155,O-Na,114
1156,O-Na,114
1157,O-Na,114
1158,O-Na,114
1159,O-Na,114
1160,O-Na,114
1161,O-Na,114
1162,O-Na,114
1163,O-Na,114
1164,O-Na,114
1165,O-Na,114
1166,O-Na,114
1167,O-Na,114
1168,O-Na,114
1169,O-Na,114
1170,O-Na,114
1171,O-Na,114
1172,O-Na,115
1173,O-Na,115
1174,O-Na,115
1175,O-Na,115
1176,O-Na,115
1177,O-Na,115
1178,O-Na,116
1179,O-Na,116
1180,O-Na,116
1181,O-Na,116
1182,O-Na,116
1183,O-Na,116
1184,O-Na,116
1185,O-Na,116
1186,O-Na,116
1187,O-Na,116
1188,O-Na,116
1189,O-Na,116
1190,O-Na,116
1191,O-Na,116
1192,O-Na,116
1193,O-Na,116
1194,O-Na,116
1195,O-Na,116
1196,O-Na,116
1197,O-Na,116
1198,O-Na,116
1199,O-Na,116
1200,O-Na,116
1201,O-Na,116
1202,O-Na,116
1203,O-Na,116
1204,O-Na,116
1205,O-Na,116
1206,O-Na,116
1207,O-Na,116
1208,O-Na,116
1209,O-Na,116
1210,O-Na,116
1211,O-Na,116
1212,O-Na,116
1213,O-Na,116
1214,O-Na,116
1215,O-Na,116
1216,O-Na,116
1217,O-Na,116
1218,O-Na,116
1219,O-Na,116
1220,O-Na,116
1221,O-Na,116
1222,O-Na,116
1223,O-Na,116
1224,O-Na,116
1225,O-Na,117
1226,O-Na,117
1227,O-Na,117
1228,O-Na,117
1229,O-Na,117
1230,O-Na,117
1231,O-Na,117
1232,O-Na,117
1233,O-Na,117
1234,O-Na,117
1235,O-Na,117
1236,O-Na,117
1237,O-Na,117
1238,O-Na,117
1239,O-Na,117
1240,O-Na,117
1241,O-Na,117
1242,O-Na,117
1243,O-Na,117
1244,O-Na,117
1245,O-Na,117
1246,O-Na,117
1247,O-Na,117
1248,O-Na,117
1249,O-Na,117
1250,O-Na,117
1251,O-Na,117
1252,O-Na,117
1253,O-Na,117
1254,O-Na,117
1255,O-Na,117
1256,O-Na,117
1257,O-Na,117
1258,O-Na,117
1259,O-Na,117
1260,O-Na,117
1261,O-Na,117
1262,O-Na,117
1263,O-Na,117
1264,O-Na,117
1265,O-Na,117
1266,O-Na,117
1267,O-Na,117
1268,O-Na,117
1269,O-Na,117
1270,O-Na,117
1271,O-Na,117
1272,O-Na,117
1273,O-Na,117
1274,O-Na,117
1275,O-Na,117
1276,O-Na,117
1277,O-Na,117
1278,O-Na,117
1279,O-Na,117
1280,O-Na,117
1281,O-Na,117
1282,O-Na,117
1283,O-Na,117
1284,O-Na,117
1285,O-Na,117
1286,O-Na,117
1287,O-Na,117
1288,O-Na,117
1289,O-Na,117
1290,O-Na,116
1291,O-Na,116
1292,O-Na,116
1293,O-Na,116
1294,O-Na,116
1295,O-Na,116
1296,O-Na,116
1297,O-Na,116
1298,O-Na,116
1299,O-Na,116
1300,O-Na,116
1301,O-Na,116
1302,O-Na,116
1303,O-Na,116
1304,O-Na,116
1305,O-Na,116
1306,O-Na,116
1307,O-Na,116
1308,O-Na,116
1309,O-Na,116
1310,O-Na,116
1311,O-Na,116
1312,O-Na,116
1313,O-Na,116
1314,O-Na,116
1315,O-Na,115
1316,O-Na,115
1317,O-Na,115
1318,O-Na,115
1319,O-Na,115
1320,O-Na,115
1321,O-Na,115
1322,O-Na,115
1323,O-Na,115
1324,O-Na,115
1325,O-Na,115
1326,O-Na,115
1327,O-Na,115
1328,O-Na,115
1329,O-Na,115
1330,O-Na,115
1331,O-Na,115
1332,O-Na,115
1333,O-Na,115
1334,O-Na,115
1335,O-Na,115
1336,O-Na,115
1337,O-Na,115
1338,O-Na,115
1339,O-Na,115
1340,O-Na,115
1341,O-Na,115
1342,O-Na,115
1343,O-Na,115
1344,O-Na,115
1345,O-Na,115
1346,O-Na,115
1347,O-Na,115
1348,O-Na,115
1349,O-Na,115
1350,O-Na,115
1351,O-Na,115
1352,O-Na,116
1353,O-Na,116
1354,O-Na,117
1355,O-Na,117
1356,O-Na,117
1357,O-Na,117
1358,O-Na,117
1359,O-Na,117
1360,O-Na,117
1361,O-Na,117
1362,O-Na,117
1363,O-Na,117
1364,O-Na,117
1365,O-Na,117
1366,O-Na,117
1367,O-Na,117
1368,O-Na,117
1369,O-Na,117
1370,O-Na,117
1371,O-Na,117
1372,O-Na,117
1373,O-Na,117
1374,O-Na,117
1375,O-Na,117
1376,O-Na,117
1377,O-Na,117
1378,O-Na,117
1379,O-Na,117
1380,O-Na,117
1381,O-Na,117
1382,O-Na,117
1383,O-Na,118
1384,O-Na,118
1385,O-Na,118
1386,O-Na,118
1387,O-Na,118
1388,O-Na,118
1389,O-Na,118
1390,O-Na,118
1391,O-Na,118
1392,O-Na,118
1393,O-Na,118
1394,O-Na,118
1395,O-Na,118
1396,O-Na,118
1397,O-Na,118
1398,O-Na,118
1399,O-Na,118
1400,O-Na,118
1401,O-Na,118
1402,O-Na,118
1403,O-Na,118
1404,O-Na,118
1405,O-Na,118
1406,O-Na,118
1407,O-Na,118
1408,O-Na,118
1409,O-Na,118
1410,O-Na,118
1411,O-Na,118
1412,O-Na,118
1413,O-Na,118
1414,O-Na,118
1415,O-Na,118
1416,O-Na,118
1417,O-Na,118
1418,O-Na,118
1419,O-Na,118
1420,O-Na,118
1421,O-Na,118
1422,O-Na,118
1423,O-Na,118
1424,O-Na,118
1425,O-Na,118
1426,O-Na,118
1427,O-Na,118
1428,O-Na,118
1429,O-Na,118
1430,O-Na,118
1431,O-Na,119
1432,O-Na,119
1433,O-Na,119
1434,O-Na,119
1435,O-Na,119
1436,O-Na,119
1437,O-Na,119
1438,O-Na,119
1439,O-Na,120
1440,O-Na,120
1441,O-Na,121
1442,O-Na,121
1443,O-Na,121
1444,O-Na,121
1445,O-Na,121
1446,O-Na,121
1447,O-Na,121
1448,O-Na,121
1449,O-Na,121
1450,O-Na,121
1451,O-Na,121
1452,O-Na,121
1453,O-Na,121
1454,O-Na,121
1455,O-Na,121
1456,O-Na,121
1457,O-Na,121
1458,O-Na,121
1459,O-Na,121
1460,O-Na,121
1461,O-Na,121
1462,O-Na,121
1463,O-Na,121
1464,O-Na,121
1465,O-Na,121
1466,O-Na,121
1467,O-Na,121
1468,O-Na,121
1469,O-Na,121
1470,O-Na,121
1471,O-Na,121
1472,O-Na,121
1473,O-Na,121
1474,O-Na,121
1475,O-Na,121
1476,O-Na,121
1477,O-Na,121
1478,O-Na,121
1479,O-Na,121
1480,O-Na,121
1481,O-Na,121
1482,O-Na,121
1483,O-Na,121
1484,O-Na,121
1485,O-Na,121
1486,O-Na,121
1487,O-Na,121
1488,O-Na,121
1489,O-Na,121
1490,O-Na,121
1491,O-Na,120
1492,O-Na,120
1493,O-Na,120
1494,O-Na,120
1495,O-Na,120
1496,O-Na,120
1497,O-Na,120
1498,O-Na,120
1499,O-Na,120
1500,O-Na,120
1501,O-Na,120
1502,O-Na,120
1503,O-Na,120
1504,O-Na,120
1505,O-Na,120
1506,O-Na,120
1507,O-Na,120
1508,O-Na,121
1509,O-Na,121
1510,O-Na,121
1511,O-Na,121
1512,O-Na,121
1513,O-Na,121
1514,O-Na,121
1515,O-Na,121
1516,O-Na,121
1517,O-Na,121
1518,O-Na,121
1519,O-Na,121
1520,O-Na,121
1521,O-Na,121
1522,O-Na,121
1523,O-Na,121
1524,O-Na,121
1525,O-Na,121
1526,O-Na,121
1527,O-Na,121
1528,O-Na,121
1529,O-Na,121
1530,O-Na,121
1531,O-Na,121
1532,O-Na,121
1533,O-Na,121
1534,O-Na,120
1535,O-Na,120
1536,O-Na,120
1537,O-Na,120
1538,O-Na,120
1539,O-Na,120
1540,O-Na,120
1541,O-Na,120
1542,O-Na,120
1543,O-Na,120
1544,O-Na,120
1545,O-Na,120
1546,O-Na,120
1547,O-Na,120
1548,O-Na,120
1549,O-Na,120
1550,O-Na,120
1551,O-Na,120
1552,O-Na,120
1553,O-Na,120
1554,O-Na,120
1555,O-Na,120
1556,O-Na,120
1557,O-Na,120
1558,O-Na,120
1559,O-Na,120
1560,O-Na,120
1561,O-Na,120
1562,O-Na,120
1563,O-Na,120
1564,O-Na,120
1565,O-Na,119
1566,O-Na,119
1567,O-Na,119
1568,O-Na,119
1569,O-Na,119
1570,O-Na,119
1571,O-Na,119
1572,O-Na,119
1573,O-Na,119
1574,O-Na,119
1575,O-Na,119
1576,O-Na,118
1577,O-Na,118
1578,O-Na,118
1579,O-Na,118
1580,O-Na,118
1581,O-Na,118
1582,O-Na,118
1583,O-Na,118
1584,O-Na,118
1585,O-Na,118
1586,O-Na,118
1587,O-Na,117
1588,O-Na,117
1589,O-Na,117
1590,O-Na,117
1591,O-Na,117
1592,O-Na,117
1593,O-Na,117
1594,O-Na,117
1595,O-Na,117
1596,O-Na,117
1597,O-Na,117
1598,O-Na,117
1599,O-Na,117
1600,O-Na,117
1601,O-Na,117
1602,O-Na,117
1603,O-Na,117
1604,O-Na,117
1605,O-Na,117
1606,O-Na,117
1607,O-Na,117
1608,O-Na,118
1609,O-Na,118
1610,O-Na,118
1611,O-Na,118
1612,O-Na,118
1613,O-Na,118
1614,O-Na,118
1615,O-Na,118
1616,O-Na,118
1617,O-Na,118
1618,O-Na,118
1619,O-Na,118
1620,O-Na,118
1621,O-Na,118
1622,O-Na,118
1623,O-Na,118
1624,O-Na,118
1625,O-Na,118
1626,O-Na,118
1627,O-Na,118
1628,O-Na,118
1629,O-Na,118
1630,O-Na,118
1631,O-Na,118
1632,O-Na,118
1633,O-Na,118
1634,O-Na,118
1635,O-Na,118
1636,O-Na,118
1637,O-Na,118
1638,O-Na,118
1639,O-Na,118
1640,O-Na,118
1641,O-Na,118
1642,O-Na,118
1643,O-Na,118
1644,O-Na,118
1645,O-Na,118
1646,O-Na,118
1647,O-Na,118
1648,O-Na,118
1649,O-Na,118
1650,O-Na,118
1651,O-Na,118
1652,O-Na,118
1653,O-Na,118
1654,O-Na,117
1655,O-Na,117
1656,O-Na,117
1657,O-Na,117
1658,O-Na,117
1659,O-Na,117
1660,O-Na,117
1661,O-Na,117
1662,O-Na,117
1663,O-Na,117
1664,O-Na,117
1665,O-Na,117
1666,O-Na,117
1667,O-Na,117
1668,O-Na,117
1669,O-Na,117
1670,O-Na,117
1671,O-Na,117
1672,O-Na,117
1673,O-Na,117
1674,O-Na,117
1675,O-Na,117
1676,O-Na,117
1677,O-Na,117
1678,O-Na,117
1679,O-Na,117
1680,O-Na,117
1681,O-Na,117
1682,O-Na,117
1683,O-Na,117
1684,O-Na,117
1685,O-Na,117
1686,O-Na,117
1687,O-Na,117
1688,O-Na,117
1689,O-Na,117
1690,O-Na,117
1691,O-Na,117
1692,O-Na,117
1693,O-Na,117
1694,O-Na,117
1695,O-Na,117
1696,O-Na,117
1697,O-Na,117
1698,O-Na,117
1699,O-Na,117
1700,O-Na,117
1701,O-Na,117
1702,O-Na,117
1703,O-Na,117
1704,O-Na,117
1705,O-Na,117
1706,O-Na,117
1707,O-Na,117
1708,O-Na,117
1709,O-Na,117
1710,O-Na,117
1711,O-Na,117
1712,O-Na,118
1713,O-Na,118
1714,O-Na,118
1715,O-Na,118
1716,O-Na,118
1717,O-Na,118
1718,O-Na,118
1719,O-Na,118
1720,O-Na,118
1721,O-Na,118
1722,O-Na,118
1723,O-Na,118
1724,O-Na,118
1725,O-Na,118
1726,O-Na,118
1727,O-Na,118
1728,O-Na,118
1729,O-Na,118
1730,O-Na,118
1731,O-Na,118
1732,O-Na,118
1733,O-Na,118
1734,O-Na,118
1735,O-Na,118
1736,O-Na,118
1737,O-Na,118
1738,O-Na,118
1739,O-Na,118
1740,O-Na,118
1741,O-Na,119
1742,O-Na,119
1743,O-Na,119
1744,O-Na,119
1745,O-Na,119
1746,O-Na,119
1747,O-Na,119
1748,O-Na,119
1749,O-Na,119
1750,O-Na,119
1751,O-Na,119
1752,O-Na,119
1753,O-Na,120
1754,O-Na,120
1755,O-Na,120
1756,O-Na,120
1757,O-Na,120
1758,O-Na,120
1759,O-Na,120
1760,O-Na,120
1761,O-Na,120
1762,O-Na,120
1763,O-Na,120
1764,O-Na,120
1765,O-Na,120
1766,O-Na,120
1767,O-Na,120
1768,O-Na,120
1769,O-Na,120
1770,O-Na,120
1771,O-Na,120
1772,O-Na,120
1773,O-Na,120
1774,O-Na,120
1775,O-Na,120
1776,O-Na,120
1777,O-Na,120
1778,O-Na,120
1779,O-Na,120
1780,O-Na,120
1781,O-Na,120
1782,O-Na,120
1783,O-Na,120
1784,O-Na,120
1785,O-Na,120
1786,O-Na,120
1787,O-Na,120
1788,O-Na,120
1789,O-Na,120
1790,O-Na,120
1791,O-Na,120
1792,O-Na,120
1793,O-Na,120
1794,O-Na,120
1795,O-Na,120
1796,O-Na,120
1797,O-Na,120
1798,O-Na,120
1799,O-Na,120
1800,O-Na,120
1801,O-Na,120
1802,O-Na,120
1803,O-Na,120
1804,O-Na,120
1805,O-Na,120
1806,O-Na,120
1807,O-Na,120
1808,O-Na,120
1809,O-Na,120
1810,O-Na,120
1811,O-Na,120
1812,O-Na,120
1813,O-Na,120
1814,O-Na,120
1815,O-Na,120
1816,O-Na,120
1817,O-Na,120
1818,O-Na,120
1819,O-Na,120
1820,O-Na,120
1821,O-Na,120
1822,O-Na,120
1823,O-Na,120
1824,O-Na,120
1825,O-Na,120
1826,O-Na,120
1827,O-Na,120
1828,O-Na,120
1829,O-Na,120
1830,O-Na,120
1831,O-Na,120
1832,O-Na,120
1833,O-Na,120
1834,O-Na,120
1835,O-Na,120
1836,O-Na,120
1837,O-Na,120
1838,O-Na,120
1839,O-Na,120
1840,O-Na,120
1841,O-Na,120
1842,O-Na,120
1843,O-Na,120
1844,O-Na,120
1845,O-Na,120
1846,O-Na,120
1847,O-Na,120
1848,O-Na,120
1849,O-Na,120
1850,O-Na,119
1851,O-Na,119
1852,O-Na,119
1853,O-Na,119
1854,O-Na,119
1855,O-Na,119
1856,O-Na,119
1857,O-Na,119
1858,O-Na,119
1859,O-Na,119
1860,O-Na,119
1861,O-Na,119
1862,O-Na,119
1863,O-Na,119
1864,O-Na,120
1865,O-Na,120
1866,O-Na,120
1867,O-Na,120
1868,O-Na,120
1869,O-Na,120
1870,O-Na,120
1871,O-Na,120
1872,O-Na,120
1873,O-Na,120
1874,O-Na,120
1875,O-Na,119
1876,O-Na,119
1877,O-Na,119
1878,O-Na,119
1879,O-Na,119
1880,O-Na,119
1881,O-Na,119
1882,O-Na,119
1883,O-Na,119
1884,O-Na,119
1885,O-Na,119
1886,O-Na,119
1887,O-Na,119
1888,O-Na,119
1889,O-Na,119
1890,O-Na,119
1891,O-Na,119
1892,O-Na,119
1893,O-Na,119
1894,O-Na,119
1895,O-Na,119
1896,O-Na,119
1897,O-Na,119
1898,O-Na,119
1899,O-Na,119
1900,O-Na,119
1901,O-Na,119
1902,O-Na,119
1903,O-Na,119
1904,O-Na,119
1905,O-Na,119
1906,O-Na,119
1907,O-Na,119
1908,O-Na,120
1909,O-Na,120
1910,O-Na,120
1911,O-Na,120
1912,O-Na,120
1913,O-Na,120
1914,O-Na,120
1915,O-Na,120
1916,O-Na,120
1917,O-Na,120
1918,O-Na,120
1919,O-Na,120
1920,O-Na,120
1921,O-Na,120
1922,O-Na,120
1923,O-Na,120
1924,O-Na,120
1925,O-Na,120
1926,O-Na,120
1927,O-Na,120
1928,O-Na,119
1929,O-Na,119
1930,O-Na,119
1931,O-Na,119
1932,O-Na,119
1933,O-Na,119
1934,O-Na,119
1935,O-Na,119
1936,O-Na,119
1937,O-Na,119
1938,O-Na,119
1939,O-Na,119
1940,O-Na,119
1941,O-Na,119
1942,O-Na,119
1943,O-Na,119
1944,O-Na,119
1945,O-Na,119
1946,O-Na,119
1947,O-Na,119
1948,O-Na,119
1949,O-Na,119
1950,O-Na,119
1951,O-Na,119
1952,O-Na,119
1953,O-Na,119
1954,O-Na,119
1955,O-Na,119
1956,O-Na,119
1957,O-Na,118
1958,O-Na,118
1959,O-Na,118
1960,O-Na,118
1961,O-Na,118
1962,O-Na,118
1963,O-Na,118
1964,O-Na,118
1965,O-Na,118
1966,O-Na,118
1967,O-Na,118
1968,O-Na,118
1969,O-Na,118
1970,O-Na,118
1971,O-Na,118
1972,O-Na,118
1973,O-Na,118
1974,O-Na,118
1975,O-Na,118
1976,O-Na,118
1977,O-Na,118
1978,O-Na,118
1979,O-Na,118
1980,O-Na,118
1981,O-Na,118
1982,O-Na,118
1983,O-Na,118
1984,O-Na,118
1985,O-Na,119
1986,O-Na,119
1987,O-Na,119
1988,O-Na,119
1989,O-Na,119
1990,O-Na,119
1991,O-Na,119
1992,O-Na,119
1993,O-Na,119
1994,O-Na,119
1995,O-Na,119
1996,O-Na,119
1997,O-Na,119
1998,O-Na,119
1999,O-Na,119
0,O-Al,96
1,O-Al,96
2,O-Al,96
3,O-Al,96
4,O-Al,96
5,O-Al,96
6,O-Al,96
7,O-Al,96
8,O-Al,96
9,O-Al,96
10,O-Al,96
11,O-Al,96
12,O-Al,96
13,O-Al,96
14,O-Al,96
15,O-Al,96
16,O-Al,96
17,O-Al,96
18,O-Al,96
19,O-Al,96
20,O-Al,96
21,O-Al,96
22,O-Al,96
23,O-Al,96
24,O-Al,96
25,O-Al,96
26,O-Al,96
27,O-Al,96
28,O-Al,96
29,O-Al,96
30,O-Al,96
31,O-Al,96
32,O-Al,96
33,O-Al,96
34,O-Al,96
35,O-Al,96
36,O-Al,96
37,O-Al,96
38,O-Al,96
39,O-Al,96
40,O-Al,96
41,O-Al,96
42,O-Al,96
43,O-Al,96
44,O-Al,96
45,O-Al,96
46,O-Al,96
47,O-Al,96
48,O-Al,96
49,O-Al,96
50,O-Al,96
51,O-Al,96
52,O-Al,96
53,O-Al,96
54,O-Al,96
55,O-Al,96
56,O-Al,96
57,O-Al,96
58,O-Al,96
59,O-Al,96
60,O-Al,96
61,O-Al,96
62,O-Al,96
63,O-Al,96
64,O-Al,96
65,O-Al,96
66,O-Al,96
67,O-Al,96
68,O-Al,96
69,O-Al,96
70,O-Al,96
71,O-Al,96
72,O-Al,96
73,O-Al,96
74,O-Al,96
75,O-Al,96
76,O-Al,96
77,O-Al,96
78,O-Al,96
79,O-Al,96
80,O-Al,96
81,O-Al,96
82,O-Al,96
83,O-Al,96
84,O-Al,96
85,O-Al,96
86,O-Al,96
87,O-Al,96
88,O-Al,96
89,O-Al,96
90,O-Al,96
91,O-Al,96
92,O-Al,96
93,O-Al,96
94,O-Al,96
95,O-Al,96
96,O-Al,96
97,O-Al,96
98,O-Al,96
99,O-Al,96
100,O-Al,96
101,O-Al,96
102,O-Al,96
103,O-Al,96
104,O-Al,96
105,O-Al,96
106,O-Al,96
107,O-Al,96
108,O-Al,96
109,O-Al,96
110,O-Al,96
111,O-Al,96
112,O-Al,96
113,O-Al,96
114,O-Al,96
115,O-Al,96
116,O-Al,96
117,O-Al,96
118,O-Al,96
119,O-Al,96
120,O-Al,96
121,O-Al,96
122,O-Al,96
123,O-Al,96
124,O-Al,96
125,O-Al,96
126,O-Al,96
127,O-Al,96
128,O-Al,96
129,O-Al,96
130,O-Al,96
131,O-Al,96
132,O-Al,96
133,O-Al,96
134,O-Al,96
135,O-Al,96
136,O-Al,96
137,O-Al,96
138,O-Al,96
139,O-Al,96
140,O-Al,96
141,O-Al,96
142,O-Al,96
143,O-Al,96
144,O-Al,96
145,O-Al,96
146,O-Al,96
147,O-Al,96
148,O-Al,96
149,O-Al,96
150,O-Al,96
151,O-Al,96
152,O-Al,96
153,O-Al,96
154,O-Al,96
155,O-Al,96
156,O-Al,96
157,O-Al,96
158,O-Al,96
159,O-Al,96
160,O-Al,96
161,O-Al,96
162,O-Al,96
163,O-Al,96
164,O-Al,96
165,O-Al,96
166,O-Al,96
167,O-Al,96
168,O-Al,96
169,O-Al,96
170,O-Al,96
171,O-Al,96
172,O-Al,96
173,O-Al,96
174,O-Al,96
175,O-Al,96
176,O-Al,96
177,O-Al,96
178,O-Al,96
179,O-Al,96
180,O-Al,96
181,O-Al,96
182,O-Al,96
183,O-Al,96
184,O-Al,96
185,O-Al,96
186,O-Al,96
187,O-Al,96
188,O-Al,96
189,O-Al,96
190,O-Al,96
191,O-Al,96
192,O-Al,96
193,O-Al,96
194,O-Al,96
195,O-Al,96
196,O-Al,96
197,O-Al,96
198,O-Al,96
199,O-Al,96
200,O-Al,96
201,O-Al,96
202,O-Al,96
203,O-Al,96
204,O-Al,96
205,O-Al,96
206,O-Al,96
207,O-Al,96
208,O-Al,96
209,O-Al,96
210,O-Al,96
211,O-Al,96
212,O-Al,96
213,O-Al,96
214,O-Al,96
215,O-Al,96
216,O-Al,96
217,O-Al,96
218,O-Al,96
219,O-Al,96
220,O-Al,96
221,O-Al,96
222,O-Al,96
223,O-Al,96
224,O-Al,96
225,O-Al,96
226,O-Al,96
227,O-Al,96
228,O-Al,96
229,O-Al,96
230,O-Al,96
231,O-Al,96
232,O-Al,96
233,O-Al,96
234,O-Al,96
235,O-Al,96
236,O-Al,96
237,O-Al,96
238,O-Al,96
239,O-Al,96
240,O-Al,96
241,O-Al,96
242,O-Al,96
243,O-Al,96
244,O-Al,96
245,O-Al,96
246,O-Al,96
247,O-Al,96
248,O-Al,96
249,O-Al,96
250,O-Al,96
251,O-Al,96
252,O-Al,96
253,O-Al,96
254,O-Al,96
255,O-Al,96
256,O-Al,96
257,O-Al,96
258,O-Al,96
259,O-Al,96
260,O-Al,96
261,O-Al,96
262,O-Al,96
263,O-Al,96
264,O-Al,96
265,O-Al,96
266,O-Al,96
267,O-Al,96
268,O-Al,96
269,O-Al,96
270,O-Al,96
271,O-Al,96
272,O-Al,96
273,O-Al,96
274,O-Al,96
275,O-Al,96
276,O-Al,96
277,O-Al,96
278,O-Al,96
279,O-Al,96
280,O-Al,96
281,O-Al,96
282,O-Al,96
283,O-Al,96
284,O-Al,96
285,O-Al,96
286,O-Al,96
287,O-Al,96
288,O-Al,96
289,O-Al,96
290,O-Al,96
291,O-Al,96
292,O-Al,96
293,O-Al,96
294,O-Al,96
295,O-Al,96
296,O-Al,96
297,O-Al,96
298,O-Al,96
299,O-Al,96
300,O-Al,96
301,O-Al,96
302,O-Al,96
303,O-Al,96
304,O-Al,96
305,O-Al,96
306,O-Al,96
307,O-Al,96
308,O-Al,96
309,O-Al,96
310,O-Al,96
311,O-Al,96
312,O-Al,96
313,O-Al,96
314,O-Al,96
315,O-Al,96
316,O-Al,96
317,O-Al,96
318,O-Al,96
319,O-Al,96
320,O-Al,96
321,O-Al,96
322,O-Al,96
323,O-Al,96
324,O-Al,96
325,O-Al,96
326,O-Al,96
327,O-Al,96
328,O-Al,96
329,O-Al,96
330,O-Al,96
331,O-Al,96
332,O-Al,96
333,O-Al,96
334,O-Al,96
335,O-Al,96
336,O-Al,96
337,O-Al,96
338,O-Al,96
339,O-Al,96
340,O-Al,96
341,O-Al,96
342,O-Al,96
343,O-Al,96
344,O-Al,96
345,O-Al,96
346,O-Al,96
347,O-Al,96
348,O-Al,96
349,O-Al,96
350,O-Al,96
351,O-Al,96
352,O-Al,96
353,O-Al,96
354,O-Al,96
355,O-Al,96
356,O-Al,96
357,O-Al,96
358,O-Al,96
359,O-Al,96
360,O-Al,96
361,O-Al,96
362,O-Al,96
363,O-Al,96
364,O-Al,96
365,O-Al,96
366,O-Al,96
367,O-Al,96
368,O-Al,96
369,O-Al,96
370,O-Al,96
371,O-Al,96
372,O-Al,96
373,O-Al,96
374,O-Al,96
375,O-Al,96
376,O-Al,96
377,O-Al,96
378,O-Al,96
379,O-Al,96
380,O-Al,96
381,O-Al,96
382,O-Al,96
383,O-Al,96
384,O-Al,96
385,O-Al,96
386,O-Al,96
387,O-Al,96
388,O-Al,96
389,O-Al,96
390,O-Al,96
391,O-Al,96
392,O-Al,96
393,O-Al,96
394,O-Al,96
395,O-Al,96
396,O-Al,96
397,O-Al,96
398,O-Al,96
399,O-Al,96
400,O-Al,96
401,O-Al,96
402,O-Al,96
403,O-Al,96
404,O-Al,96
405,O-Al,96
406,O-Al,96
407,O-Al,96
408,O-Al,96
409,O-Al,96
410,O-Al,96
411,O-Al,96
412,O-Al,96
413,O-Al,96
414,O-Al,96
415,O-Al,96
416,O-Al,96
417,O-Al,96
418,O-Al,96
419,O-Al,96
420,O-Al,96
421,O-Al,96
422,O-Al,96
423,O-Al,96
424,O-Al,96
425,O-Al,96
426,O-Al,96
427,O-Al,96
428,O-Al,96
429,O-Al,96
430,O-Al,96
431,O-Al,96
432,O-Al,96
433,O-Al,96
434,O-Al,96
435,O-Al,96
436,O-Al,96
437,O-Al,96
438,O-Al,96
439,O-Al,96
440,O-Al,96
441,O-Al,96
442,O-Al,96
443,O-Al,96
444,O-Al,96
445,O-Al,96
446,O-Al,96
447,O-Al,96
448,O-Al,96
449,O-Al,96
450,O-Al,96
451,O-Al,96
452,O-Al,96
453,O-Al,96
454,O-Al,96
455,O-Al,96
456,O-Al,96
457,O-Al,96
458,O-Al,96
459,O-Al,96
460,O-Al,96
461,O-Al,96
462,O-Al,96
463,O-Al,96
464,O-Al,96
465,O-Al,96
466,O-Al,96
467,O-Al,96
468,O-Al,96
469,O-Al,96
470,O-Al,96
471,O-Al,96
472,O-Al,96
473,O-Al,96
474,O-Al,96
475,O-Al,96
476,O-Al,96
477,O-Al,96
478,O-Al,96
479,O-Al,96
480,O-Al,96
481,O-Al,96
482,O-Al,96
483,O-Al,96
484,O-Al,96
485,O-Al,96
486,O-Al,96
487,O-Al,96
488,O-Al,96
489,O-Al,96
490,O-Al,96
491,O-Al,96
492,O-Al,96
493,O-Al,96
494,O-Al,96
495,O-Al,96
496,O-Al,96
497,O-Al,96
498,O-Al,96
499,O-Al,96
500,O-Al,96
501,O-Al,96
502,O-Al,96
503,O-Al,96
504,O-Al,96
505,O-Al,96
506,O-Al,96
507,O-Al,96
508,O-Al,96
509,O-Al,96
510,O-Al,96
511,O-Al,96
512,O-Al,96
513,O-Al,96
514,O-Al,96
515,O-Al,96
516,O-Al,96
517,O-Al,96
518,O-Al,96
519,O-Al,96
520,O-Al,96
521,O-Al,96
522,O-Al,96
523,O-Al,96
524,O-Al,96
525,O-Al,96
526,O-Al,96
527,O-Al,96
528,O-Al,96
529,O-Al,96
530,O-Al,96
531,O-Al,96
532,O-Al,96
533,O-Al,96
534,O-Al,96
535,O-Al,96
536,O-Al,96
537,O-Al,96
538,O-Al,96
539,O-Al,96
540,O-Al,96
541,O-Al,96
542,O-Al,96
543,O-Al,96
544,O-Al,96
545,O-Al,96
546,O-Al,96
547,O-Al,96
548,O-Al,96
549,O-Al,96
550,O-Al,96
551,O-Al,96
552,O-Al,96
553,O-Al,96
554,O-Al,96
555,O-Al,96
556,O-Al,96
557,O-Al,96
558,O-Al,96
559,O-Al,96
560,O-Al,96
561,O-Al,96
562,O-Al,96
563,O-Al,96
564,O-Al,96
565,O-Al,96
566,O-Al,96
567,O-Al,96
568,O-Al,96
569,O-Al,96
570,O-Al,96
571,O-Al,96
572,O-Al,96
573,O-Al,96
574,O-Al,96
575,O-Al,96
576,O-Al,96
577,O-Al,96
578,O-Al,96
579,O-Al,96
580,O-Al,96
581,O-Al,96
582,O-Al,96
583,O-Al,96
584,O-Al,96
585,O-Al,96
586,O-Al,96
587,O-Al,96
588,O-Al,96
589,O-Al,96
590,O-Al,96
591,O-Al,96
592,O-Al,96
593,O-Al,96
594,O-Al,96
595,O-Al,96
596,O-Al,96
597,O-Al,96
598,O-Al,96
599,O-Al,96
600,O-Al,96
601,O-Al,96
602,O-Al,96
603,O-Al,96
604,O-Al,96
605,O-Al,96
606,O-Al,96
607,O-Al,96
608,O-Al,96
609,O-Al,96
610,O-Al,96
611,O-Al,96
612,O-Al,96
613,O-Al,96
614,O-Al,96
615,O-Al,96
616,O-Al,96
617,O-Al,96
618,O-Al,96
619,O-Al,96
620,O-Al,96
621,O-Al,96
622,O-Al,96
623,O-Al,96
624,O-Al,96
625,O-Al,96
626,O-Al,96
627,O-Al,96
628,O-Al,96
629,O-Al,96
630,O-Al,96
631,O-Al,96
632,O-Al,96
633,O-Al,96
634,O-Al,96
635,O-Al,96
636,O-Al,96
637,O-Al,96
638,O-Al,96
639,O-Al,96
640,O-Al,96
641,O-Al,96
642,O-Al,96
643,O-Al,96
644,O-Al,96
645,O-Al,96
646,O-Al,96
647,O-Al,96
648,O-Al,96
649,O-Al,96
650,O-Al,96
651,O-Al,96
652,O-Al,96
653,O-Al,96
654,O-Al,96
655,O-Al,96
656,O-Al,96
657,O-Al,96
658,O-Al,96
659,O-Al,96
660,O-Al,96
661,O-Al,96
662,O-Al,96
663,O-Al,96
664,O-Al,96
665,O-Al,96
666,O-Al,96
667,O-Al,96
668,O-Al,96
669,O-Al,96
670,O-Al,96
671,O-Al,96
672,O-Al,96
673,O-Al,96
674,O-Al,96
675,O-Al,96
676,O-Al,96
677,O-Al,96
678,O-Al,96
679,O-Al,96
680,O-Al,96
681,O-Al,96
682,O-Al,96
683,O-Al,96
684,O-Al,96
685,O-Al,96
686,O-Al,96
687,O-Al,96
688,O-Al,96
689,O-Al,96
690,O-Al,96
691,O-Al,96
692,O-Al,96
693,O-Al,96
694,O-Al,96
695,O-Al,96
696,O-Al,96
697,O-Al,96
698,O-Al,96
699,O-Al,96
700,O-Al,96
701,O-Al,96
702,O-Al,96
703,O-Al,96
704,O-Al,96
705,O-Al,96
706,O-Al,96
707,O-Al,96
708,O-Al,96
709,O-Al,96
710,O-Al,96
711,O-Al,96
712,O-Al,96
713,O-Al,96
714,O-Al,96
715,O-Al,96
716,O-Al,96
717,O-Al,96
718,O-Al,96
719,O-Al,96
720,O-Al,96
721,O-Al,96
722,O-Al,96
723,O-Al,96
724,O-Al,96
725,O-Al,96
726,O-Al,96
727,O-Al,96
728,O-Al,96
729,O-Al,96
730,O-Al,96
731,O-Al,96
732,O-Al,96
733,O-Al,96
734,O-Al,96
735,O-Al,96
736,O-Al,96
737,O-Al,96
738,O-Al,96
739,O-Al,96
740,O-Al,96
741,O-Al,96
742,O-Al,96
743,O-Al,96
744,O-Al,96
745,O-Al,96
746,O-Al,96
747,O-Al,96
748,O-Al,96
749,O-Al,96
750,O-Al,96
751,O-Al,96
752,O-Al,96
753,O-Al,96
754,O-Al,96
755,O-Al,96
756,O-Al,96
757,O-Al,96
758,O-Al,96
759,O-Al,96
760,O-Al,96
761,O-Al,96
762,O-Al,96
763,O-Al,96
764,O-Al,96
765,O-Al,96
766,O-Al,96
767,O-Al,96
768,O-Al,96
769,O-Al,96
770,O-Al,96
771,O-Al,96
772,O-Al,96
773,O-Al,96
774,O-Al,96
775,O-Al,96
776,O-Al,96
777,O-Al,96
778,O-Al,96
779,O-Al,96
780,O-Al,96
781,O-Al,96
782,O-Al,96
783,O-Al,96
784,O-Al,96
785,O-Al,96
786,O-Al,96
787,O-Al,96
788,O-Al,96
789,O-Al,96
790,O-Al,96
791,O-Al,96
792,O-Al,96
793,O-Al,96
794,O-Al,96
795,O-Al,96
796,O-Al,96
797,O-Al,96
798,O-Al,96
799,O-Al,96
800,O-Al,96
801,O-Al,96
802,O-Al,96
803,O-Al,96
804,O-Al,96
805,O-Al,96
806,O-Al,96
807,O-Al,96
808,O-Al,96
809,O-Al,96
810,O-Al,96
811,O-Al,96
812,O-Al,96
813,O-Al,96
814,O-Al,96
815,O-Al,96
816,O-Al,96
817,O-Al,96
818,O-Al,96
819,O-Al,96
820,O-Al,96
821,O-Al,96
822,O-Al,96
823,O-Al,96
824,O-Al,96
825,O-Al,96
826,O-Al,96
827,O-Al,96
828,O-Al,96
829,O-Al,96
830,O-Al,96
831,O-Al,96
832,O-Al,96
833,O-Al,96
834,O-Al,96
835,O-Al,96
836,O-Al,96
837,O-Al,96
838,O-Al,96
839,O-Al,96
840,O-Al,96
841,O-Al,96
842,O-Al,96
843,O-Al,96
844,O-Al,96
845,O-Al,96
846,O-Al,96
847,O-Al,96
848,O-Al,96
849,O-Al,96
850,O-Al,96
851,O-Al,96
852,O-Al,96
853,O-Al,96
854,O-Al,96
855,O-Al,96
856,O-Al,96
857,O-Al,96
858,O-Al,96
859,O-Al,96
860,O-Al,96
861,O-Al,96
862,O-Al,96
863,O-Al,96
864,O-Al,96
865,O-Al,96
866,O-Al,96
867,O-Al,96
868,O-Al,96
869,O-Al,96
870,O-Al,96
871,O-Al,96
872,O-Al,96
873,O-Al,96
874,O-Al,96
875,O-Al,96
876,O-Al,96
877,O-Al,96
878,O-Al,96
879,O-Al,96
880,O-Al,96
881,O-Al,96
882,O-Al,96
883,O-Al,96
884,O-Al,96
885,O-Al,96
886,O-Al,96
887,O-Al,96
888,O-Al,96
889,O-Al,96
890,O-Al,96
891,O-Al,96
892,O-Al,96
893,O-Al,96
894,O-Al,96
895,O-Al,96
896,O-Al,96
897,O-Al,96
898,O-Al,96
899,O-Al,96
900,O-Al,96
901,O-Al,96
902,O-Al,96
903,O-Al,96
904,O-Al,96
905,O-Al,96
906,O-Al,96
907,O-Al,96
908,O-Al,96
909,O-Al,96
910,O-Al,96
911,O-Al,96
912,O-Al,96
913,O-Al,96
914,O-Al,96
915,O-Al,96
916,O-Al,96
917,O-Al,96
918,O-Al,96
919,O-Al,96
920,O-Al,96
921,O-Al,96
922,O-Al,96
923,O-Al,96
924,O-Al,96
925,O-Al,96
926,O-Al,96
927,O-Al,96
928,O-Al,96
929,O-Al,96
930,O-Al,96
931,O-Al,96
932,O-Al,96
933,O-Al,96
934,O-Al,96
935,O-Al,96
936,O-Al,96
937,O-Al,96
938,O-Al,96
939,O-Al,96
940,O-Al,96
941,O-Al,96
942,O-Al,96
943,O-Al,96
944,O-Al,96
945,O-Al,96
946,O-Al,96
947,O-Al,96
948,O-Al,96
949,O-Al,96
950,O-Al,96
951,O-Al,96
952,O-Al,96
953,O-Al,96
954,O-Al,96
955,O-Al,96
956,O-Al,96
957,O-Al,96
958,O-Al,96
959,O-Al,96
960,O-Al,96
961,O-Al,96
962,O-Al,96
963,O-Al,96
964,O-Al,96
965,O-Al,96
966,O-Al,96
967,O-Al,96
968,O-Al,96
969,O-Al,96
970,O-Al,96
971,O-Al,96
972,O-Al,96
973,O-Al,96
974,O-Al,96
975,O-Al,96
976,O-Al,96
977,O-Al,96
978,O-Al,96
979,O-Al,96
980,O-Al,96
981,O-Al,96
982,O-Al,96
983,O-Al,96
984,O-Al,96
985,O-Al,96
986,O-Al,96
987,O-Al,96
988,O-Al,96
989,O-Al,96
990,O-Al,96
991,O-Al,96
992,O-Al,96
993,O-Al,96
994,O-Al,96
995,O-Al,96
996,O-Al,96
997,O-Al,96
998,O-Al,96
999,O-Al,96
1000,O-Al,96
1001,O-Al,96
1002,O-Al,96
1003,O-Al,96
1004,O-Al,96
1005,O-Al,96
1006,O-Al,96
1007,O-Al,96
1008,O-Al,96
1009,O-Al,96
1010,O-Al,96
1011,O-Al,96
1012,O-Al,96
1013,O-Al,96
1014,O-Al,96
1015,O-Al,96
1016,O-Al,96
1017,O-Al,96
1018,O-Al,96
1019,O-Al,96
1020,O-Al,96
1021,O-Al,96
1022,O-Al,96
1023,O-Al,96
1024,O-Al,96
1025,O-Al,96
1026,O-Al,96
1027,O-Al,96
1028,O-Al,96
1029,O-Al,96
1030,O-Al,96
1031,O-Al,96
1032,O-Al,96
1033,O-Al,96
1034,O-Al,96
1035,O-Al,96
1036,O-Al,96
1037,O-Al,96
1038,O-Al,96
1039,O-Al,96
1040,O-Al,96
1041,O-Al,96
1042,O-Al,96
1043,O-Al,96
1044,O-Al,96
1045,O-Al,96
1046,O-Al,96
1047,O-Al,96
1048,O-Al,96
1049,O-Al,96
1050,O-Al,96
1051,O-Al,96
1052,O-Al,96
1053,O-Al,96
1054,O-Al,96
1055,O-Al,96
1056,O-Al,96
1057,O-Al,96
1058,O-Al,96
1059,O-Al,96
1060,O-Al,96
1061,O-Al,96
1062,O-Al,96
1063,O-Al,96
1064,O-Al,96
1065,O-Al,96
1066,O-Al,96
1067,O-Al,96
1068,O-Al,96
1069,O-Al,96
1070,O-Al,96
1071,O-Al,96
1072,O-Al,96
1073,O-Al,96
1074,O-Al,96
1075,O-Al,96
1076,O-Al,96
1077,O-Al,96
1078,O-Al,96
1079,O-Al,96
1080,O-Al,96
1081,O-Al,96
1082,O-Al,96
1083,O-Al,96
1084,O-Al,96
1085,O-Al,96
1086,O-Al,96
1087,O-Al,96
1088,O-Al,96
1089,O-Al,96
1090,O-Al,96
1091,O-Al,96
1092,O-Al,96
1093,O-Al,96
1094,O-Al,96
1095,O-Al,96
1096,O-Al,96
1097,O-Al,96
1098,O-Al,96
1099,O-Al,96
1100,O-Al,96
1101,O-Al,96
1102,O-Al,96
1103,O-Al,96
1104,O-Al,96
1105,O-Al,96
1106,O-Al,96
1107,O-Al,96
1108,O-Al,96
1109,O-Al,96
1110,O-Al,96
1111,O-Al,96
1112,O-Al,96
1113,O-Al,96
1114,O-Al,96
1115,O-Al,96
1116,O-Al,96
1117,O-Al,96
1118,O-Al,96
1119,O-Al,96
1120,O-Al,96
1121,O-Al,96
1122,O-Al,96
1123,O-Al,96
1124,O-Al,96
1125,O-Al,96
1126,O-Al,96
1127,O-Al,96
1128,O-Al,96
1129,O-Al,96
1130,O-Al,96
1131,O-Al,96
1132,O-Al,96
1133,O-Al,96
1134,O-Al,96
1135,O-Al,96
1136,O-Al,96
1137,O-Al,96
1138,O-Al,96
1139,O-Al,96
1140,O-Al,96
1141,O-Al,96
1142,O-Al,96
1143,O-Al,96
1144,O-Al,96
1145,O-Al,96
1146,O-Al,96
1147,O-Al,96
1148,O-Al,96
1149,O-Al,96
1150,O-Al,96
1151,O-Al,96
1152,O-Al,96
1153,O-Al,96
1154,O-Al,96
1155,O-Al,96
1156,O-Al,96
1157,O-Al,96
1158,O-Al,96
1159,O-Al,96
1160,O-Al,96
1161,O-Al,96
1162,O-Al,96
1163,O-Al,96
1164,O-Al,96
1165,O-Al,96
1166,O-Al,96
1167,O-Al,96
1168,O-Al,96
1169,O-Al,96
1170,O-Al,96
1171,O-Al,96
1172,O-Al,96
1173,O-Al,96
1174,O-Al,96
1175,O-Al,96
1176,O-Al,96
1177,O-Al,96
1178,O-Al,96
1179,O-Al,96
1180,O-Al,96
1181,O-Al,96
1182,O-Al,96
1183,O-Al,96
1184,O-Al,96
1185,O-Al,96
1186,O-Al,96
1187,O-Al,96
1188,O-Al,96
1189,O-Al,96
1190,O-Al,96
1191,O-Al,96
1192,O-Al,96
1193,O-Al,96
1194,O-Al,96
1195,O-Al,96
1196,O-Al,96
1197,O-Al,96
1198,O-Al,96
1199,O-Al,96
1200,O-Al,96
1201,O-Al,96
1202,O-Al,96
1203,O-Al,96
1204,O-Al,96
1205,O-Al,96
1206,O-Al,96
1207,O-Al,96
1208,O-Al,96
1209,O-Al,96
1210,O-Al,96
1211,O-Al,96
1212,O-Al,96
1213,O-Al,96
1214,O-Al,96
1215,O-Al,96
1216,O-Al,96
1217,O-Al,96
1218,O-Al,96
1219,O-Al,96
1220,O-Al,96
1221,O-Al,96
1222,O-Al,96
1223,O-Al,96
1224,O-Al,96
1225,O-Al,96
1226,O-Al,96
1227,O-Al,96
1228,O-Al,96
1229,O-Al,96
1230,O-Al,96
1231,O-Al,96
1232,O-Al,96
1233,O-Al,96
1234,O-Al,96
1235,O-Al,96
1236,O-Al,96
1237,O-Al,96
1238,O-Al,96
1239,O-Al,96
1240,O-Al,96
1241,O-Al,96
1242,O-Al,96
1243,O-Al,96
1244,O-Al,96
1245,O-Al,96
1246,O-Al,96
1247,O-Al,96
1248,O-Al,96
1249,O-Al,96
1250,O-Al,96
1251,O-Al,96
1252,O-Al,96
1253,O-Al,96
1254,O-Al,96
1255,O-Al,96
1256,O-Al,96
1257,O-Al,96
1258,O-Al,96
1259,O-Al,96
1260,O-Al,96
1261,O-Al,96
1262,O-Al,96
1263,O-Al,96
1264,O-Al,96
1265,O-Al,96
1266,O-Al,96
1267,O-Al,96
1268,O-Al,96
1269,O-Al,96
1270,O-Al,96
1271,O-Al,96
1272,O-Al,96
1273,O-Al,96
1274,O-Al,96
1275,O-Al,96
1276,O-Al,96
1277,O-Al,96
1278,O-Al,96
1279,O-Al,96
1280,O-Al,96
1281,O-Al,96
1282,O-Al,96
1283,O-Al,96
1284,O-Al,96
1285,O-Al,96
1286,O-Al,96
1287,O-Al,96
1288,O-Al,96
1289,O-Al,96
1290,O-Al,96
1291,O-Al,96
1292,O-Al,96
1293,O-Al,96
1294,O-Al,96
1295,O-Al,96
1296,O-Al,96
1297,O-Al,96
1298,O-Al,96
1299,O-Al,96
1300,O-Al,96
1301,O-Al,96
1302,O-Al,96
1303,O-Al,96
1304,O-Al,96
1305,O-Al,96
1306,O-Al,96
1307,O-Al,96
1308,O-Al,96
1309,O-Al,96
1310,O-Al,96
1311,O-Al,96
1312,O-Al,96
1313,O-Al,96
1314,O-Al,96
1315,O-Al,96
1316,O-Al,96
1317,O-Al,96
1318,O-Al,96
1319,O-Al,96
1320,O-Al,96
1321,O-Al,96
1322,O-Al,96
1323,O-Al,96
1324,O-Al,96
1325,O-Al,96
1326,O-Al,96
1327,O-Al,96
1328,O-Al,96
1329,O-Al,96
1330,O-Al,96
1331,O-Al,96
1332,O-Al,96
1333,O-Al,96
1334,O-Al,96
1335,O-Al,96
1336,O-Al,96
1337,O-Al,96
1338,O-Al,96
1339,O-Al,96
1340,O-Al,96
1341,O-Al,96
1342,O-Al,96
1343,O-Al,96
1344,O-Al,96
1345,O-Al,96
1346,O-Al,96
1347,O-Al,96
1348,O-Al,96
1349,O-Al,96
1350,O-Al,96
1351,O-Al,96
1352,O-Al,96
1353,O-Al,96
1354,O-Al,96
1355,O-Al,96
1356,O-Al,96
1357,O-Al,96
1358,O-Al,96
1359,O-Al,96
1360,O-Al,96
1361,O-Al,96
1362,O-Al,96
1363,O-Al,96
1364,O-Al,96
1365,O-Al,96
1366,O-Al,96
1367,O-Al,96
1368,O-Al,96
1369,O-Al,96
1370,O-Al,96
1371,O-Al,96
1372,O-Al,96
1373,O-Al,96
1374,O-Al,96
1375,O-Al,96
1376,O-Al,96
1377,O-Al,96
1378,O-Al,96
1379,O-Al,96
1380,O-Al,96
1381,O-Al,96
1382,O-Al,96
1383,O-Al,96
1384,O-Al,96
1385,O-Al,96
1386,O-Al,96
1387,O-Al,96
1388,O-Al,96
1389,O-Al,96
1390,O-Al,96
1391,O-Al,96
1392,O-Al,96
1393,O-Al,96
1394,O-Al,96
1395,O-Al,96
1396,O-Al,96
1397,O-Al,96
1398,O-Al,96
1399,O-Al,96
1400,O-Al,96
1401,O-Al,96
1402,O-Al,96
1403,O-Al,96
1404,O-Al,96
1405,O-Al,96
1406,O-Al,96
1407,O-Al,96
1408,O-Al,96
1409,O-Al,96
1410,O-Al,96
1411,O-Al,96
1412,O-Al,96
1413,O-Al,96
1414,O-Al,96
1415,O-Al,96
1416,O-Al,96
1417,O-Al,96
1418,O-Al,96
1419,O-Al,96
1420,O-Al,96
1421,O-Al,96
1422,O-Al,96
1423,O-Al,96
1424,O-Al,96
1425,O-Al,96
1426,O-Al,96
1427,O-Al,96
1428,O-Al,96
1429,O-Al,96
1430,O-Al,96
1431,O-Al,96
1432,O-Al,96
1433,O-Al,96
1434,O-Al,96
1435,O-Al,96
1436,O-Al,96
1437,O-Al,96
1438,O-Al,96
1439,O-Al,96
1440,O-Al,96
1441,O-Al,96
1442,O-Al,96
1443,O-Al,96
1444,O-Al,96
1445,O-Al,96
1446,O-Al,96
1447,O-Al,96
1448,O-Al,96
1449,O-Al,96
1450,O-Al,96
1451,O-Al,96
1452,O-Al,96
1453,O-Al,96
1454,O-Al,96
1455,O-Al,96
1456,O-Al,96
1457,O-Al,96
1458,O-Al,96
1459,O-Al,96
1460,O-Al,96
1461,O-Al,96
1462,O-Al,96
1463,O-Al,96
1464,O-Al,96
1465,O-Al,96
1466,O-Al,96
1467,O-Al,96
1468,O-Al,96
1469,O-Al,96
1470,O-Al,96
1471,O-Al,96
1472,O-Al,96
1473,O-Al,96
1474,O-Al,96
1475,O-Al,96
1476,O-Al,96
1477,O-Al,96
1478,O-Al,96
1479,O-Al,96
1480,O-Al,96
1481,O-Al,96
1482,O-Al,96
1483,O-Al,96
1484,O-Al,96
1485,O-Al,96
1486,O-Al,96
1487,O-Al,96
1488,O-Al,96
1489,O-Al,96
1490,O-Al,96
1491,O-Al,96
1492,O-Al,96
1493,O-Al,96
1494,O-Al,96
1495,O-Al,96
1496,O-Al,96
1497,O-Al,96
1498,O-Al,96
1499,O-Al,96
1500,O-Al,96
1501,O-Al,96
1502,O-Al,96
1503,O-Al,96
1504,O-Al,96
1505,O-Al,96
1506,O-Al,96
1507,O-Al,96
1508,O-Al,96
1509,O-Al,96
1510,O-Al,96
1511,O-Al,96
1512,O-Al,96
1513,O-Al,96
1514,O-Al,96
1515,O-Al,96
1516,O-Al,96
1517,O-Al,96
1518,O-Al,96
1519,O-Al,96
1520,O-Al,96
1521,O-Al,96
1522,O-Al,96
1523,O-Al,96
1524,O-Al,96
1525,O-Al,96
1526,O-Al,96
1527,O-Al,96
1528,O-Al,96
1529,O-Al,96
1530,O-Al,96
1531,O-Al,96
1532,O-Al,96
1533,O-Al,96
1534,O-Al,96
1535,O-Al,96
1536,O-Al,96
1537,O-Al,96
1538,O-Al,96
1539,O-Al,96
1540,O-Al,96
1541,O-Al,96
1542,O-Al,96
1543,O-Al,96
1544,O-Al,96
1545,O-Al,96
1546,O-Al,96
1547,O-Al,96
1548,O-Al,96
1549,O-Al,96
1550,O-Al,96
1551,O-Al,96
1552,O-Al,96
1553,O-Al,96
1554,O-Al,96
1555,O-Al,96
1556,O-Al,96
1557,O-Al,96
1558,O-Al,96
1559,O-Al,96
1560,O-Al,96
1561,O-Al,96
1562,O-Al,96
1563,O-Al,96
1564,O-Al,96
1565,O-Al,96
1566,O-Al,96
1567,O-Al,96
1568,O-Al,96
1569,O-Al,96
1570,O-Al,96
1571,O-Al,96
1572,O-Al,96
1573,O-Al,96
1574,O-Al,96
1575,O-Al,96
1576,O-Al,96
1577,O-Al,96
1578,O-Al,96
1579,O-Al,96
1580,O-Al,96
1581,O-Al,96
1582,O-Al,96
1583,O-Al,96
1584,O-Al,96
1585,O-Al,96
1586,O-Al,96
1587,O-Al,96
1588,O-Al,96
1589,O-Al,96
1590,O-Al,96
1591,O-Al,96
1592,O-Al,96
1593,O-Al,96
1594,O-Al,96
1595,O-Al,96
1596,O-Al,96
1597,O-Al,96
1598,O-Al,96
1599,O-Al,96
1600,O-Al,96
1601,O-Al,96
1602,O-Al,96
1603,O-Al,96
1604,O-Al,96
1605,O-Al,96
1606,O-Al,96
1607,O-Al,96
1608,O-Al,96
1609,O-Al,96
1610,O-Al,96
1611,O-Al,96
1612,O-Al,96
1613,O-Al,96
1614,O-Al,96
1615,O-Al,96
1616,O-Al,96
1617,O-Al,96
1618,O-Al,96
1619,O-Al,96
1620,O-Al,96
1621,O-Al,96
1622,O-Al,96
1623,O-Al,96
1624,O-Al,96
1625,O-Al,96
1626,O-Al,96
1627,O-Al,96
1628,O-Al,96
1629,O-Al,96
1630,O-Al,96
1631,O-Al,96
1632,O-Al,96
1633,O-Al,96
1634,O-Al,96
1635,O-Al,96
1636,O-Al,96
1637,O-Al,96
1638,O-Al,96
1639,O-Al,96
1640,O-Al,96
1641,O-Al,96
1642,O-Al,96
1643,O-Al,96
1644,O-Al,96
1645,O-Al,96
1646,O-Al,96
1647,O-Al,96
1648,O-Al,96
1649,O-Al,96
1650,O-Al,96
1651,O-Al,96
1652,O-Al,96
1653,O-Al,96
1654,O-Al,96
1655,O-Al,96
1656,O-Al,96
1657,O-Al,96
1658,O-Al,96
1659,O-Al,96
1660,O-Al,96
1661,O-Al,96
1662,O-Al,96
1663,O-Al,96
1664,O-Al,96
1665,O-Al,96
1666,O-Al,96
1667,O-Al,96
1668,O-Al,96
1669,O-Al,96
1670,O-Al,96
1671,O-Al,96
1672,O-Al,96
1673,O-Al,96
1674,O-Al,96
1675,O-Al,96
1676,O-Al,96
1677,O-Al,96
1678,O-Al,96
1679,O-Al,96
1680,O-Al,96
1681,O-Al,96
1682,O-Al,96
1683,O-Al,96
1684,O-Al,96
1685,O-Al,96
1686,O-Al,96
1687,O-Al,96
1688,O-Al,96
1689,O-Al,96
1690,O-Al,96
1691,O-Al,96
1692,O-Al,96
1693,O-Al,96
1694,O-Al,96
1695,O-Al,96
1696,O-Al,96
1697,O-Al,96
1698,O-Al,96
1699,O-Al,96
1700,O-Al,96
1701,O-Al,96
1702,O-Al,96
1703,O-Al,96
1704,O-Al,96
1705,O-Al,96
1706,O-Al,96
1707,O-Al,96
1708,O-Al,96
1709,O-Al,96
1710,O-Al,96
1711,O-Al,96
1712,O-Al,96
1713,O-Al,96
1714,O-Al,96
1715,O-Al,96
1716,O-Al,96
1717,O-Al,96
1718,O-Al,96
1719,O-Al,96
1720,O-Al,96
1721,O-Al,96
1722,O-Al,96
1723,O-Al,96
1724,O-Al,96
1725,O-Al,96
1726,O-Al,96
1727,O-Al,96
1728,O-Al,96
1729,O-Al,96
1730,O-Al,96
1731,O-Al,96
1732,O-Al,96
1733,O-Al,96
1734,O-Al,96
1735,O-Al,96
1736,O-Al,96
1737,O-Al,96
1738,O-Al,96
1739,O-Al,96
1740,O-Al,96
1741,O-Al,96
1742,O-Al,96
1743,O-Al,96
1744,O-Al,96
1745,O-Al,96
1746,O-Al,96
1747,O-Al,96
1748,O-Al,96
1749,O-Al,96
1750,O-Al,96
1751,O-Al,96
1752,O-Al,96
1753,O-Al,96
1754,O-Al,96
1755,O-Al,96
1756,O-Al,96
1757,O-Al,96
1758,O-Al,96
1759,O-Al,96
1760,O-Al,96
1761,O-Al,96
1762,O-Al,96
1763,O-Al,96
1764,O-Al,96
1765,O-Al,96
1766,O-Al,96
1767,O-Al,96
1768,O-Al,96
1769,O-Al,96
1770,O-Al,96
1771,O-Al,96
1772,O-Al,96
1773,O-Al,96
1774,O-Al,96
1775,O-Al,96
1776,O-Al,96
1777,O-Al,96
1778,O-Al,96
1779,O-Al,96
1780,O-Al,96
1781,O-Al,96
1782,O-Al,96
1783,O-Al,96
1784,O-Al,96
1785,O-Al,96
1786,O-Al,96
1787,O-Al,96
1788,O-Al,96
1789,O-Al,96
1790,O-Al,96
1791,O-Al,96
1792,O-Al,96
1793,O-Al,96
1794,O-Al,96
1795,O-Al,96
1796,O-Al,96
1797,O-Al,96
1798,O-Al,96
1799,O-Al,96
1800,O-Al,96
1801,O-Al,96
1802,O-Al,96
1803,O-Al,96
1804,O-Al,96
1805,O-Al,96
1806,O-Al,96
1807,O-Al,96
1808,O-Al,96
1809,O-Al,96
1810,O-Al,96
1811,O-Al,96
1812,O-Al,96
1813,O-Al,96
1814,O-Al,96
1815,O-Al,96
1816,O-Al,96
1817,O-Al,96
1818,O-Al,96
1819,O-Al,96
1820,O-Al,96
1821,O-Al,96
1822,O-Al,96
1823,O-Al,96
1824,O-Al,96
1825,O-Al,96
1826,O-Al,96
1827,O-Al,96
1828,O-Al,96
1829,O-Al,96
1830,O-Al,96
1831,O-Al,96
1832,O-Al,96
1833,O-Al,96
1834,O-Al,96
1835,O-Al,96
1836,O-Al,96
1837,O-Al,96
1838,O-Al,96
1839,O-Al,96
1840,O-Al,96
1841,O-Al,96
1842,O-Al,96
1843,O-Al,96
1844,O-Al,96
1845,O-Al,96
1846,O-Al,96
1847,O-Al,96
1848,O-Al,96
1849,O-Al,96
1850,O-Al,96
1851,O-Al,96
1852,O-Al,96
1853,O-Al,96
1854,O-Al,96
1855,O-Al,96
1856,O-Al,96
1857,O-Al,96
1858,O-Al,96
1859,O-Al,96
1860,O-Al,96
1861,O-Al,96
1862,O-Al,96
1863,O-Al,96
1864,O-Al,96
1865,O-Al,96
1866,O-Al,96
1867,O-Al,96
1868,O-Al,96
1869,O-Al,96
1870,O-Al,96
1871,O-Al,96
1872,O-Al,96
1873,O-Al,96
1874,O-Al,96
1875,O-Al,96
1876,O-Al,96
1877,O-Al,96
1878,O-Al,96
1879,O-Al,96
1880,O-Al,96
1881,O-Al,96
1882,O-Al,96
1883,O-Al,96
1884,O-Al,96
1885,O-Al,96
1886,O-Al,96
1887,O-Al,96
1888,O-Al,96
1889,O-Al,96
1890,O-Al,96
1891,O-Al,96
1892,O-Al,96
1893,O-Al,96
1894,O-Al,96
1895,O-Al,96
1896,O-Al,96
1897,O-Al,96
1898,O-Al,96
1899,O-Al,96
1900,O-Al,96
1901,O-Al,96
1902,O-Al,96
1903,O-Al,96
1904,O-Al,96
1905,O-Al,96
1906,O-Al,96
1907,O-Al,96
1908,O-Al,96
1909,O-Al,96
1910,O-Al,96
1911,O-Al,96
1912,O-Al,96
1913,O-Al,96
1914,O-Al,96
1915,O-Al,96
1916,O-Al,96
1917,O-Al,96
1918,O-Al,96
1919,O-Al,96
1920,O-Al,96
1921,O-Al,96
1922,O-Al,96
1923,O-Al,96
1924,O-Al,96
1925,O-Al,96
1926,O-Al,96
1927,O-Al,96
1928,O-Al,96
1929,O-Al,96
1930,O-Al,96
1931,O-Al,96
1932,O-Al,96
1933,O-Al,96
1934,O-Al,96
1935,O-Al,96
1936,O-Al,96
1937,O-Al,96
1938,O-Al,96
1939,O-Al,96
1940,O-Al,96
1941,O-Al,96
1942,O-Al,96
1943,O-Al,96
1944,O-Al,96
1945,O-Al,96
1946,O-Al,96
1947,O-Al,96
1948,O-Al,96
1949,O-Al,96
1950,O-Al,96
1951,O-Al,96
1952,O-Al,96
1953,O-Al,96
1954,O-Al,96
1955,O-Al,96
1956,O-Al,96
1957,O-Al,96
1958,O-Al,96
1959,O-Al,96
1960,O-Al,96
1961,O-Al,96
1962,O-Al,96
1963,O-Al,96
1964,O-Al,96
1965,O-Al,96
1966,O-Al,96
1967,O-Al,96
1968,O-Al,96
1969,O-Al,96
1970,O-Al,96
1971,O-Al,96
1972,O-Al,96
1973,O-Al,96
1974,O-Al,96
1975,O-Al,96
1976,O-Al,96
1977,O-Al,96
1978,O-Al,96
1979,O-Al,96
1980,O-Al,96
1981,O-Al,96
1982,O-Al,96
1983,O-Al,96
1984,O-Al,96
1985,O-Al,96
1986,O-Al,96
1987,O-Al,96
1988,O-Al,96
1989,O-Al,96
1990,O-Al,96
1991,O-Al,96
1992,O-Al,96
1993,O-Al,96
1994,O-Al,96
1995,O-Al,96
1996,O-Al,96
1997,O-Al,96
1998,O-Al,96
1999,O-Al,96
0,O-Si,96
1,O-Si,96
2,O-Si,96
3,O-Si,96
4,O-Si,96
5,O-Si,96
6,O-Si,96
7,O-Si,96
8,O-Si,96
9,O-Si,96
10,O-Si,96
11,O-Si,96
12,O-Si,96
13,O-Si,96
14,O-Si,96
15,O-Si,96
16,O-Si,96
17,O-Si,96
18,O-Si,96
19,O-Si,96
20,O-Si,96
21,O-Si,96
22,O-Si,96
23,O-Si,96
24,O-Si,96
25,O-Si,96
26,O-Si,96
27,O-Si,96
28,O-Si,96
29,O-Si,96
30,O-Si,96
31,O-Si,96
32,O-Si,96
33,O-Si,96
34,O-Si,96
35,O-Si,96
36,O-Si,96
37,O-Si,96
38,O-Si,96
39,O-Si,96
40,O-Si,96
41,O-Si,96
42,O-Si,96
43,O-Si,96
44,O-Si,96
45,O-Si,96
46,O-Si,96
47,O-Si,96
48,O-Si,96
49,O-Si,96
50,O-Si,96
51,O-Si,96
52,O-Si,96
53,O-Si,96
54,O-Si,96
55,O-Si,96
56,O-Si,96
57,O-Si,96
58,O-Si,96
59,O-Si,96
60,O-Si,96
61,O-Si,96
62,O-Si,96
63,O-Si,96
64,O-Si,96
65,O-Si,96
66,O-Si,96
67,O-Si,96
68,O-Si,96
69,O-Si,96
70,O-Si,96
71,O-Si,96
72,O-Si,96
73,O-Si,96
74,O-Si,96
75,O-Si,96
76,O-Si,96
77,O-Si,96
78,O-Si,96
79,O-Si,96
80,O-Si,96
81,O-Si,96
82,O-Si,96
83,O-Si,96
84,O-Si,96
85,O-Si,96
86,O-Si,96
87,O-Si,96
88,O-Si,96
89,O-Si,96
90,O-Si,96
91,O-Si,96
92,O-Si,96
93,O-Si,96
94,O-Si,96
95,O-Si,96
96,O-Si,96
97,O-Si,96
98,O-Si,96
99,O-Si,96
100,O-Si,96
101,O-Si,96
102,O-Si,96
103,O-Si,96
104,O-Si,96
105,O-Si,96
106,O-Si,96
107,O-Si,96
108,O-Si,96
109,O-Si,96
110,O-Si,96
111,O-Si,96
112,O-Si,96
113,O-Si,96
114,O-Si,96
115,O-Si,96
116,O-Si,96
117,O-Si,96
118,O-Si,96
119,O-Si,96
120,O-Si,96
121,O-Si,96
122,O-Si,96
123,O-Si,96
124,O-Si,96
125,O-Si,96
126,O-Si,96
127,O-Si,96
128,O-Si,96
129,O-Si,96
130,O-Si,96
131,O-Si,96
132,O-Si,96
133,O-Si,96
134,O-Si,96
135,O-Si,96
136,O-Si,96
137,O-Si,96
138,O-Si,96
139,O-Si,96
140,O-Si,96
141,O-Si,96
142,O-Si,96
143,O-Si,96
144,O-Si,96
145,O-Si,96
146,O-Si,96
147,O-Si,96
148,O-Si,96
149,O-Si,96
150,O-Si,96
151,O-Si,96
152,O-Si,96
153,O-Si,96
154,O-Si,96
155,O-Si,96
156,O-Si,96
157,O-Si,96
158,O-Si,96
159,O-Si,96
160,O-Si,96
161,O-Si,96
162,O-Si,96
163,O-Si,96
164,O-Si,96
165,O-Si,96
166,O-Si,96
167,O-Si,96
168,O-Si,96
169,O-Si,96
170,O-Si,96
171,O-Si,96
172,O-Si,96
173,O-Si,96
174,O-Si,96
175,O-Si,96
176,O-Si,96
177,O-Si,96
178,O-Si,96
179,O-Si,96
180,O-Si,96
181,O-Si,96
182,O-Si,96
183,O-Si,96
184,O-Si,96
185,O-Si,96
186,O-Si,96
187,O-Si,96
188,O-Si,96
189,O-Si,96
190,O-Si,96
191,O-Si,96
192,O-Si,96
193,O-Si,96
194,O-Si,96
195,O-Si,96
196,O-Si,96
197,O-Si,96
198,O-Si,96
199,O-Si,96
200,O-Si,96
201,O-Si,96
202,O-Si,96
203,O-Si,96
204,O-Si,96
205,O-Si,96
206,O-Si,96
207,O-Si,96
208,O-Si,96
209,O-Si,96
210,O-Si,96
211,O-Si,96
212,O-Si,96
213,O-Si,96
214,O-Si,96
215,O-Si,96
216,O-Si,96
217,O-Si,96
218,O-Si,96
219,O-Si,96
220,O-Si,96
221,O-Si,96
222,O-Si,96
223,O-Si,96
224,O-Si,96
225,O-Si,96
226,O-Si,96
227,O-Si,96
228,O-Si,96
229,O-Si,96
230,O-Si,96
231,O-Si,96
232,O-Si,96
233,O-Si,96
234,O-Si,96
235,O-Si,96
236,O-Si,96
237,O-Si,96
238,O-Si,96
239,O-Si,96
240,O-Si,96
241,O-Si,96
242,O-Si,96
243,O-Si,96
244,O-Si,96
245,O-Si,96
246,O-Si,96
247,O-Si,96
248,O-Si,96
249,O-Si,96
250,O-Si,96
251,O-Si,96
252,O-Si,96
253,O-Si,96
254,O-Si,96
255,O-Si,96
256,O-Si,96
257,O-Si,96
258,O-Si,96
259,O-Si,96
260,O-Si,96
261,O-Si,96
262,O-Si,96
263,O-Si,96
264,O-Si,96
265,O-Si,96
266,O-Si,96
267,O-Si,96
268,O-Si,96
269,O-Si,96
270,O-Si,96
271,O-Si,96
272,O-Si,96
273,O-Si,96
274,O-Si,96
275,O-Si,96
276,O-Si,96
277,O-Si,96
278,O-Si,96
279,O-Si,96
280,O-Si,96
281,O-Si,96
282,O-Si,96
283,O-Si,96
284,O-Si,96
285,O-Si,96
286,O-Si,96
287,O-Si,96
288,O-Si,96
289,O-Si,96
290,O-Si,96
291,O-Si,96
292,O-Si,96
293,O-Si,96
294,O-Si,96
295,O-Si,96
296,O-Si,96
297,O-Si,96
298,O-Si,96
299,O-Si,96
300,O-Si,96
301,O-Si,96
302,O-Si,96
303,O-Si,96
304,O-Si,96
305,O-Si,96
306,O-Si,96
307,O-Si,96
308,O-Si,96
309,O-Si,96
310,O-Si,96
311,O-Si,96
312,O-Si,96
313,O-Si,96
314,O-Si,96
315,O-Si,96
316,O-Si,96
317,O-Si,96
318,O-Si,96
319,O-Si,96
320,O-Si,96
321,O-Si,96
322,O-Si,96
323,O-Si,96
324,O-Si,96
325,O-Si,96
326,O-Si,96
327,O-Si,96
328,O-Si,96
329,O-Si,96
330,O-Si,96
331,O-Si,96
332,O-Si,96
333,O-Si,96
334,O-Si,96
335,O-Si,96
336,O-Si,96
337,O-Si,96
338,O-Si,96
339,O-Si,96
340,O-Si,96
341,O-Si,96
342,O-Si,96
343,O-Si,96
344,O-Si,96
345,O-Si,96
346,O-Si,96
347,O-Si,96
348,O-Si,96
349,O-Si,96
350,O-Si,96
351,O-Si,96
352,O-Si,96
353,O-Si,96
354,O-Si,96
355,O-Si,96
356,O-Si,96
357,O-Si,96
358,O-Si,96
359,O-Si,96
360,O-Si,96
361,O-Si,96
362,O-Si,96
363,O-Si,96
364,O-Si,96
365,O-Si,96
366,O-Si,96
367,O-Si,96
368,O-Si,96
369,O-Si,96
370,O-Si,96
371,O-Si,96
372,O-Si,96
373,O-Si,96
374,O-Si,96
375,O-Si,96
376,O-Si,96
377,O-Si,96
378,O-Si,96
379,O-Si,96
380,O-Si,96
381,O-Si,96
382,O-Si,96
383,O-Si,96
384,O-Si,96
385,O-Si,96
386,O-Si,96
387,O-Si,96
388,O-Si,96
389,O-Si,96
390,O-Si,96
391,O-Si,96
392,O-Si,96
393,O-Si,96
394,O-Si,96
395,O-Si,96
396,O-Si,96
397,O-Si,96
398,O-Si,96
399,O-Si,96
400,O-Si,96
401,O-Si,96
402,O-Si,96
403,O-Si,96
404,O-Si,96
405,O-Si,96
406,O-Si,96
407,O-Si,96
408,O-Si,96
409,O-Si,96
410,O-Si,96
411,O-Si,96
412,O-Si,96
413,O-Si,96
414,O-Si,96
415,O-Si,96
416,O-Si,96
417,O-Si,96
418,O-Si,96
419,O-Si,96
420,O-Si,96
421,O-Si,96
422,O-Si,96
423,O-Si,96
424,O-Si,96
425,O-Si,96
426,O-Si,96
427,O-Si,96
428,O-Si,96
429,O-Si,96
430,O-Si,96
431,O-Si,96
432,O-Si,96
433,O-Si,96
434,O-Si,96
435,O-Si,96
436,O-Si,96
437,O-Si,96
438,O-Si,96
439,O-Si,96
440,O-Si,96
441,O-Si,96
442,O-Si,96
443,O-Si,96
444,O-Si,96
445,O-Si,96
446,O-Si,96
447,O-Si,96
448,O-Si,96
449,O-Si,96
450,O-Si,96
451,O-Si,96
452,O-Si,96
453,O-Si,96
454,O-Si,96
455,O-Si,96
456,O-Si,96
457,O-Si,96
458,O-Si,96
459,O-Si,96
460,O-Si,96
461,O-Si,96
462,O-Si,96
463,O-Si,96
464,O-Si,96
465,O-Si,96
466,O-Si,96
467,O-Si,96
468,O-Si,96
469,O-Si,96
470,O-Si,96
471,O-Si,96
472,O-Si,96
473,O-Si,96
474,O-Si,96
475,O-Si,96
476,O-Si,96
477,O-Si,96
478,O-Si,96
479,O-Si,96
480,O-Si,96
481,O-Si,96
482,O-Si,96
483,O-Si,96
484,O-Si,96
485,O-Si,96
486,O-Si,96
487,O-Si,96
488,O-Si,96
489,O-Si,96
490,O-Si,96
491,O-Si,96
492,O-Si,96
493,O-Si,96
494,O-Si,96
495,O-Si,96
496,O-Si,96
497,O-Si,96
498,O-Si,96
499,O-Si,96
500,O-Si,96
501,O-Si,96
502,O-Si,96
503,O-Si,96
504,O-Si,96
505,O-Si,96
506,O-Si,96
507,O-Si,96
508,O-Si,96
509,O-Si,96
510,O-Si,96
511,O-Si,96
512,O-Si,96
513,O-Si,96
514,O-Si,96
515,O-Si,96
516,O-Si,96
517,O-Si,96
518,O-Si,96
519,O-Si,96
520,O-Si,96
521,O-Si,96
522,O-Si,96
523,O-Si,96
524,O-Si,96
525,O-Si,96
526,O-Si,96
527,O-Si,96
528,O-Si,96
529,O-Si,96
530,O-Si,96
531,O-Si,96
532,O-Si,96
533,O-Si,96
534,O-Si,96
535,O-Si,96
536,O-Si,96
537,O-Si,96
538,O-Si,96
539,O-Si,96
540,O-Si,96
541,O-Si,96
542,O-Si,96
543,O-Si,96
544,O-Si,96
545,O-Si,96
546,O-Si,96
547,O-Si,96
548,O-Si,96
549,O-Si,96
550,O-Si,96
551,O-Si,96
552,O-Si,96
553,O-Si,96
554,O-Si,96
555,O-Si,96
556,O-Si,96
557,O-Si,96
558,O-Si,96
559,O-Si,96
560,O-Si,96
561,O-Si,96
562,O-Si,96
563,O-Si,96
564,O-Si,96
565,O-Si,96
566,O-Si,96
567,O-Si,96
568,O-Si,96
569,O-Si,96
570,O-Si,96
571,O-Si,96
572,O-Si,96
573,O-Si,96
574,O-Si,96
575,O-Si,96
576,O-Si,96
577,O-Si,96
578,O-Si,96
579,O-Si,96
580,O-Si,96
581,O-Si,96
582,O-Si,96
583,O-Si,96
584,O-Si,96
585,O-Si,96
586,O-Si,96
587,O-Si,96
588,O-Si,96
589,O-Si,96
590,O-Si,96
591,O-Si,96
592,O-Si,96
593,O-Si,96
594,O-Si,96
595,O-Si,96
596,O-Si,96
597,O-Si,96
598,O-Si,96
599,O-Si,96
600,O-Si,96
601,O-Si,96
602,O-Si,96
603,O-Si,96
604,O-Si,96
605,O-Si,96
606,O-Si,96
607,O-Si,96
608,O-Si,96
609,O-Si,96
610,O-Si,96
611,O-Si,96
612,O-Si,96
613,O-Si,96
614,O-Si,96
615,O-Si,96
616,O-Si,96
617,O-Si,96
618,O-Si,96
619,O-Si,96
620,O-Si,96
621,O-Si,96
622,O-Si,96
623,O-Si,96
624,O-Si,96
625,O-Si,96
626,O-Si,96
627,O-Si,96
628,O-Si,96
629,O-Si,96
630,O-Si,96
631,O-Si,96
632,O-Si,96
633,O-Si,96
634,O-Si,96
635,O-Si,96
636,O-Si,96
637,O-Si,96
638,O-Si,96
639,O-Si,96
640,O-Si,96
641,O-Si,96
642,O-Si,96
643,O-Si,96
644,O-Si,96
645,O-Si,96
646,O-Si,96
647,O-Si,96
648,O-Si,96
649,O-Si,96
650,O-Si,96
651,O-Si,96
652,O-Si,96
653,O-Si,96
654,O-Si,96
655,O-Si,96
656,O-Si,96
657,O-Si,96
658,O-Si,96
659,O-Si,96
660,O-Si,96
661,O-Si,96
662,O-Si,96
663,O-Si,96
664,O-Si,96
665,O-Si,96
666,O-Si,96
667,O-Si,96
668,O-Si,96
669,O-Si,96
670,O-Si,96
671,O-Si,96
672,O-Si,96
673,O-Si,96
674,O-Si,96
675,O-Si,96
676,O-Si,96
677,O-Si,96
678,O-Si,96
679,O-Si,96
680,O-Si,96
681,O-Si,96
682,O-Si,96
683,O-Si,96
684,O-Si,96
685,O-Si,96
686,O-Si,96
687,O-Si,96
688,O-Si,96
689,O-Si,96
690,O-Si,96
691,O-Si,96
692,O-Si,96
693,O-Si,96
694,O-Si,96
695,O-Si,96
696,O-Si,96
697,O-Si,96
698,O-Si,96
699,O-Si,96
700,O-Si,96
701,O-Si,96
702,O-Si,96
703,O-Si,96
704,O-Si,96
705,O-Si,96
706,O-Si,96
707,O-Si,96
708,O-Si,96
709,O-Si,96
710,O-Si,96
711,O-Si,96
712,O-Si,96
713,O-Si,96
714,O-Si,96
715,O-Si,96
716,O-Si,96
717,O-Si,96
718,O-Si,96
719,O-Si,96
720,O-Si,96
721,O-Si,96
722,O-Si,96
723,O-Si,96
724,O-Si,96
725,O-Si,96
726,O-Si,96
727,O-Si,96
728,O-Si,96
729,O-Si,96
730,O-Si,96
731,O-Si,96
732,O-Si,96
733,O-Si,96
734,O-Si,96
735,O-Si,96
736,O-Si,96
737,O-Si,96
738,O-Si,96
739,O-Si,96
740,O-Si,96
741,O-Si,96
742,O-Si,96
743,O-Si,96
744,O-Si,96
745,O-Si,96
746,O-Si,96
747,O-Si,96
748,O-Si,96
749,O-Si,96
750,O-Si,96
751,O-Si,96
752,O-Si,96
753,O-Si,96
754,O-Si,96
755,O-Si,96
756,O-Si,96
757,O-Si,96
758,O-Si,96
759,O-Si,96
760,O-Si,96
761,O-Si,96
762,O-Si,96
763,O-Si,96
764,O-Si,96
765,O-Si,96
766,O-Si,96
767,O-Si,96
768,O-Si,96
769,O-Si,96
770,O-Si,96
771,O-Si,96
772,O-Si,96
773,O-Si,96
774,O-Si,96
775,O-Si,96
776,O-Si,96
777,O-Si,96
778,O-Si,96
779,O-Si,96
780,O-Si,96
781,O-Si,96
782,O-Si,96
783,O-Si,96
784,O-Si,96
785,O-Si,96
786,O-Si,96
787,O-Si,96
788,O-Si,96
789,O-Si,96
790,O-Si,96
791,O-Si,96
792,O-Si,96
793,O-Si,96
794,O-Si,96
795,O-Si,96
796,O-Si,96
797,O-Si,96
798,O-Si,96
799,O-Si,96
800,O-Si,96
801,O-Si,96
802,O-Si,96
803,O-Si,96
804,O-Si,96
805,O-Si,96
806,O-Si,96
807,O-Si,96
808,O-Si,96
809,O-Si,96
810,O-Si,96
811,O-Si,96
812,O-Si,96
813,O-Si,96
814,O-Si,96
815,O-Si,96
816,O-Si,96
817,O-Si,96
818,O-Si,96
819,O-Si,96
820,O-Si,96
821,O-Si,96
822,O-Si,96
823,O-Si,96
824,O-Si,96
825,O-Si,96
826,O-Si,96
827,O-Si,96
828,O-Si,96
829,O-Si,96
830,O-Si,96
831,O-Si,96
832,O-Si,96
833,O-Si,96
834,O-Si,96
835,O-Si,96
836,O-Si,96
837,O-Si,96
838,O-Si,96
839,O-Si,96
840,O-Si,96
841,O-Si,96
842,O-Si,96
843,O-Si,96
844,O-Si,96
845,O-Si,96
846,O-Si,96
847,O-Si,96
848,O-Si,96
849,O-Si,96
850,O-Si,96
851,O-Si,96
852,O-Si,96
853,O-Si,96
854,O-Si,96
855,O-Si,96
856,O-Si,96
857,O-Si,96
858,O-Si,96
859,O-Si,96
860,O-Si,96
861,O-Si,96
862,O-Si,96
863,O-Si,96
864,O-Si,96
865,O-Si,96
866,O-Si,96
867,O-Si,96
868,O-Si,96
869,O-Si,96
870,O-Si,96
871,O-Si,96
872,O-Si,96
873,O-Si,96
874,O-Si,96
875,O-Si,96
876,O-Si,96
877,O-Si,96
878,O-Si,96
879,O-Si,96
880,O-Si,96
881,O-Si,96
882,O-Si,96
883,O-Si,96
884,O-Si,96
885,O-Si,96
886,O-Si,96
887,O-Si,96
888,O-Si,96
889,O-Si,96
890,O-Si,96
891,O-Si,96
892,O-Si,96
893,O-Si,96
894,O-Si,96
895,O-Si,96
896,O-Si,96
897,O-Si,96
898,O-Si,96
899,O-Si,96
900,O-Si,96
901,O-Si,96
902,O-Si,96
903,O-Si,96
904,O-Si,96
905,O-Si,96
906,O-Si,96
907,O-Si,96
908,O-Si,96
909,O-Si,96
910,O-Si,96
911,O-Si,96
912,O-Si,96
913,O-Si,96
914,O-Si,96
915,O-Si,96
916,O-Si,96
917,O-Si,96
918,O-Si,96
919,O-Si,96
920,O-Si,96
921,O-Si,96
922,O-Si,96
923,O-Si,96
924,O-Si,96
925,O-Si,96
926,O-Si,96
927,O-Si,96
928,O-Si,96
929,O-Si,96
930,O-Si,96
931,O-Si,96
932,O-Si,96
933,O-Si,96
934,O-Si,96
935,O-Si,96
936,O-Si,96
937,O-Si,96
938,O-Si,96
939,O-Si,96
940,O-Si,96
941,O-Si,96
942,O-Si,96
943,O-Si,96
944,O-Si,96
945,O-Si,96
946,O-Si,96
947,O-Si,96
948,O-Si,96
949,O-Si,96
950,O-Si,96
951,O-Si,96
952,O-Si,96
953,O-Si,96
954,O-Si,96
955,O-Si,96
956,O-Si,96
957,O-Si,96
958,O-Si,96
959,O-Si,96
960,O-Si,96
961,O-Si,96
962,O-Si,96
963,O-Si,96
964,O-Si,96
965,O-Si,96
966,O-Si,96
967,O-Si,96
968,O-Si,96
969,O-Si,96
970,O-Si,96
971,O-Si,96
972,O-Si,96
973,O-Si,96
974,O-Si,96
975,O-Si,96
976,O-Si,96
977,O-Si,96
978,O-Si,96
979,O-Si,96
980,O-Si,96
981,O-Si,96
982,O-Si,96
983,O-Si,96
984,O-Si,96
985,O-Si,96
986,O-Si,96
987,O-Si,96
988,O-Si,96
989,O-Si,96
990,O-Si,96
991,O-Si,96
992,O-Si,96
993,O-Si,96
994,O-Si,96
995,O-Si,96
996,O-Si,96
997,O-Si,96
998,O-Si,96
999,O-Si,96
1000,O-Si,96
1001,O-Si,96
1002,O-Si,96
1003,O-Si,96
1004,O-Si,96
1005,O-Si,96
1006,O-Si,96
1007,O-Si,96
1008,O-Si,96
1009,O-Si,96
1010,O-Si,96
1011,O-Si,96
1012,O-Si,96
1013,O-Si,96
1014,O-Si,96
1015,O-Si,96
1016,O-Si,96
1017,O-Si,96
1018,O-Si,96
1019,O-Si,96
1020,O-Si,96
1021,O-Si,96
1022,O-Si,96
1023,O-Si,96
1024,O-Si,96
1025,O-Si,96
1026,O-Si,96
1027,O-Si,96
1028,O-Si,96
1029,O-Si,96
1030,O-Si,96
1031,O-Si,96
1032,O-Si,96
1033,O-Si,96
1034,O-Si,96
1035,O-Si,96
1036,O-Si,96
1037,O-Si,96
1038,O-Si,96
1039,O-Si,96
1040,O-Si,96
1041,O-Si,96
1042,O-Si,96
1043,O-Si,96
1044,O-Si,96
1045,O-Si,96
1046,O-Si,96
1047,O-Si,96
1048,O-Si,96
1049,O-Si,96
1050,O-Si,96
1051,O-Si,96
1052,O-Si,96
1053,O-Si,96
1054,O-Si,96
1055,O-Si,96
1056,O-Si,96
1057,O-Si,96
1058,O-Si,96
1059,O-Si,96
1060,O-Si,96
1061,O-Si,96
1062,O-Si,96
1063,O-Si,96
1064,O-Si,96
1065,O-Si,96
1066,O-Si,96
1067,O-Si,96
1068,O-Si,96
1069,O-Si,96
1070,O-Si,96
1071,O-Si,96
1072,O-Si,96
1073,O-Si,96
1074,O-Si,96
1075,O-Si,96
1076,O-Si,96
1077,O-Si,96
1078,O-Si,96
1079,O-Si,96
1080,O-Si,96
1081,O-Si,96
1082,O-Si,96
1083,O-Si,96
1084,O-Si,96
1085,O-Si,96
1086,O-Si,96
1087,O-Si,96
1088,O-Si,96
1089,O-Si,96
1090,O-Si,96
1091,O-Si,96
1092,O-Si,96
1093,O-Si,96
1094,O-Si,96
1095,O-Si,96
1096,O-Si,96
1097,O-Si,96
1098,O-Si,96
1099,O-Si,96
1100,O-Si,96
1101,O-Si,96
1102,O-Si,96
1103,O-Si,96
1104,O-Si,96
1105,O-Si,96
1106,O-Si,96
1107,O-Si,96
1108,O-Si,96
1109,O-Si,96
1110,O-Si,96
1111,O-Si,96
1112,O-Si,96
1113,O-Si,96
1114,O-Si,96
1115,O-Si,96
1116,O-Si,96
1117,O-Si,96
1118,O-Si,96
1119,O-Si,96
1120,O-Si,96
1121,O-Si,96
1122,O-Si,96
1123,O-Si,96
1124,O-Si,96
1125,O-Si,96
1126,O-Si,96
1127,O-Si,96
1128,O-Si,96
1129,O-Si,96
1130,O-Si,96
1131,O-Si,96
1132,O-Si,96
1133,O-Si,96
1134,O-Si,96
1135,O-Si,96
1136,O-Si,96
1137,O-Si,96
1138,O-Si,96
1139,O-Si,96
1140,O-Si,96
1141,O-Si,96
1142,O-Si,96
1143,O-Si,96
1144,O-Si,96
1145,O-Si,96
1146,O-Si,96
1147,O-Si,96
1148,O-Si,96
1149,O-Si,96
1150,O-Si,96
1151,O-Si,96
1152,O-Si,96
1153,O-Si,96
1154,O-Si,96
1155,O-Si,96
1156,O-Si,96
1157,O-Si,96
1158,O-Si,96
1159,O-Si,96
1160,O-Si,96
1161,O-Si,96
1162,O-Si,96
1163,O-Si,96
1164,O-Si,96
1165,O-Si,96
1166,O-Si,96
1167,O-Si,96
1168,O-Si,96
1169,O-Si,96
1170,O-Si,96
1171,O-Si,96
1172,O-Si,96
1173,O-Si,96
1174,O-Si,96
1175,O-Si,96
1176,O-Si,96
1177,O-Si,96
1178,O-Si,96
1179,O-Si,96
1180,O-Si,96
1181,O-Si,96
1182,O-Si,96
1183,O-Si,96
1184,O-Si,96
1185,O-Si,96
1186,O-Si,96
1187,O-Si,96
1188,O-Si,96
1189,O-Si,96
1190,O-Si,96
1191,O-Si,96
1192,O-Si,96
1193,O-Si,96
1194,O-Si,96
1195,O-Si,96
1196,O-Si,96
1197,O-Si,96
1198,O-Si,96
1199,O-Si,96
1200,O-Si,96
1201,O-Si,96
1202,O-Si,96
1203,O-Si,96
1204,O-Si,96
1205,O-Si,96
1206,O-Si,96
1207,O-Si,96
1208,O-Si,96
1209,O-Si,96
1210,O-Si,96
1211,O-Si,96
1212,O-Si,96
1213,O-Si,96
1214,O-Si,96
1215,O-Si,96
1216,O-Si,96
1217,O-Si,96
1218,O-Si,96
1219,O-Si,96
1220,O-Si,96
1221,O-Si,96
1222,O-Si,96
1223,O-Si,96
1224,O-Si,96
1225,O-Si,96
1226,O-Si,96
1227,O-Si,96
1228,O-Si,96
1229,O-Si,96
1230,O-Si,96
1231,O-Si,96
1232,O-Si,96
1233,O-Si,96
1234,O-Si,96
1235,O-Si,96
1236,O-Si,96
1237,O-Si,96
1238,O-Si,96
1239,O-Si,96
1240,O-Si,96
1241,O-Si,96
1242,O-Si,96
1243,O-Si,96
1244,O-Si,96
1245,O-Si,96
1246,O-Si,96
1247,O-Si,96
1248,O-Si,96
1249,O-Si,96
1250,O-Si,96
1251,O-Si,96
1252,O-Si,96
1253,O-Si,96
1254,O-Si,96
1255,O-Si,96
1256,O-Si,96
1257,O-Si,96
1258,O-Si,96
1259,O-Si,96
1260,O-Si,96
1261,O-Si,96
1262,O-Si,96
1263,O-Si,96
1264,O-Si,96
1265,O-Si,96
1266,O-Si,96
1267,O-Si,96
1268,O-Si,96
1269,O-Si,96
1270,O-Si,96
1271,O-Si,96
1272,O-Si,96
1273,O-Si,96
1274,O-Si,96
1275,O-Si,96
1276,O-Si,96
1277,O-Si,96
1278,O-Si,96
1279,O-Si,96
1280,O-Si,96
1281,O-Si,96
1282,O-Si,96
1283,O-Si,96
1284,O-Si,96
1285,O-Si,96
1286,O-Si,96
1287,O-Si,96
1288,O-Si,96
1289,O-Si,96
1290,O-Si,96
1291,O-Si,96
1292,O-Si,96
1293,O-Si,96
1294,O-Si,96
1295,O-Si,96
1296,O-Si,96
1297,O-Si,96
1298,O-Si,96
1299,O-Si,96
1300,O-Si,96
1301,O-Si,96
1302,O-Si,96
1303,O-Si,96
1304,O-Si,96
1305,O-Si,96
1306,O-Si,96
1307,O-Si,96
1308,O-Si,96
1309,O-Si,96
1310,O-Si,96
1311,O-Si,96
1312,O-Si,96
1313,O-Si,96
1314,O-Si,96
1315,O-Si,96
1316,O-Si,96
1317,O-Si,96
1318,O-Si,96
1319,O-Si,96
1320,O-Si,96
1321,O-Si,96
1322,O-Si,96
1323,O-Si,96
1324,O-Si,96
1325,O-Si,96
1326,O-Si,96
1327,O-Si,96
1328,O-Si,96
1329,O-Si,96
1330,O-Si,96
1331,O-Si,96
1332,O-Si,96
1333,O-Si,96
1334,O-Si,96
1335,O-Si,96
1336,O-Si,96
1337,O-Si,96
1338,O-Si,96
1339,O-Si,96
1340,O-Si,96
1341,O-Si,96
1342,O-Si,96
1343,O-Si,96
1344,O-Si,96
1345,O-Si,96
1346,O-Si,96
1347,O-Si,96
1348,O-Si,96
1349,O-Si,96
1350,O-Si,96
1351,O-Si,96
1352,O-Si,96
1353,O-Si,96
1354,O-Si,96
1355,O-Si,96
1356,O-Si,96
1357,O-Si,96
1358,O-Si,96
1359,O-Si,96
1360,O-Si,96
1361,O-Si,96
1362,O-Si,96
1363,O-Si,96
1364,O-Si,96
1365,O-Si,96
1366,O-Si,96
1367,O-Si,96
1368,O-Si,96
1369,O-Si,96
1370,O-Si,96
1371,O-Si,96
1372,O-Si,96
1373,O-Si,96
1374,O-Si,96
1375,O-Si,96
1376,O-Si,96
1377,O-Si,96
1378,O-Si,96
1379,O-Si,96
1380,O-Si,96
1381,O-Si,96
1382,O-Si,96
1383,O-Si,96
1384,O-Si,96
1385,O-Si,96
1386,O-Si,96
1387,O-Si,96
1388,O-Si,96
1389,O-Si,96
1390,O-Si,96
1391,O-Si,96
1392,O-Si,96
1393,O-Si,96
1394,O-Si,96
1395,O-Si,96
1396,O-Si,96
1397,O-Si,96
1398,O-Si,96
1399,O-Si,96
1400,O-Si,96
1401,O-Si,96
1402,O-Si,96
1403,O-Si,96
1404,O-Si,96
1405,O-Si,96
1406,O-Si,96
1407,O-Si,96
1408,O-Si,96
1409,O-Si,96
1410,O-Si,96
1411,O-Si,96
1412,O-Si,96
1413,O-Si,96
1414,O-Si,96
1415,O-Si,96
1416,O-Si,96
1417,O-Si,96
1418,O-Si,96
1419,O-Si,96
1420,O-Si,96
1421,O-Si,96
1422,O-Si,96
1423,O-Si,96
1424,O-Si,96
1425,O-Si,96
1426,O-Si,96
1427,O-Si,96
1428,O-Si,96
1429,O-Si,96
1430,O-Si,96
1431,O-Si,96
1432,O-Si,96
1433,O-Si,96
1434,O-Si,96
1435,O-Si,96
1436,O-Si,96
1437,O-Si,96
1438,O-Si,96
1439,O-Si,96
1440,O-Si,96
1441,O-Si,96
1442,O-Si,96
1443,O-Si,96
1444,O-Si,96
1445,O-Si,96
1446,O-Si,96
1447,O-Si,96
1448,O-Si,96
1449,O-Si,96
1450,O-Si,96
1451,O-Si,96
1452,O-Si,96
1453,O-Si,96
1454,O-Si,96
1455,O-Si,96
1456,O-Si,96
1457,O-Si,96
1458,O-Si,96
1459,O-Si,96
1460,O-Si,96
1461,O-Si,96
1462,O-Si,96
1463,O-Si,96
1464,O-Si,96
1465,O-Si,96
1466,O-Si,96
1467,O-Si,96
1468,O-Si,96
1469,O-Si,96
1470,O-Si,96
1471,O-Si,96
1472,O-Si,96
1473,O-Si,96
1474,O-Si,96
1475,O-Si,96
1476,O-Si,96
1477,O-Si,96
1478,O-Si,96
1479,O-Si,96
1480,O-Si,96
1481,O-Si,96
1482,O-Si,96
1483,O-Si,96
1484,O-Si,96
1485,O-Si,96
1486,O-Si,96
1487,O-Si,96
1488,O-Si,96
1489,O-Si,96
1490,O-Si,96
1491,O-Si,96
1492,O-Si,96
1493,O-Si,96
1494,O-Si,96
1495,O-Si,96
1496,O-Si,96
1497,O-Si,96
1498,O-Si,96
1499,O-Si,96
1500,O-Si,96
1501,O-Si,96
1502,O-Si,96
1503,O-Si,96
1504,O-Si,96
1505,O-Si,96
1506,O-Si,96
1507,O-Si,96
1508,O-Si,96
1509,O-Si,96
1510,O-Si,96
1511,O-Si,96
1512,O-Si,96
1513,O-Si,96
1514,O-Si,96
1515,O-Si,96
1516,O-Si,96
1517,O-Si,96
1518,O-Si,96
1519,O-Si,96
1520,O-Si,96
1521,O-Si,96
1522,O-Si,96
1523,O-Si,96
1524,O-Si,96
1525,O-Si,96
1526,O-Si,96
1527,O-Si,96
1528,O-Si,96
1529,O-Si,96
1530,O-Si,96
1531,O-Si,96
1532,O-Si,96
1533,O-Si,96
1534,O-Si,96
1535,O-Si,96
1536,O-Si,96
1537,O-Si,96
1538,O-Si,96
1539,O-Si,96
1540,O-Si,96
1541,O-Si,96
1542,O-Si,96
1543,O-Si,96
1544,O-Si,96
1545,O-Si,96
1546,O-Si,96
1547,O-Si,96
1548,O-Si,96
1549,O-Si,96
1550,O-Si,96
1551,O-Si,96
1552,O-Si,96
1553,O-Si,96
1554,O-Si,96
1555,O-Si,96
1556,O-Si,96
1557,O-Si,96
1558,O-Si,96
1559,O-Si,96
1560,O-Si,96
1561,O-Si,96
1562,O-Si,96
1563,O-Si,96
1564,O-Si,96
1565,O-Si,96
1566,O-Si,96
1567,O-Si,96
1568,O-Si,96
1569,O-Si,96
1570,O-Si,96
1571,O-Si,96
1572,O-Si,96
1573,O-Si,96
1574,O-Si,96
1575,O-Si,96
1576,O-Si,96
1577,O-Si,96
1578,O-Si,96
1579,O-Si,96
1580,O-Si,96
1581,O-Si,96
1582,O-Si,96
1583,O-Si,96
1584,O-Si,96
1585,O-Si,96
1586,O-Si,96
1587,O-Si,96
1588,O-Si,96
1589,O-Si,96
1590,O-Si,96
1591,O-Si,96
1592,O-Si,96
1593,O-Si,96
1594,O-Si,96
1595,O-Si,96
1596,O-Si,96
1597,O-Si,96
1598,O-Si,96
1599,O-Si,96
1600,O-Si,96
1601,O-Si,96
1602,O-Si,96
1603,O-Si,96
1604,O-Si,96
1605,O-Si,96
1606,O-Si,96
1607,O-Si,96
1608,O-Si,96
1609,O-Si,96
1610,O-Si,96
1611,O-Si,96
1612,O-Si,96
1613,O-Si,96
1614,O-Si,96
1615,O-Si,96
1616,O-Si,96
1617,O-Si,96
1618,O-Si,96
1619,O-Si,96
1620,O-Si,96
1621,O-Si,96
1622,O-Si,96
1623,O-Si,96
1624,O-Si,96
1625,O-Si,96
1626,O-Si,96
1627,O-Si,96
1628,O-Si,96
1629,O-Si,96
1630,O-Si,96
1631,O-Si,96
1632,O-Si,96
1633,O-Si,96
1634,O-Si,96
1635,O-Si,96
1636,O-Si,96
1637,O-Si,96
1638,O-Si,96
1639,O-Si,96
1640,O-Si,96
1641,O-Si,96
1642,O-Si,96
1643,O-Si,96
1644,O-Si,96
1645,O-Si,96
1646,O-Si,96
1647,O-Si,96
1648,O-Si,96
1649,O-Si,96
1650,O-Si,96
1651,O-Si,96
1652,O-Si,96
1653,O-Si,96
1654,O-Si,96
1655,O-Si,96
1656,O-Si,96
1657,O-Si,96
1658,O-Si,96
1659,O-Si,96
1660,O-Si,96
1661,O-Si,96
1662,O-Si,96
1663,O-Si,96
1664,O-Si,96
1665,O-Si,96
1666,O-Si,96
1667,O-Si,96
1668,O-Si,96
1669,O-Si,96
1670,O-Si,96
1671,O-Si,96
1672,O-Si,96
1673,O-Si,96
1674,O-Si,96
1675,O-Si,96
1676,O-Si,96
1677,O-Si,96
1678,O-Si,96
1679,O-Si,96
1680,O-Si,96
1681,O-Si,96
1682,O-Si,96
1683,O-Si,96
1684,O-Si,96
1685,O-Si,96
1686,O-Si,96
1687,O-Si,96
1688,O-Si,96
1689,O-Si,96
1690,O-Si,96
1691,O-Si,96
1692,O-Si,96
1693,O-Si,96
1694,O-Si,96
1695,O-Si,96
1696,O-Si,96
1697,O-Si,96
1698,O-Si,96
1699,O-Si,96
1700,O-Si,96
1701,O-Si,96
1702,O-Si,96
1703,O-Si,96
1704,O-Si,96
1705,O-Si,96
1706,O-Si,96
1707,O-Si,96
1708,O-Si,96
1709,O-Si,96
1710,O-Si,96
1711,O-Si,96
1712,O-Si,96
1713,O-Si,96
1714,O-Si,96
1715,O-Si,96
1716,O-Si,96
1717,O-Si,96
1718,O-Si,96
1719,O-Si,96
1720,O-Si,96
1721,O-Si,96
1722,O-Si,96
1723,O-Si,96
1724,O-Si,96
1725,O-Si,96
1726,O-Si,96
1727,O-Si,96
1728,O-Si,96
1729,O-Si,96
1730,O-Si,96
1731,O-Si,96
1732,O-Si,96
1733,O-Si,96
1734,O-Si,96
1735,O-Si,96
1736,O-Si,96
1737,O-Si,96
1738,O-Si,96
1739,O-Si,96
1740,O-Si,96
1741,O-Si,96
1742,O-Si,96
1743,O-Si,96
1744,O-Si,96
1745,O-Si,96
1746,O-Si,96
1747,O-Si,96
1748,O-Si,96
1749,O-Si,96
1750,O-Si,96
1751,O-Si,96
1752,O-Si,96
1753,O-Si,96
1754,O-Si,96
1755,O-Si,96
1756,O-Si,96
1757,O-Si,96
1758,O-Si,96
1759,O-Si,96
1760,O-Si,96
1761,O-Si,96
1762,O-Si,96
1763,O-Si,96
1764,O-Si,96
1765,O-Si,96
1766,O-Si,96
1767,O-Si,96
1768,O-Si,96
1769,O-Si,96
1770,O-Si,96
1771,O-Si,96
1772,O-Si,96
1773,O-Si,96
1774,O-Si,96
1775,O-Si,96
1776,O-Si,96
1777,O-Si,96
1778,O-Si,96
1779,O-Si,96
1780,O-Si,96
1781,O-Si,96
1782,O-Si,96
1783,O-Si,96
1784,O-Si,96
1785,O-Si,96
1786,O-Si,96
1787,O-Si,96
1788,O-Si,96
1789,O-Si,96
1790,O-Si,96
1791,O-Si,96
1792,O-Si,96
1793,O-Si,96
1794,O-Si,96
1795,O-Si,96
1796,O-Si,96
1797,O-Si,96
1798,O-Si,96
1799,O-Si,96
1800,O-Si,96
1801,O-Si,96
1802,O-Si,96
1803,O-Si,96
1804,O-Si,96
1805,O-Si,96
1806,O-Si,96
1807,O-Si,96
1808,O-Si,96
1809,O-Si,96
1810,O-Si,96
1811,O-Si,96
1812,O-Si,96
1813,O-Si,96
1814,O-Si,96
1815,O-Si,96
1816,O-Si,96
1817,O-Si,96
1818,O-Si,96
1819,O-Si,96
1820,O-Si,96
1821,O-Si,96
1822,O-Si,96
1823,O-Si,96
1824,O-Si,96
1825,O-Si,96
1826,O-Si,96
1827,O-Si,96
1828,O-Si,96
1829,O-Si,96
1830,O-Si,96
1831,O-Si,96
1832,O-Si,96
1833,O-Si,96
1834,O-Si,96
1835,O-Si,96
1836,O-Si,96
1837,O-Si,96
1838,O-Si,96
1839,O-Si,96
1840,O-Si,96
1841,O-Si,96
1842,O-Si,96
1843,O-Si,96
1844,O-Si,96
1845,O-Si,96
1846,O-Si,96
1847,O-Si,96
1848,O-Si,96
1849,O-Si,96
1850,O-Si,96
1851,O-Si,96
1852,O-Si,96
1853,O-Si,96
1854,O-Si,96
1855,O-Si,96
1856,O-Si,96
1857,O-Si,96
1858,O-Si,96
1859,O-Si,96
1860,O-Si,96
1861,O-Si,96
1862,O-Si,96
1863,O-Si,96
1864,O-Si,96
1865,O-Si,96
1866,O-Si,96
1867,O-Si,96
1868,O-Si,96
1869,O-Si,96
1870,O-Si,96
1871,O-Si,96
1872,O-Si,96
1873,O-Si,96
1874,O-Si,96
1875,O-Si,96
1876,O-Si,96
1877,O-Si,96
1878,O-Si,96
1879,O-Si,96
1880,O-Si,96
1881,O-Si,96
1882,O-Si,96
1883,O-Si,96
1884,O-Si,96
1885,O-Si,96
1886,O-Si,96
1887,O-Si,96
1888,O-Si,96
1889,O-Si,96
1890,O-Si,96
1891,O-Si,96
1892,O-Si,96
1893,O-Si,96
1894,O-Si,96
1895,O-Si,96
1896,O-Si,96
1897,O-Si,96
1898,O-Si,96
1899,O-Si,96
1900,O-Si,96
1901,O-Si,96
1902,O-Si,96
1903,O-Si,96
1904,O-Si,96
1905,O-Si,96
1906,O-Si,96
1907,O-Si,96
1908,O-Si,96
1909,O-Si,96
1910,O-Si,96
1911,O-Si,96
1912,O-Si,96
1913,O-Si,96
1914,O-Si,96
1915,O-Si,96
1916,O-Si,96
1917,O-Si,96
1918,O-Si,96
1919,O-Si,96
1920,O-Si,96
1921,O-Si,96
1922,O-Si,96
1923,O-Si,96
1924,O-Si,96
1925,O-Si,96
1926,O-Si,96
1927,O-Si,96
1928,O-Si,96
1929,O-Si,96
1930,O-Si,96
1931,O-Si,96
1932,O-Si,96
1933,O-Si,96
1934,O-Si,96
1935,O-Si,96
1936,O-Si,96
1937,O-Si,96
1938,O-Si,96
1939,O-Si,96
1940,O-Si,96
1941,O-Si,96
1942,O-Si,96
1943,O-Si,96
1944,O-Si,96
1945,O-Si,96
1946,O-Si,96
1947,O-Si,96
1948,O-Si,96
1949,O-Si,96
1950,O-Si,96
1951,O-Si,96
1952,O-Si,96
1953,O-Si,96
1954,O-Si,96
1955,O-Si,96
1956,O-Si,96
1957,O-Si,96
1958,O-Si,96
1959,O-Si,96
1960,O-Si,96
1961,O-Si,96
1962,O-Si,96
1963,O-Si,96
1964,O-Si,96
1965,O-Si,96
1966,O-Si,96
1967,O-Si,96
1968,O-Si,96
1969,O-Si,96
1970,O-Si,96
1971,O-Si,96
1972,O-Si,96
1973,O-Si,96
1974,O-Si,96
1975,O-Si,96
1976,O-Si,96
1977,O-Si,96
1978,O-Si,96
1979,O-Si,96
1980,O-Si,96
1981,O-Si,96
1982,O-Si,96
1983,O-Si,96
1984,O-Si,96
1985,O-Si,96
1986,O-Si,96
1987,O-Si,96
1988,O-Si,96
1989,O-Si,96
1990,O-Si,96
1991,O-Si,96
1992,O-Si,96
1993,O-Si,96
1994,O-Si,96
1995,O-Si,96
1996,O-Si,96
1997,O-Si,96
1998,O-Si,96
1999,O-Si,96
