result_position_before,result_position_after,kind
0,1,stable
1,2,stable
2,3,stable
3,4,stable
4,5,stable
5,6,stable
6,7,stable
7,8,stable
8,9,stable
9,10,stable
10,11,stable
11,12,stable
12,13,stable
13,14,stable
14,15,stable
15,16,stable
16,17,stable
17,18,stable
18,19,stable
19,20,stable
20,21,stable
21,22,stable
22,23,stable
23,24,stable
24,25,stable
25,26,stable
26,27,stable
27,28,stable
28,29,stable
29,30,stable
30,31,stable
31,32,stable
32,33,stable
33,34,stable
34,35,stable
35,36,stable
36,37,stable
37,38,stable
38,39,stable
39,40,atomic_only
40,41,stable
41,42,stable
42,43,stable
43,44,stable
44,45,stable
45,46,stable
46,47,stable
47,48,stable
48,49,stable
49,50,stable
50,51,stable
51,52,stable
52,53,stable
53,54,stable
54,55,atomic_only
55,56,stable
56,57,stable
57,58,stable
58,59,stable
59,60,stable
60,61,stable
61,62,stable
62,63,stable
63,64,stable
64,65,stable
65,66,stable
66,67,stable
67,68,stable
68,69,stable
69,70,stable
70,71,stable
71,72,stable
72,73,stable
73,74,stable
74,75,stable
75,76,stable
76,77,stable
77,78,stable
78,79,stable
79,80,stable
80,81,stable
81,82,stable
82,83,stable
83,84,stable
84,85,stable
85,86,stable
86,87,stable
87,88,stable
88,89,stable
89,90,stable
90,91,stable
91,92,stable
92,93,stable
93,94,atomic_only
94,95,stable
95,96,stable
96,97,stable
97,98,stable
98,99,stable
99,100,stable
100,101,stable
101,102,stable
102,103,stable
103,104,stable
104,105,stable
105,106,stable
106,107,stable
107,108,stable
108,109,stable
109,110,stable
110,111,stable
111,112,stable
112,113,stable
113,114,stable
114,115,stable
115,116,stable
116,117,stable
117,118,stable
118,119,stable
119,120,stable
120,121,stable
121,122,stable
122,123,stable
123,124,stable
124,125,stable
125,126,stable
126,127,stable
127,128,stable
128,129,stable
129,130,stable
130,131,stable
131,132,stable
132,133,stable
133,134,stable
134,135,stable
135,136,stable
136,137,stable
137,138,stable
138,139,stable
139,140,stable
140,141,stable
141,142,stable
142,143,stable
143,144,stable
144,145,stable
145,146,stable
146,147,stable
147,148,stable
148,149,stable
149,150,stable
150,151,stable
151,152,stable
152,153,stable
153,154,stable
154,155,stable
155,156,stable
156,157,stable
157,158,stable
158,159,stable
159,160,stable
160,161,stable
161,162,stable
162,163,stable
163,164,stable
164,165,stable
165,166,stable
166,167,stable
167,168,stable
168,169,stable
169,170,stable
170,171,stable
171,172,stable
172,173,stable
173,174,stable
174,175,stable
175,176,stable
176,177,stable
177,178,stable
178,179,stable
179,180,stable
180,181,atomic_only
181,182,stable
182,183,stable
183,184,stable
184,185,stable
185,186,stable
186,187,stable
187,188,stable
188,189,stable
189,190,stable
190,191,stable
191,192,stable
192,193,stable
193,194,atomic_only
194,195,stable
195,196,stable
196,197,stable
197,198,stable
198,199,stable
199,200,stable
200,201,stable
201,202,stable
202,203,stable
203,204,stable
204,205,stable
205,206,stable
206,207,stable
207,208,stable
208,209,stable
209,210,atomic_only
210,211,stable
211,212,stable
212,213,stable
213,214,stable
214,215,stable
215,216,stable
216,217,stable
217,218,stable
218,219,stable
219,220,stable
220,221,stable
221,222,stable
222,223,stable
223,224,stable
224,225,stable
225,226,stable
226,227,stable
227,228,stable
228,229,stable
229,230,stable
230,231,stable
231,232,stable
232,233,stable
233,234,stable
234,235,stable
235,236,stable
236,237,stable
237,238,stable
238,239,stable
239,240,stable
240,241,stable
241,242,stable
242,243,stable
243,244,stable
244,245,stable
245,246,stable
246,247,stable
247,248,stable
248,249,stable
249,250,stable
250,251,stable
251,252,stable
252,253,stable
253,254,stable
254,255,stable
255,256,atomic_only
256,257,stable
257,258,stable
258,259,stable
259,260,stable
260,261,stable
261,262,stable
262,263,stable
263,264,stable
264,265,stable
265,266,stable
266,267,stable
267,268,stable
268,269,stable
269,270,stable
270,271,stable
271,272,stable
272,273,stable
273,274,stable
274,275,stable
275,276,stable
276,277,stable
277,278,stable
278,279,stable
279,280,stable
280,281,stable
281,282,stable
282,283,stable
283,284,stable
284,285,stable
285,286,stable
286,287,stable
287,288,stable
288,289,stable
289,290,stable
290,291,stable
291,292,stable
292,293,stable
293,294,stable
294,295,stable
295,296,stable
296,297,stable
297,298,stable
298,299,stable
299,300,stable
300,301,atomic_only
301,302,stable
302,303,stable
303,304,stable
304,305,stable
305,306,stable
306,307,stable
307,308,atomic_only
308,309,stable
309,310,stable
310,311,stable
311,312,stable
312,313,stable
313,314,stable
314,315,stable
315,316,stable
316,317,stable
317,318,stable
318,319,stable
319,320,stable
320,321,stable
321,322,stable
322,323,stable
323,324,stable
324,325,stable
325,326,stable
326,327,stable
327,328,stable
328,329,stable
329,330,stable
330,331,stable
331,332,stable
332,333,stable
333,334,stable
334,335,stable
335,336,stable
336,337,stable
337,338,stable
338,339,stable
339,340,stable
340,341,stable
341,342,stable
342,343,stable
343,344,stable
344,345,stable
345,346,stable
346,347,stable
347,348,stable
348,349,stable
349,350,stable
350,351,stable
351,352,stable
352,353,stable
353,354,stable
354,355,stable
355,356,stable
356,357,stable
357,358,stable
358,359,stable
359,360,stable
360,361,stable
361,362,stable
362,363,stable
363,364,stable
364,365,stable
365,366,stable
366,367,stable
367,368,stable
368,369,stable
369,370,stable
370,371,stable
371,372,stable
372,373,stable
373,374,stable
374,375,stable
375,376,atomic_only
376,377,stable
377,378,stable
378,379,stable
379,380,stable
380,381,stable
381,382,stable
382,383,stable
383,384,stable
384,385,stable
385,386,stable
386,387,stable
387,388,stable
388,389,stable
389,390,stable
390,391,stable
391,392,stable
392,393,stable
393,394,stable
394,395,stable
395,396,stable
396,397,stable
397,398,stable
398,399,stable
399,400,stable
400,401,stable
401,402,stable
402,403,stable
403,404,stable
404,405,stable
405,406,stable
406,407,stable
407,408,stable
408,409,stable
409,410,atomic_only
410,411,stable
411,412,stable
412,413,stable
413,414,stable
414,415,stable
415,416,stable
416,417,stable
417,418,stable
418,419,stable
419,420,stable
420,421,stable
421,422,stable
422,423,stable
423,424,stable
424,425,stable
425,426,stable
426,427,stable
427,428,stable
428,429,stable
429,430,stable
430,431,stable
431,432,stable
432,433,stable
433,434,stable
434,435,stable
435,436,stable
436,437,stable
437,438,stable
438,439,stable
439,440,stable
440,441,stable
441,442,stable
442,443,stable
443,444,stable
444,445,stable
445,446,stable
446,447,stable
447,448,stable
448,449,stable
449,450,stable
450,451,stable
451,452,stable
452,453,stable
453,454,stable
454,455,stable
455,456,stable
456,457,stable
457,458,stable
458,459,stable
459,460,stable
460,461,stable
461,462,stable
462,463,stable
463,464,stable
464,465,stable
465,466,stable
466,467,stable
467,468,stable
468,469,stable
469,470,stable
470,471,stable
471,472,stable
472,473,stable
473,474,stable
474,475,stable
475,476,stable
476,477,stable
477,478,stable
478,479,stable
479,480,stable
480,481,stable
481,482,stable
482,483,stable
483,484,stable
484,485,stable
485,486,stable
486,487,stable
487,488,stable
488,489,stable
489,490,stable
490,491,stable
491,492,stable
492,493,stable
493,494,stable
494,495,stable
495,496,atomic_only
496,497,stable
497,498,stable
498,499,stable
499,500,atomic_only
500,501,stable
501,502,stable
502,503,stable
503,504,stable
504,505,stable
505,506,stable
506,507,stable
507,508,stable
508,509,stable
509,510,stable
510,511,stable
511,512,stable
512,513,stable
513,514,stable
514,515,stable
515,516,stable
516,517,stable
517,518,atomic_only
518,519,stable
519,520,atomic_only
520,521,stable
521,522,stable
522,523,stable
523,524,stable
524,525,stable
525,526,atomic_only
526,527,stable
527,528,stable
528,529,stable
529,530,stable
530,531,stable
531,532,stable
532,533,stable
533,534,stable
534,535,stable
535,536,stable
536,537,stable
537,538,stable
538,539,stable
539,540,stable
540,541,atomic_only
541,542,stable
542,543,stable
543,544,stable
544,545,stable
545,546,stable
546,547,stable
547,548,stable
548,549,stable
549,550,stable
550,551,stable
551,552,stable
552,553,stable
553,554,stable
554,555,stable
555,556,stable
556,557,stable
557,558,stable
558,559,stable
559,560,stable
560,561,stable
561,562,stable
562,563,stable
563,564,stable
564,565,stable
565,566,stable
566,567,stable
567,568,stable
568,569,stable
569,570,stable
570,571,stable
571,572,stable
572,573,stable
573,574,stable
574,575,stable
575,576,stable
576,577,stable
577,578,stable
578,579,stable
579,580,stable
580,581,stable
581,582,stable
582,583,stable
583,584,stable
584,585,stable
585,586,stable
586,587,stable
587,588,stable
588,589,stable
589,590,stable
590,591,stable
591,592,stable
592,593,stable
593,594,stable
594,595,stable
595,596,stable
596,597,atomic_only
597,598,stable
598,599,stable
599,600,stable
600,601,stable
601,602,stable
602,603,stable
603,604,stable
604,605,stable
605,606,atomic_only
606,607,stable
607,608,stable
608,609,stable
609,610,stable
610,611,stable
611,612,stable
612,613,stable
613,614,stable
614,615,stable
615,616,stable
616,617,stable
617,618,stable
618,619,stable
619,620,stable
620,621,stable
621,622,stable
622,623,stable
623,624,stable
624,625,stable
625,626,stable
626,627,stable
627,628,stable
628,629,stable
629,630,stable
630,631,stable
631,632,stable
632,633,stable
633,634,stable
634,635,stable
635,636,stable
636,637,stable
637,638,stable
638,639,stable
639,640,stable
640,641,stable
641,642,stable
642,643,stable
643,644,stable
644,645,stable
645,646,stable
646,647,atomic_only
647,648,stable
648,649,stable
649,650,stable
650,651,stable
651,652,stable
652,653,stable
653,654,stable
654,655,stable
655,656,stable
656,657,stable
657,658,stable
658,659,stable
659,660,stable
660,661,stable
661,662,stable
662,663,stable
663,664,stable
664,665,stable
665,666,stable
666,667,stable
667,668,stable
668,669,stable
669,670,stable
670,671,stable
671,672,stable
672,673,stable
673,674,stable
674,675,stable
675,676,stable
676,677,stable
677,678,stable
678,679,stable
679,680,stable
680,681,stable
681,682,stable
682,683,atomic_only
683,684,atomic_only
684,685,stable
685,686,atomic_only
686,687,stable
687,688,stable
688,689,stable
689,690,stable
690,691,stable
691,692,stable
692,693,stable
693,694,stable
694,695,stable
695,696,stable
696,697,stable
697,698,stable
698,699,stable
699,700,stable
700,701,stable
701,702,stable
702,703,stable
703,704,stable
704,705,stable
705,706,stable
706,707,stable
707,708,stable
708,709,stable
709,710,stable
710,711,stable
711,712,atomic_only
712,713,stable
713,714,stable
714,715,atomic_only
715,716,stable
716,717,stable
717,718,stable
718,719,stable
719,720,stable
720,721,stable
721,722,stable
722,723,stable
723,724,stable
724,725,stable
725,726,stable
726,727,stable
727,728,stable
728,729,stable
729,730,stable
730,731,stable
731,732,stable
732,733,stable
733,734,stable
734,735,stable
735,736,stable
736,737,stable
737,738,stable
738,739,stable
739,740,stable
740,741,stable
741,742,stable
742,743,stable
743,744,stable
744,745,stable
745,746,stable
746,747,stable
747,748,atomic_only
748,749,stable
749,750,stable
750,751,stable
751,752,stable
752,753,stable
753,754,stable
754,755,stable
755,756,stable
756,757,stable
757,758,atomic_only
758,759,stable
759,760,stable
760,761,stable
761,762,stable
762,763,stable
763,764,stable
764,765,stable
765,766,stable
766,767,stable
767,768,stable
768,769,stable
769,770,stable
770,771,stable
771,772,stable
772,773,stable
773,774,stable
774,775,stable
775,776,stable
776,777,stable
777,778,stable
778,779,stable
779,780,stable
780,781,stable
781,782,atomic_only
782,783,atomic_only
783,784,stable
784,785,stable
785,786,stable
786,787,stable
787,788,stable
788,789,stable
789,790,stable
790,791,stable
791,792,stable
792,793,stable
793,794,stable
794,795,stable
795,796,stable
796,797,stable
797,798,stable
798,799,stable
799,800,stable
800,801,stable
801,802,stable
802,803,stable
803,804,stable
804,805,stable
805,806,stable
806,807,atomic_only
807,808,stable
808,809,stable
809,810,stable
810,811,stable
811,812,stable
812,813,stable
813,814,stable
814,815,stable
815,816,stable
816,817,stable
817,818,stable
818,819,atomic_only
819,820,atomic_only
820,821,stable
821,822,stable
822,823,stable
823,824,stable
824,825,stable
825,826,stable
826,827,stable
827,828,stable
828,829,stable
829,830,stable
830,831,stable
831,832,stable
832,833,stable
833,834,stable
834,835,stable
835,836,stable
836,837,stable
837,838,stable
838,839,stable
839,840,stable
840,841,stable
841,842,stable
842,843,stable
843,844,stable
844,845,stable
845,846,stable
846,847,stable
847,848,stable
848,849,stable
849,850,stable
850,851,stable
851,852,stable
852,853,stable
853,854,stable
854,855,stable
855,856,stable
856,857,stable
857,858,stable
858,859,stable
859,860,stable
860,861,stable
861,862,stable
862,863,stable
863,864,atomic_only
864,865,stable
865,866,stable
866,867,stable
867,868,stable
868,869,stable
869,870,stable
870,871,stable
871,872,stable
872,873,stable
873,874,stable
874,875,stable
875,876,stable
876,877,stable
877,878,stable
878,879,stable
879,880,stable
880,881,stable
881,882,stable
882,883,stable
883,884,stable
884,885,stable
885,886,stable
886,887,stable
887,888,stable
888,889,stable
889,890,atomic_only
890,891,stable
891,892,stable
892,893,stable
893,894,stable
894,895,stable
895,896,stable
896,897,stable
897,898,stable
898,899,stable
899,900,stable
900,901,atomic_only
901,902,stable
902,903,atomic_only
903,904,stable
904,905,stable
905,906,stable
906,907,stable
907,908,stable
908,909,stable
909,910,stable
910,911,stable
911,912,stable
912,913,stable
913,914,stable
914,915,stable
915,916,stable
916,917,stable
917,918,stable
918,919,stable
919,920,stable
920,921,stable
921,922,stable
922,923,stable
923,924,stable
924,925,stable
925,926,stable
926,927,stable
927,928,stable
928,929,stable
929,930,stable
930,931,stable
931,932,stable
932,933,stable
933,934,stable
934,935,stable
935,936,stable
936,937,stable
937,938,stable
938,939,stable
939,940,stable
940,941,stable
941,942,stable
942,943,stable
943,944,stable
944,945,stable
945,946,stable
946,947,stable
947,948,stable
948,949,stable
949,950,stable
950,951,stable
951,952,stable
952,953,stable
953,954,stable
954,955,stable
955,956,stable
956,957,stable
957,958,stable
958,959,stable
959,960,stable
960,961,stable
961,962,stable
962,963,stable
963,964,stable
964,965,stable
965,966,stable
966,967,stable
967,968,stable
968,969,stable
969,970,stable
970,971,stable
971,972,stable
972,973,stable
973,974,stable
974,975,stable
975,976,stable
976,977,stable
977,978,stable
978,979,stable
979,980,stable
980,981,stable
981,982,stable
982,983,stable
983,984,stable
984,985,stable
985,986,stable
986,987,stable
987,988,stable
988,989,stable
989,990,stable
990,991,stable
991,992,stable
992,993,stable
993,994,stable
994,995,stable
995,996,stable
996,997,stable
997,998,stable
998,999,stable
999,1000,stable
1000,1001,stable
1001,1002,stable
1002,1003,stable
1003,1004,atomic_only
1004,1005,stable
1005,1006,stable
1006,1007,stable
1007,1008,stable
1008,1009,stable
1009,1010,stable
1010,1011,stable
1011,1012,stable
1012,1013,stable
1013,1014,stable
1014,1015,stable
1015,1016,stable
1016,1017,stable
1017,1018,stable
1018,1019,stable
1019,1020,stable
1020,1021,stable
1021,1022,stable
1022,1023,stable
1023,1024,stable
1024,1025,stable
1025,1026,stable
1026,1027,stable
1027,1028,stable
1028,1029,atomic_only
1029,1030,stable
1030,1031,stable
1031,1032,stable
1032,1033,stable
1033,1034,stable
1034,1035,stable
1035,1036,stable
1036,1037,stable
1037,1038,stable
1038,1039,stable
1039,1040,stable
1040,1041,stable
1041,1042,stable
1042,1043,stable
1043,1044,stable
1044,1045,stable
1045,1046,stable
1046,1047,stable
1047,1048,stable
1048,1049,stable
1049,1050,stable
1050,1051,atomic_only
1051,1052,stable
1052,1053,stable
1053,1054,stable
1054,1055,stable
1055,1056,stable
1056,1057,stable
1057,1058,stable
1058,1059,stable
1059,1060,stable
1060,1061,atomic_only
1061,1062,stable
1062,1063,stable
1063,1064,stable
1064,1065,stable
1065,1066,stable
1066,1067,stable
1067,1068,stable
1068,1069,stable
1069,1070,stable
1070,1071,stable
1071,1072,stable
1072,1073,stable
1073,1074,atomic_only
1074,1075,stable
1075,1076,stable
1076,1077,stable
1077,1078,stable
1078,1079,stable
1079,1080,stable
1080,1081,stable
1081,1082,stable
1082,1083,stable
1083,1084,stable
1084,1085,stable
1085,1086,stable
1086,1087,stable
1087,1088,stable
1088,1089,stable
1089,1090,stable
1090,1091,stable
1091,1092,stable
1092,1093,stable
1093,1094,stable
1094,1095,stable
1095,1096,stable
1096,1097,stable
1097,1098,stable
1098,1099,stable
1099,1100,stable
1100,1101,stable
1101,1102,stable
1102,1103,stable
1103,1104,stable
1104,1105,stable
1105,1106,stable
1106,1107,stable
1107,1108,stable
1108,1109,stable
1109,1110,stable
1110,1111,stable
1111,1112,stable
1112,1113,stable
1113,1114,stable
1114,1115,stable
1115,1116,stable
1116,1117,stable
1117,1118,stable
1118,1119,stable
1119,1120,stable
1120,1121,stable
1121,1122,stable
1122,1123,stable
1123,1124,stable
1124,1125,stable
1125,1126,stable
1126,1127,stable
1127,1128,stable
1128,1129,stable
1129,1130,stable
1130,1131,atomic_only
1131,1132,stable
1132,1133,stable
1133,1134,stable
1134,1135,stable
1135,1136,stable
1136,1137,stable
1137,1138,stable
1138,1139,stable
1139,1140,stable
1140,1141,stable
1141,1142,stable
1142,1143,stable
1143,1144,stable
1144,1145,stable
1145,1146,stable
1146,1147,stable
1147,1148,stable
1148,1149,stable
1149,1150,stable
1150,1151,stable
1151,1152,stable
1152,1153,stable
1153,1154,stable
1154,1155,stable
1155,1156,stable
1156,1157,stable
1157,1158,stable
1158,1159,stable
1159,1160,stable
1160,1161,stable
1161,1162,stable
1162,1163,stable
1163,1164,stable
1164,1165,stable
1165,1166,stable
1166,1167,stable
1167,1168,stable
1168,1169,stable
1169,1170,stable
1170,1171,stable
1171,1172,atomic_only
1172,1173,stable
1173,1174,stable
1174,1175,stable
1175,1176,stable
1176,1177,stable
1177,1178,atomic_only
1178,1179,stable
1179,1180,stable
1180,1181,stable
1181,1182,stable
1182,1183,stable
1183,1184,stable
1184,1185,stable
1185,1186,stable
1186,1187,stable
1187,1188,stable
1188,1189,stable
1189,1190,stable
1190,1191,stable
1191,1192,stable
1192,1193,stable
1193,1194,stable
1194,1195,stable
1195,1196,stable
1196,1197,stable
1197,1198,stable
1198,1199,stable
1199,1200,stable
1200,1201,stable
1201,1202,stable
1202,1203,stable
1203,1204,stable
1204,1205,stable
1205,1206,stable
1206,1207,stable
1207,1208,stable
1208,1209,stable
1209,1210,stable
1210,1211,stable
1211,1212,stable
1212,1213,stable
1213,1214,stable
1214,1215,stable
1215,1216,stable
1216,1217,stable
1217,1218,stable
1218,1219,stable
1219,1220,stable
1220,1221,stable
1221,1222,stable
1222,1223,stable
1223,1224,stable
1224,1225,atomic_only
1225,1226,stable
1226,1227,stable
1227,1228,stable
1228,1229,stable
1229,1230,stable
1230,1231,stable
1231,1232,stable
1232,1233,stable
1233,1234,stable
1234,1235,stable
1235,1236,stable
1236,1237,stable
1237,1238,stable
1238,1239,stable
1239,1240,stable
1240,1241,stable
1241,1242,stable
1242,1243,stable
1243,1244,stable
1244,1245,stable
1245,1246,stable
1246,1247,stable
1247,1248,stable
1248,1249,stable
1249,1250,stable
1250,1251,stable
1251,1252,stable
1252,1253,stable
1253,1254,stable
1254,1255,stable
1255,1256,stable
1256,1257,stable
1257,1258,stable
1258,1259,stable
1259,1260,stable
1260,1261,stable
1261,1262,stable
1262,1263,stable
1263,1264,stable
1264,1265,stable
1265,1266,stable
1266,1267,stable
1267,1268,stable
1268,1269,stable
1269,1270,stable
1270,1271,stable
1271,1272,stable
1272,1273,stable
1273,1274,stable
1274,1275,stable
1275,1276,stable
1276,1277,stable
1277,1278,stable
1278,1279,stable
1279,1280,stable
1280,1281,stable
1281,1282,stable
1282,1283,stable
1283,1284,stable
1284,1285,stable
1285,1286,stable
1286,1287,stable
1287,1288,stable
1288,1289,stable
1289,1290,atomic_only
1290,1291,stable
1291,1292,stable
1292,1293,stable
1293,1294,stable
1294,1295,stable
1295,1296,stable
1296,1297,stable
1297,1298,stable
1298,1299,stable
1299,1300,stable
1300,1301,stable
1301,1302,stable
1302,1303,stable
1303,1304,stable
1304,1305,stable
1305,1306,stable
1306,1307,stable
1307,1308,stable
1308,1309,stable
1309,1310,stable
1310,1311,stable
1311,1312,stable
1312,1313,stable
1313,1314,stable
1314,1315,atomic_only
1315,1316,stable
1316,1317,stable
1317,1318,stable
1318,1319,stable
1319,1320,stable
1320,1321,stable
1321,1322,stable
1322,1323,stable
1323,1324,stable
1324,1325,stable
1325,1326,stable
1326,1327,stable
1327,1328,stable
1328,1329,stable
1329,1330,stable
1330,1331,stable
1331,1332,stable
1332,1333,stable
1333,1334,stable
1334,1335,stable
1335,1336,stable
1336,1337,stable
1337,1338,stable
1338,1339,stable
1339,1340,stable
1340,1341,stable
1341,1342,stable
1342,1343,stable
1343,1344,stable
1344,1345,stable
1345,1346,stable
1346,1347,stable
1347,1348,stable
1348,1349,stable
1349,1350,stable
1350,1351,stable
1351,1352,atomic_only
1352,1353,stable
1353,1354,atomic_only
1354,1355,stable
1355,1356,stable
1356,1357,stable
1357,1358,stable
1358,1359,stable
1359,1360,stable
1360,1361,stable
1361,1362,stable
1362,1363,stable
1363,1364,stable
1364,1365,stable
1365,1366,stable
1366,1367,stable
1367,1368,stable
1368,1369,stable
1369,1370,stable
1370,1371,stable
1371,1372,stable
1372,1373,stable
1373,1374,stable
1374,1375,stable
1375,1376,stable
1376,1377,stable
1377,1378,stable
1378,1379,stable
1379,1380,stable
1380,1381,stable
1381,1382,stable
1382,1383,atomic_only
1383,1384,stable
1384,1385,stable
1385,1386,stable
1386,1387,stable
1387,1388,stable
1388,1389,stable
1389,1390,stable
1390,1391,stable
1391,1392,stable
1392,1393,stable
1393,1394,stable
1394,1395,stable
1395,1396,stable
1396,1397,stable
1397,1398,stable
1398,1399,stable
1399,1400,stable
1400,1401,stable
1401,1402,stable
1402,1403,stable
1403,1404,stable
1404,1405,stable
1405,1406,stable
1406,1407,stable
1407,1408,stable
1408,1409,stable
1409,1410,stable
1410,1411,stable
1411,1412,stable
1412,1413,stable
1413,1414,stable
1414,1415,stable
1415,1416,stable
1416,1417,stable
1417,1418,stable
1418,1419,stable
1419,1420,stable
1420,1421,stable
1421,1422,stable
1422,1423,stable
1423,1424,stable
1424,1425,stable
1425,1426,stable
1426,1427,stable
1427,1428,stable
1428,1429,stable
1429,1430,stable
1430,1431,atomic_only
1431,1432,stable
1432,1433,stable
1433,1434,stable
1434,1435,stable
1435,1436,stable
1436,1437,stable
1437,1438,stable
1438,1439,atomic_only
1439,1440,stable
1440,1441,atomic_only
1441,1442,stable
1442,1443,stable
1443,1444,stable
1444,1445,stable
1445,1446,stable
1446,1447,stable
1447,1448,stable
1448,1449,stable
1449,1450,stable
1450,1451,stable
1451,1452,stable
1452,1453,stable
1453,1454,stable
1454,1455,stable
1455,1456,stable
1456,1457,stable
1457,1458,stable
1458,1459,stable
1459,1460,stable
1460,1461,stable
1461,1462,stable
1462,1463,stable
1463,1464,stable
1464,1465,stable
1465,1466,stable
1466,1467,stable
1467,1468,stable
1468,1469,stable
1469,1470,stable
1470,1471,stable
1471,1472,stable
1472,1473,stable
1473,1474,stable
1474,1475,stable
1475,1476,stable
1476,1477,stable
1477,1478,stable
1478,1479,stable
1479,1480,stable
1480,1481,stable
1481,1482,stable
1482,1483,stable
1483,1484,stable
1484,1485,stable
1485,1486,stable
1486,1487,stable
1487,1488,stable
1488,1489,stable
1489,1490,stable
1490,1491,atomic_only
1491,1492,stable
1492,1493,stable
1493,1494,stable
1494,1495,stable
1495,1496,stable
1496,1497,stable
1497,1498,stable
1498,1499,stable
1499,1500,stable
1500,1501,stable
1501,1502,stable
1502,1503,stable
1503,1504,stable
1504,1505,stable
1505,1506,stable
1506,1507,stable
1507,1508,atomic_only
1508,1509,stable
1509,1510,stable
1510,1511,stable
1511,1512,stable
1512,1513,stable
1513,1514,stable
1514,1515,stable
1515,1516,stable
1516,1517,stable
1517,1518,stable
1518,1519,stable
1519,1520,stable
1520,1521,stable
1521,1522,stable
1522,1523,stable
1523,1524,stable
1524,1525,stable
1525,1526,stable
1526,1527,stable
1527,1528,stable
1528,1529,stable
1529,1530,stable
1530,1531,stable
1531,1532,stable
1532,1533,stable
1533,1534,atomic_only
1534,1535,stable
1535,1536,stable
1536,1537,stable
1537,1538,stable
1538,1539,stable
1539,1540,stable
1540,1541,stable
1541,1542,stable
1542,1543,stable
1543,1544,stable
1544,1545,stable
1545,1546,stable
1546,1547,stable
1547,1548,stable
1548,1549,stable
1549,1550,stable
1550,1551,stable
1551,1552,stable
1552,1553,stable
1553,1554,stable
1554,1555,stable
1555,1556,stable
1556,1557,stable
1557,1558,stable
1558,1559,stable
1559,1560,stable
1560,1561,stable
1561,1562,stable
1562,1563,stable
1563,1564,stable
1564,1565,atomic_only
1565,1566,stable
1566,1567,stable
1567,1568,stable
1568,1569,stable
1569,1570,stable
1570,1571,stable
1571,1572,stable
1572,1573,stable
1573,1574,stable
1574,1575,stable
1575,1576,atomic_only
1576,1577,stable
1577,1578,stable
1578,1579,stable
1579,1580,stable
1580,1581,stable
1581,1582,stable
1582,1583,stable
1583,1584,stable
1584,1585,stable
1585,1586,stable
1586,1587,atomic_only
1587,1588,stable
1588,1589,stable
1589,1590,stable
1590,1591,stable
1591,1592,stable
1592,1593,stable
1593,1594,stable
1594,1595,stable
1595,1596,stable
1596,1597,stable
1597,1598,stable
1598,1599,stable
1599,1600,stable
1600,1601,stable
1601,1602,stable
1602,1603,stable
1603,1604,stable
1604,1605,stable
1605,1606,stable
1606,1607,stable
1607,1608,atomic_only
1608,1609,stable
1609,1610,stable
1610,1611,stable
1611,1612,stable
1612,1613,stable
1613,1614,stable
1614,1615,stable
1615,1616,stable
1616,1617,stable
1617,1618,stable
1618,1619,stable
1619,1620,stable
1620,1621,stable
1621,1622,stable
1622,1623,stable
1623,1624,stable
1624,1625,stable
1625,1626,stable
1626,1627,stable
1627,1628,stable
1628,1629,stable
1629,1630,stable
1630,1631,stable
1631,1632,stable
1632,1633,stable
1633,1634,stable
1634,1635,stable
1635,1636,stable
1636,1637,stable
1637,1638,stable
1638,1639,stable
1639,1640,stable
1640,1641,stable
1641,1642,stable
1642,1643,stable
1643,1644,stable
1644,1645,stable
1645,1646,stable
1646,1647,stable
1647,1648,stable
1648,1649,stable
1649,1650,stable
1650,1651,stable
1651,1652,stable
1652,1653,stable
1653,1654,atomic_only
1654,1655,stable
1655,1656,stable
1656,1657,stable
1657,1658,stable
1658,1659,stable
1659,1660,stable
1660,1661,stable
1661,1662,stable
1662,1663,stable
1663,1664,stable
1664,1665,stable
1665,1666,stable
1666,1667,stable
1667,1668,stable
1668,1669,stable
1669,1670,stable
1670,1671,stable
1671,1672,stable
1672,1673,stable
1673,1674,stable
1674,1675,stable
1675,1676,stable
1676,1677,stable
1677,1678,stable
1678,1679,stable
1679,1680,stable
1680,1681,stable
1681,1682,stable
1682,1683,stable
1683,1684,stable
1684,1685,stable
1685,1686,stable
1686,1687,stable
1687,1688,stable
1688,1689,stable
1689,1690,stable
1690,1691,stable
1691,1692,stable
1692,1693,stable
1693,1694,stable
1694,1695,stable
1695,1696,stable
1696,1697,stable
1697,1698,stable
1698,1699,stable
1699,1700,stable
1700,1701,stable
1701,1702,stable
1702,1703,stable
1703,1704,stable
1704,1705,stable
1705,1706,stable
1706,1707,stable
1707,1708,stable
1708,1709,stable
1709,1710,stable
1710,1711,stable
1711,1712,atomic_only
1712,1713,stable
1713,1714,stable
1714,1715,stable
1715,1716,stable
1716,1717,stable
1717,1718,stable
1718,1719,stable
1719,1720,stable
1720,1721,stable
1721,1722,stable
1722,1723,stable
1723,1724,stable
1724,1725,stable
1725,1726,stable
1726,1727,stable
1727,1728,stable
1728,1729,stable
1729,1730,stable
1730,1731,stable
1731,1732,stable
1732,1733,stable
1733,1734,stable
1734,1735,stable
1735,1736,stable
1736,1737,stable
1737,1738,stable
1738,1739,stable
1739,1740,stable
1740,1741,atomic_only
1741,1742,stable
1742,1743,stable
1743,1744,stable
1744,1745,stable
1745,1746,stable
1746,1747,stable
1747,1748,stable
1748,1749,stable
1749,1750,stable
1750,1751,stable
1751,1752,stable
1752,1753,atomic_only
1753,1754,stable
1754,1755,stable
1755,1756,stable
1756,1757,stable
1757,1758,stable
1758,1759,stable
1759,1760,stable
1760,1761,stable
1761,1762,stable
1762,1763,stable
1763,1764,stable
1764,1765,stable
1765,1766,stable
1766,1767,stable
1767,1768,stable
1768,1769,stable
1769,1770,stable
1770,1771,stable
1771,1772,stable
1772,1773,stable
1773,1774,stable
1774,1775,stable
1775,1776,stable
1776,1777,stable
1777,1778,stable
1778,1779,stable
1779,1780,stable
1780,1781,stable
1781,1782,stable
1782,1783,stable
1783,1784,stable
1784,1785,stable
1785,1786,stable
1786,1787,stable
1787,1788,stable
1788,1789,stable
1789,1790,stable
1790,1791,stable
1791,1792,stable
1792,1793,stable
1793,1794,stable
1794,1795,stable
1795,1796,stable
1796,1797,stable
1797,1798,stable
1798,1799,stable
1799,1800,stable
1800,1801,stable
1801,1802,stable
1802,1803,stable
1803,1804,stable
1804,1805,stable
1805,1806,stable
1806,1807,stable
1807,1808,stable
1808,1809,stable
1809,1810,stable
1810,1811,stable
1811,1812,stable
1812,1813,stable
1813,1814,stable
1814,1815,stable
1815,1816,stable
1816,1817,stable
1817,1818,stable
1818,1819,stable
1819,1820,stable
1820,1821,stable
1821,1822,stable
1822,1823,stable
1823,1824,stable
1824,1825,stable
1825,1826,stable
1826,1827,stable
1827,1828,stable
1828,1829,stable
1829,1830,stable
1830,1831,stable
1831,1832,stable
1832,1833,stable
1833,1834,stable
1834,1835,stable
1835,1836,stable
1836,1837,stable
1837,1838,stable
1838,1839,stable
1839,1840,stable
1840,1841,stable
1841,1842,stable
1842,1843,stable
1843,1844,stable
1844,1845,stable
1845,1846,stable
1846,1847,stable
1847,1848,stable
1848,1849,stable
1849,1850,atomic_only
1850,1851,stable
1851,1852,stable
1852,1853,stable
1853,1854,stable
1854,1855,stable
1855,1856,stable
1856,1857,stable
1857,1858,stable
1858,1859,stable
1859,1860,stable
1860,1861,stable
1861,1862,stable
1862,1863,stable
1863,1864,atomic_only
1864,1865,stable
1865,1866,stable
1866,1867,stable
1867,1868,stable
1868,1869,stable
1869,1870,stable
1870,1871,stable
1871,1872,stable
1872,1873,stable
1873,1874,stable
1874,1875,atomic_only
1875,1876,stable
1876,1877,stable
1877,1878,stable
1878,1879,stable
1879,1880,stable
1880,1881,stable
1881,1882,stable
1882,1883,stable
1883,1884,stable
1884,1885,stable
1885,1886,stable
1886,1887,stable
1887,1888,stable
1888,1889,stable
1889,1890,stable
1890,1891,stable
1891,1892,stable
1892,1893,stable
1893,1894,stable
1894,1895,stable
1895,1896,stable
1896,1897,stable
1897,1898,stable
1898,1899,stable
1899,1900,stable
1900,1901,stable
1901,1902,stable
1902,1903,stable
1903,1904,stable
1904,1905,stable
1905,1906,stable
1906,1907,stable
1907,1908,atomic_only
1908,1909,stable
1909,1910,stable
1910,1911,stable
1911,1912,stable
1912,1913,stable
1913,1914,stable
1914,1915,stable
1915,1916,stable
1916,1917,stable
1917,1918,stable
1918,1919,stable
1919,1920,stable
1920,1921,stable
1921,1922,stable
1922,1923,stable
1923,1924,stable
1924,1925,stable
1925,1926,stable
1926,1927,stable
1927,1928,atomic_only
1928,1929,stable
1929,1930,stable
1930,1931,stable
1931,1932,stable
1932,1933,stable
1933,1934,stable
1934,1935,stable
1935,1936,stable
1936,1937,stable
1937,1938,stable
1938,1939,stable
1939,1940,stable
1940,1941,stable
1941,1942,stable
1942,1943,stable
1943,1944,stable
1944,1945,stable
1945,1946,stable
1946,1947,stable
1947,1948,stable
1948,1949,stable
1949,1950,stable
1950,1951,stable
1951,1952,stable
1952,1953,stable
1953,1954,stable
1954,1955,stable
1955,1956,stable
1956,1957,atomic_only
1957,1958,stable
1958,1959,stable
1959,1960,stable
1960,1961,stable
1961,1962,stable
1962,1963,stable
1963,1964,stable
1964,1965,stable
1965,1966,stable
1966,1967,stable
1967,1968,stable
1968,1969,stable
1969,1970,stable
1970,1971,stable
1971,1972,stable
1972,1973,stable
1973,1974,stable
1974,1975,stable
1975,1976,stable
1976,1977,stable
1977,1978,stable
1978,1979,stable
1979,1980,stable
1980,1981,stable
1981,1982,stable
1982,1983,stable
1983,1984,stable
1984,1985,atomic_only
1985,1986,stable
1986,1987,stable
1987,1988,stable
1988,1989,stable
1989,1990,stable
1990,1991,stable
1991,1992,stable
1992,1993,stable
1993,1994,stable
1994,1995,stable
1995,1996,stable
1996,1997,stable
1997,1998,stable
1998,1999,stable
