result_position,endpoint_pair,edge_count
0,Al-Si,96
1,Al-Si,96
2,Al-Si,96
3,Al-Si,96
4,Al-Si,96
5,Al-Si,96
6,Al-Si,96
7,Al-Si,96
8,Al-Si,96
9,Al-Si,96
10,Al-Si,96
11,Al-Si,96
12,Al-Si,96
13,Al-Si,96
14,Al-Si,96
15,Al-Si,96
16,Al-Si,96
17,Al-Si,96
18,Al-Si,96
19,Al-Si,96
20,Al-Si,96
21,Al-Si,96
22,Al-Si,96
23,Al-Si,96
24,Al-Si,96
25,Al-Si,96
26,Al-Si,96
27,Al-Si,96
28,Al-Si,96
29,Al-Si,96
30,Al-Si,96
31,Al-Si,96
32,Al-Si,96
33,Al-Si,96
34,Al-Si,96
35,Al-Si,96
36,Al-Si,96
37,Al-Si,96
38,Al-Si,96
39,Al-Si,96
40,Al-Si,96
41,Al-Si,96
42,Al-Si,96
43,Al-Si,96
44,Al-Si,96
45,Al-Si,96
46,Al-Si,96
47,Al-Si,96
48,Al-Si,96
49,Al-Si,96
50,Al-Si,96
51,Al-Si,96
52,Al-Si,96
53,Al-Si,96
54,Al-Si,96
55,Al-Si,96
56,Al-Si,96
57,Al-Si,96
58,Al-Si,96
59,Al-Si,96
60,Al-Si,96
61,Al-Si,96
62,Al-Si,96
63,Al-Si,96
64,Al-Si,96
65,Al-Si,96
66,Al-Si,96
67,Al-Si,96
68,Al-Si,96
69,Al-Si,96
70,Al-Si,96
71,Al-Si,96
72,Al-Si,96
73,Al-Si,96
74,Al-Si,96
75,Al-Si,96
76,Al-Si,96
77,Al-Si,96
78,Al-Si,96
79,Al-Si,96
80,Al-Si,96
81,Al-Si,96
82,Al-Si,96
83,Al-Si,96
84,Al-Si,96
85,Al-Si,96
86,Al-Si,96
87,Al-Si,96
88,Al-Si,96
89,Al-Si,96
90,Al-Si,96
91,Al-Si,96
92,Al-Si,96
93,Al-Si,96
94,Al-Si,96
95,Al-Si,96
96,Al-Si,96
97,Al-Si,96
98,Al-Si,96
99,Al-Si,96
100,Al-Si,96
101,Al-Si,96
102,Al-Si,96
103,Al-Si,96
104,Al-Si,96
105,Al-Si,96
106,Al-Si,96
107,Al-Si,96
108,Al-Si,96
109,Al-Si,96
110,Al-Si,96
111,Al-Si,96
112,Al-Si,96
113,Al-Si,96
114,Al-Si,96
115,Al-Si,96
116,Al-Si,96
117,Al-Si,96
118,Al-Si,96
119,Al-Si,96
120,Al-Si,96
121,Al-Si,96
122,Al-Si,96
123,Al-Si,96
124,Al-Si,96
125,Al-Si,96
126,Al-Si,96
127,Al-Si,96
128,Al-Si,96
129,Al-Si,96
130,Al-Si,96
131,Al-Si,96
132,Al-Si,96
133,Al-Si,96
134,Al-Si,96
135,Al-Si,96
136,Al-Si,96
137,Al-Si,96
138,Al-Si,96
139,Al-Si,96
140,Al-Si,96
141,Al-Si,96
142,Al-Si,96
143,Al-Si,96
144,Al-Si,96
145,Al-Si,96
146,Al-Si,96
147,Al-Si,96
148,Al-Si,96
149,Al-Si,96
150,Al-Si,96
151,Al-Si,96
152,Al-Si,96
153,Al-Si,96
154,Al-Si,96
155,Al-Si,96
156,Al-Si,96
157,Al-Si,96
158,Al-Si,96
159,Al-Si,96
160,Al-Si,96
161,Al-Si,96
162,Al-Si,96
163,Al-Si,96
164,Al-Si,96
165,Al-Si,96
166,Al-Si,96
167,Al-Si,96
168,Al-Si,96
169,Al-Si,96
170,Al-Si,96
171,Al-Si,96
172,Al-Si,96
173,Al-Si,96
174,Al-Si,96
175,Al-Si,96
176,Al-Si,96
177,Al-Si,96
178,Al-Si,96
179,Al-Si,96
180,Al-Si,96
181,Al-Si,96
182,Al-Si,96
183,Al-Si,96
184,Al-Si,96
185,Al-Si,96
186,Al-Si,96
187,Al-Si,96
188,Al-Si,96
189,Al-Si,96
190,Al-Si,96
191,Al-Si,96
192,Al-Si,96
193,Al-Si,96
194,Al-Si,96
195,Al-Si,96
196,Al-Si,96
197,Al-Si,96
198,Al-Si,96
199,Al-Si,96
200,Al-Si,96
201,Al-Si,96
202,Al-Si,96
203,Al-Si,96
204,Al-Si,96
205,Al-Si,96
206,Al-Si,96
207,Al-Si,96
208,Al-Si,96
209,Al-Si,96
210,Al-Si,96
211,Al-Si,96
212,Al-Si,96
213,Al-Si,96
214,Al-Si,96
215,Al-Si,96
216,Al-Si,96
217,Al-Si,96
218,Al-Si,96
219,Al-Si,96
220,Al-Si,96
221,Al-Si,96
222,Al-Si,96
223,Al-Si,96
224,Al-Si,96
225,Al-Si,96
226,Al-Si,96
227,Al-Si,96
228,Al-Si,96
229,Al-Si,96
230,Al-Si,96
231,Al-Si,96
232,Al-Si,96
233,Al-Si,96
234,Al-Si,96
235,Al-Si,96
236,Al-Si,96
237,Al-Si,96
238,Al-Si,96
239,Al-Si,96
240,Al-Si,96
241,Al-Si,96
242,Al-Si,96
243,Al-Si,96
244,Al-Si,96
245,Al-Si,96
246,Al-Si,96
247,Al-Si,96
248,Al-Si,96
249,Al-Si,96
250,Al-Si,96
251,Al-Si,96
252,Al-Si,96
253,Al-Si,96
254,Al-Si,96
255,Al-Si,96
256,Al-Si,96
257,Al-Si,96
258,Al-Si,96
259,Al-Si,96
260,Al-Si,96
261,Al-Si,96
262,Al-Si,96
263,Al-Si,96
264,Al-Si,96
265,Al-Si,96
266,Al-Si,96
267,Al-Si,96
268,Al-Si,96
269,Al-Si,96
270,Al-Si,96
271,Al-Si,96
272,Al-Si,96
273,Al-Si,96
274,Al-Si,96
275,Al-Si,96
276,Al-Si,96
277,Al-Si,96
278,Al-Si,96
279,Al-Si,96
280,Al-Si,96
281,Al-Si,96
282,Al-Si,96
283,Al-Si,96
284,Al-Si,96
285,Al-Si,96
286,Al-Si,96
287,Al-Si,96
288,Al-Si,96
289,Al-Si,96
290,Al-Si,96
291,Al-Si,96
292,Al-Si,96
293,Al-Si,96
294,Al-Si,96
295,Al-Si,96
296,Al-Si,96
297,Al-Si,96
298,Al-Si,96
299,Al-Si,96
300,Al-Si,96
301,Al-Si,96
302,Al-Si,96
303,Al-Si,96
304,Al-Si,96
305,Al-Si,96
306,Al-Si,96
307,Al-Si,96
308,Al-Si,96
309,Al-Si,96
310,Al-Si,96
311,Al-Si,96
312,Al-Si,96
313,Al-Si,96
314,Al-Si,96
315,Al-Si,96
316,Al-Si,96
317,Al-Si,96
318,Al-Si,96
319,Al-Si,96
320,Al-Si,96
321,Al-Si,96
322,Al-Si,96
323,Al-Si,96
324,Al-Si,96
325,Al-Si,96
326,Al-Si,96
327,Al-Si,96
328,Al-Si,96
329,Al-Si,96
330,Al-Si,96
331,Al-Si,96
332,Al-Si,96
333,Al-Si,96
334,Al-Si,96
335,Al-Si,96
336,Al-Si,96
337,Al-Si,96
338,Al-Si,96
339,Al-Si,96
340,Al-Si,96
341,Al-Si,96
342,Al-Si,96
343,Al-Si,96
344,Al-Si,96
345,Al-Si,96
346,Al-Si,96
347,Al-Si,96
348,Al-Si,96
349,Al-Si,96
350,Al-Si,96
351,Al-Si,96
352,Al-Si,96
353,Al-Si,96
354,Al-Si,96
355,Al-Si,96
356,Al-Si,96
357,Al-Si,96
358,Al-Si,96
359,Al-Si,96
360,Al-Si,96
361,Al-Si,96
362,Al-Si,96
363,Al-Si,96
364,Al-Si,96
365,Al-Si,96
366,Al-Si,96
367,Al-Si,96
368,Al-Si,96
369,Al-Si,96
370,Al-Si,96
371,Al-Si,96
372,Al-Si,96
373,Al-Si,96
374,Al-Si,96
375,Al-Si,96
376,Al-Si,96
377,Al-Si,96
378,Al-Si,96
379,Al-Si,96
380,Al-Si,96
381,Al-Si,96
382,Al-Si,96
383,Al-Si,96
384,Al-Si,96
385,Al-Si,96
386,Al-Si,96
387,Al-Si,96
388,Al-Si,96
389,Al-Si,96
390,Al-Si,96
391,Al-Si,96
392,Al-Si,96
393,Al-Si,96
394,Al-Si,96
395,Al-Si,96
396,Al-Si,96
397,Al-Si,96
398,Al-Si,96
399,Al-Si,96
400,Al-Si,96
401,Al-Si,96
402,Al-Si,96
403,Al-Si,96
404,Al-Si,96
405,Al-Si,96
406,Al-Si,96
407,Al-Si,96
408,Al-Si,96
409,Al-Si,96
410,Al-Si,96
411,Al-Si,96
412,Al-Si,96
413,Al-Si,96
414,Al-Si,96
415,Al-Si,96
416,Al-Si,96
417,Al-Si,96
418,Al-Si,96
419,Al-Si,96
420,Al-Si,96
421,Al-Si,96
422,Al-Si,96
423,Al-Si,96
424,Al-Si,96
425,Al-Si,96
426,Al-Si,96
427,Al-Si,96
428,Al-Si,96
429,Al-Si,96
430,Al-Si,96
431,Al-Si,96
432,Al-Si,96
433,Al-Si,96
434,Al-Si,96
435,Al-Si,96
436,Al-Si,96
437,Al-Si,96
438,Al-Si,96
439,Al-Si,96
440,Al-Si,96
441,Al-Si,96
442,Al-Si,96
443,Al-Si,96
444,Al-Si,96
445,Al-Si,96
446,Al-Si,96
447,Al-Si,96
448,Al-Si,96
449,Al-Si,96
450,Al-Si,96
451,Al-Si,96
452,Al-Si,96
453,Al-Si,96
454,Al-Si,96
455,Al-Si,96
456,Al-Si,96
457,Al-Si,96
458,Al-Si,96
459,Al-Si,96
460,Al-Si,96
461,Al-Si,96
462,Al-Si,96
463,Al-Si,96
464,Al-Si,96
465,Al-Si,96
466,Al-Si,96
467,Al-Si,96
468,Al-Si,96
469,Al-Si,96
470,Al-Si,96
471,Al-Si,96
472,Al-Si,96
473,Al-Si,96
474,Al-Si,96
475,Al-Si,96
476,Al-Si,96
477,Al-Si,96
478,Al-Si,96
479,Al-Si,96
480,Al-Si,96
481,Al-Si,96
482,Al-Si,96
483,Al-Si,96
484,Al-Si,96
485,Al-Si,96
486,Al-Si,96
487,Al-Si,96
488,Al-Si,96
489,Al-Si,96
490,Al-Si,96
491,Al-Si,96
492,Al-Si,96
493,Al-Si,96
494,Al-Si,96
495,Al-Si,96
496,Al-Si,96
497,Al-Si,96
498,Al-Si,96
499,Al-Si,96
500,Al-Si,96
501,Al-Si,96
502,Al-Si,96
503,Al-Si,96
504,Al-Si,96
505,Al-Si,96
506,Al-Si,96
507,Al-Si,96
508,Al-Si,96
509,Al-Si,96
510,Al-Si,96
511,Al-Si,96
512,Al-Si,96
513,Al-Si,96
514,Al-Si,96
515,Al-Si,96
516,Al-Si,96
517,Al-Si,96
518,Al-Si,96
519,Al-Si,96
520,Al-Si,96
521,Al-Si,96
522,Al-Si,96
523,Al-Si,96
524,Al-Si,96
525,Al-Si,96
526,Al-Si,96
527,Al-Si,96
528,Al-Si,96
529,Al-Si,96
530,Al-Si,96
531,Al-Si,96
532,Al-Si,96
533,Al-Si,96
534,Al-Si,96
535,Al-Si,96
536,Al-Si,96
537,Al-Si,96
538,Al-Si,96
539,Al-Si,96
540,Al-Si,96
541,Al-Si,96
542,Al-Si,96
543,Al-Si,96
544,Al-Si,96
545,Al-Si,96
546,Al-Si,96
547,Al-Si,96
548,Al-Si,96
549,Al-Si,96
550,Al-Si,96
551,Al-Si,96
552,Al-Si,96
553,Al-Si,96
554,Al-Si,96
555,Al-Si,96
556,Al-Si,96
557,Al-Si,96
558,Al-Si,96
559,Al-Si,96
560,Al-Si,96
561,Al-Si,96
562,Al-Si,96
563,Al-Si,96
564,Al-Si,96
565,Al-Si,96
566,Al-Si,96
567,Al-Si,96
568,Al-Si,96
569,Al-Si,96
570,Al-Si,96
571,Al-Si,96
572,Al-Si,96
573,Al-Si,96
574,Al-Si,96
575,Al-Si,96
576,Al-Si,96
577,Al-Si,96
578,Al-Si,96
579,Al-Si,96
580,Al-Si,96
581,Al-Si,96
582,Al-Si,96
583,Al-Si,96
584,Al-Si,96
585,Al-Si,96
586,Al-Si,96
587,Al-Si,96
588,Al-Si,96
589,Al-Si,96
590,Al-Si,96
591,Al-Si,96
592,Al-Si,96
593,Al-Si,96
594,Al-Si,96
595,Al-Si,96
596,Al-Si,96
597,Al-Si,96
598,Al-Si,96
599,Al-Si,96
600,Al-Si,96
601,Al-Si,96
602,Al-Si,96
603,Al-Si,96
604,Al-Si,96
605,Al-Si,96
606,Al-Si,96
607,Al-Si,96
608,Al-Si,96
609,Al-Si,96
610,Al-Si,96
611,Al-Si,96
612,Al-Si,96
613,Al-Si,96
614,Al-Si,96
615,Al-Si,96
616,Al-Si,96
617,Al-Si,96
618,Al-Si,96
619,Al-Si,96
620,Al-Si,96
621,Al-Si,96
622,Al-Si,96
623,Al-Si,96
624,Al-Si,96
625,Al-Si,96
626,Al-Si,96
627,Al-Si,96
628,Al-Si,96
629,Al-Si,96
630,Al-Si,96
631,Al-Si,96
632,Al-Si,96
633,Al-Si,96
634,Al-Si,96
635,Al-Si,96
636,Al-Si,96
637,Al-Si,96
638,Al-Si,96
639,Al-Si,96
640,Al-Si,96
641,Al-Si,96
642,Al-Si,96
643,Al-Si,96
644,Al-Si,96
645,Al-Si,96
646,Al-Si,96
647,Al-Si,96
648,Al-Si,96
649,Al-Si,96
650,Al-Si,96
651,Al-Si,96
652,Al-Si,96
653,Al-Si,96
654,Al-Si,96
655,Al-Si,96
656,Al-Si,96
657,Al-Si,96
658,Al-Si,96
659,Al-Si,96
660,Al-Si,96
661,Al-Si,96
662,Al-Si,96
663,Al-Si,96
664,Al-Si,96
665,Al-Si,96
666,Al-Si,96
667,Al-Si,96
668,Al-Si,96
669,Al-Si,96
670,Al-Si,96
671,Al-Si,96
672,Al-Si,96
673,Al-Si,96
674,Al-Si,96
675,Al-Si,96
676,Al-Si,96
677,Al-Si,96
678,Al-Si,96
679,Al-Si,96
680,Al-Si,96
681,Al-Si,96
682,Al-Si,96
683,Al-Si,96
684,Al-Si,96
685,Al-Si,96
686,Al-Si,96
687,Al-Si,96
688,Al-Si,96
689,Al-Si,96
690,Al-Si,96
691,Al-Si,96
692,Al-Si,96
693,Al-Si,96
694,Al-Si,96
695,Al-Si,96
696,Al-Si,96
697,Al-Si,96
698,Al-Si,96
699,Al-Si,96
700,Al-Si,96
701,Al-Si,96
702,Al-Si,96
703,Al-Si,96
704,Al-Si,96
705,Al-Si,96
706,Al-Si,96
707,Al-Si,96
708,Al-Si,96
709,Al-Si,96
710,Al-Si,96
711,Al-Si,96
712,Al-Si,96
713,Al-Si,96
714,Al-Si,96
715,Al-Si,96
716,Al-Si,96
717,Al-Si,96
718,Al-Si,96
719,Al-Si,96
720,Al-Si,96
721,Al-Si,96
722,Al-Si,96
723,Al-Si,96
724,Al-Si,96
725,Al-Si,96
726,Al-Si,96
727,Al-Si,96
728,Al-Si,96
729,Al-Si,96
730,Al-Si,96
731,Al-Si,96
732,Al-Si,96
733,Al-Si,96
734,Al-Si,96
735,Al-Si,96
736,Al-Si,96
737,Al-Si,96
738,Al-Si,96
739,Al-Si,96
740,Al-Si,96
741,Al-Si,96
742,Al-Si,96
743,Al-Si,96
744,Al-Si,96
745,Al-Si,96
746,Al-Si,96
747,Al-Si,96
748,Al-Si,96
749,Al-Si,96
750,Al-Si,96
751,Al-Si,96
752,Al-Si,96
753,Al-Si,96
754,Al-Si,96
755,Al-Si,96
756,Al-Si,96
757,Al-Si,96
758,Al-Si,96
759,Al-Si,96
760,Al-Si,96
761,Al-Si,96
762,Al-Si,96
763,Al-Si,96
764,Al-Si,96
765,Al-Si,96
766,Al-Si,96
767,Al-Si,96
768,Al-Si,96
769,Al-Si,96
770,Al-Si,96
771,Al-Si,96
772,Al-Si,96
773,Al-Si,96
774,Al-Si,96
775,Al-Si,96
776,Al-Si,96
777,Al-Si,96
778,Al-Si,96
779,Al-Si,96
780,Al-Si,96
781,Al-Si,96
782,Al-Si,96
783,Al-Si,96
784,Al-Si,96
785,Al-Si,96
786,Al-Si,96
787,Al-Si,96
788,Al-Si,96
789,Al-Si,96
790,Al-Si,96
791,Al-Si,96
792,Al-Si,96
793,Al-Si,96
794,Al-Si,96
795,Al-Si,96
796,Al-Si,96
797,Al-Si,96
798,Al-Si,96
799,Al-Si,96
800,Al-Si,96
801,Al-Si,96
802,Al-Si,96
803,Al-Si,96
804,Al-Si,96
805,Al-Si,96
806,Al-Si,96
807,Al-Si,96
808,Al-Si,96
809,Al-Si,96
810,Al-Si,96
811,Al-Si,96
812,Al-Si,96
813,Al-Si,96
814,Al-Si,96
815,Al-Si,96
816,Al-Si,96
817,Al-Si,96
818,Al-Si,96
819,Al-Si,96
820,Al-Si,96
821,Al-Si,96
822,Al-Si,96
823,Al-Si,96
824,Al-Si,96
825,Al-Si,96
826,Al-Si,96
827,Al-Si,96
828,Al-Si,96
829,Al-Si,96
830,Al-Si,96
831,Al-Si,96
832,Al-Si,96
833,Al-Si,96
834,Al-Si,96
835,Al-Si,96
836,Al-Si,96
837,Al-Si,96
838,Al-Si,96
839,Al-Si,96
840,Al-Si,96
841,Al-Si,96
842,Al-Si,96
843,Al-Si,96
844,Al-Si,96
845,Al-Si,96
846,Al-Si,96
847,Al-Si,96
848,Al-Si,96
849,Al-Si,96
850,Al-Si,96
851,Al-Si,96
852,Al-Si,96
853,Al-Si,96
854,Al-Si,96
855,Al-Si,96
856,Al-Si,96
857,Al-Si,96
858,Al-Si,96
859,Al-Si,96
860,Al-Si,96
861,Al-Si,96
862,Al-Si,96
863,Al-Si,96
864,Al-Si,96
865,Al-Si,96
866,Al-Si,96
867,Al-Si,96
868,Al-Si,96
869,Al-Si,96
870,Al-Si,96
871,Al-Si,96
872,Al-Si,96
873,Al-Si,96
874,Al-Si,96
875,Al-Si,96
876,Al-Si,96
877,Al-Si,96
878,Al-Si,96
879,Al-Si,96
880,Al-Si,96
881,Al-Si,96
882,Al-Si,96
883,Al-Si,96
884,Al-Si,96
885,Al-Si,96
886,Al-Si,96
887,Al-Si,96
888,Al-Si,96
889,Al-Si,96
890,Al-Si,96
891,Al-Si,96
892,Al-Si,96
893,Al-Si,96
894,Al-Si,96
895,Al-Si,96
896,Al-Si,96
897,Al-Si,96
898,Al-Si,96
899,Al-Si,96
900,Al-Si,96
901,Al-Si,96
902,Al-Si,96
903,Al-Si,96
904,Al-Si,96
905,Al-Si,96
906,Al-Si,96
907,Al-Si,96
908,Al-Si,96
909,Al-Si,96
910,Al-Si,96
911,Al-Si,96
912,Al-Si,96
913,Al-Si,96
914,Al-Si,96
915,Al-Si,96
916,Al-Si,96
917,Al-Si,96
918,Al-Si,96
919,Al-Si,96
920,Al-Si,96
921,Al-Si,96
922,Al-Si,96
923,Al-Si,96
924,Al-Si,96
925,Al-Si,96
926,Al-Si,96
927,Al-Si,96
928,Al-Si,96
929,Al-Si,96
930,Al-Si,96
931,Al-Si,96
932,Al-Si,96
933,Al-Si,96
934,Al-Si,96
935,Al-Si,96
936,Al-Si,96
937,Al-Si,96
938,Al-Si,96
939,Al-Si,96
940,Al-Si,96
941,Al-Si,96
942,Al-Si,96
943,Al-Si,96
944,Al-Si,96
945,Al-Si,96
946,Al-Si,96
947,Al-Si,96
948,Al-Si,96
949,Al-Si,96
950,Al-Si,96
951,Al-Si,96
952,Al-Si,96
953,Al-Si,96
954,Al-Si,96
955,Al-Si,96
956,Al-Si,96
957,Al-Si,96
958,Al-Si,96
959,Al-Si,96
960,Al-Si,96
961,Al-Si,96
962,Al-Si,96
963,Al-Si,96
964,Al-Si,96
965,Al-Si,96
966,Al-Si,96
967,Al-Si,96
968,Al-Si,96
969,Al-Si,96
970,Al-Si,96
971,Al-Si,96
972,Al-Si,96
973,Al-Si,96
974,Al-Si,96
975,Al-Si,96
976,Al-Si,96
977,Al-Si,96
978,Al-Si,96
979,Al-Si,96
980,Al-Si,96
981,Al-Si,96
982,Al-Si,96
983,Al-Si,96
984,Al-Si,96
985,Al-Si,96
986,Al-Si,96
987,Al-Si,96
988,Al-Si,96
989,Al-Si,96
990,Al-Si,96
991,Al-Si,96
992,Al-Si,96
993,Al-Si,96
994,Al-Si,96
995,Al-Si,96
996,Al-Si,96
997,Al-Si,96
998,Al-Si,96
999,Al-Si,96
1000,Al-Si,96
1001,Al-Si,96
1002,Al-Si,96
1003,Al-Si,96
1004,Al-Si,96
1005,Al-Si,96
1006,Al-Si,96
1007,Al-Si,96
1008,Al-Si,96
1009,Al-Si,96
1010,Al-Si,96
1011,Al-Si,96
1012,Al-Si,96
1013,Al-Si,96
1014,Al-Si,96
1015,Al-Si,96
1016,Al-Si,96
1017,Al-Si,96
1018,Al-Si,96
1019,Al-Si,96
1020,Al-Si,96
1021,Al-Si,96
1022,Al-Si,96
1023,Al-Si,96
1024,Al-Si,96
1025,Al-Si,96
1026,Al-Si,96
1027,Al-Si,96
1028,Al-Si,96
1029,Al-Si,96
1030,Al-Si,96
1031,Al-Si,96
1032,Al-Si,96
1033,Al-Si,96
1034,Al-Si,96
1035,Al-Si,96
1036,Al-Si,96
1037,Al-Si,96
1038,Al-Si,96
1039,Al-Si,96
1040,Al-Si,96
1041,Al-Si,96
1042,Al-Si,96
1043,Al-Si,96
1044,Al-Si,96
1045,Al-Si,96
1046,Al-Si,96
1047,Al-Si,96
1048,Al-Si,96
1049,Al-Si,96
1050,Al-Si,96
1051,Al-Si,96
1052,Al-Si,96
1053,Al-Si,96
1054,Al-Si,96
1055,Al-Si,96
1056,Al-Si,96
1057,Al-Si,96
1058,Al-Si,96
1059,Al-Si,96
1060,Al-Si,96
1061,Al-Si,96
1062,Al-Si,96
1063,Al-Si,96
1064,Al-Si,96
1065,Al-Si,96
1066,Al-Si,96
1067,Al-Si,96
1068,Al-Si,96
1069,Al-Si,96
1070,Al-Si,96
1071,Al-Si,96
1072,Al-Si,96
1073,Al-Si,96
1074,Al-Si,96
1075,Al-Si,96
1076,Al-Si,96
1077,Al-Si,96
1078,Al-Si,96
1079,Al-Si,96
1080,Al-Si,96
1081,Al-Si,96
1082,Al-Si,96
1083,Al-Si,96
1084,Al-Si,96
1085,Al-Si,96
1086,Al-Si,96
1087,Al-Si,96
1088,Al-Si,96
1089,Al-Si,96
1090,Al-Si,96
1091,Al-Si,96
1092,Al-Si,96
1093,Al-Si,96
1094,Al-Si,96
1095,Al-Si,96
1096,Al-Si,96
1097,Al-Si,96
1098,Al-Si,96
1099,Al-Si,96
1100,Al-Si,96
1101,Al-Si,96
1102,Al-Si,96
1103,Al-Si,96
1104,Al-Si,96
1105,Al-Si,96
1106,Al-Si,96
1107,Al-Si,96
1108,Al-Si,96
1109,Al-Si,96
1110,Al-Si,96
1111,Al-Si,96
1112,Al-Si,96
1113,Al-Si,96
1114,Al-Si,96
1115,Al-Si,96
1116,Al-Si,96
1117,Al-Si,96
1118,Al-Si,96
1119,Al-Si,96
1120,Al-Si,96
1121,Al-Si,96
1122,Al-Si,96
1123,Al-Si,96
1124,Al-Si,96
1125,Al-Si,96
1126,Al-Si,96
1127,Al-Si,96
1128,Al-Si,96
1129,Al-Si,96
1130,Al-Si,96
1131,Al-Si,96
1132,Al-Si,96
1133,Al-Si,96
1134,Al-Si,96
1135,Al-Si,96
1136,Al-Si,96
1137,Al-Si,96
1138,Al-Si,96
1139,Al-Si,96
1140,Al-Si,96
1141,Al-Si,96
1142,Al-Si,96
1143,Al-Si,96
1144,Al-Si,96
1145,Al-Si,96
1146,Al-Si,96
1147,Al-Si,96
1148,Al-Si,96
1149,Al-Si,96
1150,Al-Si,96
1151,Al-Si,96
1152,Al-Si,96
1153,Al-Si,96
1154,Al-Si,96
1155,Al-Si,96
1156,Al-Si,96
1157,Al-Si,96
1158,Al-Si,96
1159,Al-Si,96
1160,Al-Si,96
1161,Al-Si,96
1162,Al-Si,96
1163,Al-Si,96
1164,Al-Si,96
1165,Al-Si,96
1166,Al-Si,96
1167,Al-Si,96
1168,Al-Si,96
1169,Al-Si,96
1170,Al-Si,96
1171,Al-Si,96
1172,Al-Si,96
1173,Al-Si,96
1174,Al-Si,96
1175,Al-Si,96
1176,Al-Si,96
1177,Al-Si,96
1178,Al-Si,96
1179,Al-Si,96
1180,Al-Si,96
1181,Al-Si,96
1182,Al-Si,96
1183,Al-Si,96
1184,Al-Si,96
1185,Al-Si,96
1186,Al-Si,96
1187,Al-Si,96
1188,Al-Si,96
1189,Al-Si,96
1190,Al-Si,96
1191,Al-Si,96
1192,Al-Si,96
1193,Al-Si,96
1194,Al-Si,96
1195,Al-Si,96
1196,Al-Si,96
1197,Al-Si,96
1198,Al-Si,96
1199,Al-Si,96
1200,Al-Si,96
1201,Al-Si,96
1202,Al-Si,96
1203,Al-Si,96
1204,Al-Si,96
1205,Al-Si,96
1206,Al-Si,96
1207,Al-Si,96
1208,Al-Si,96
1209,Al-Si,96
1210,Al-Si,96
1211,Al-Si,96
1212,Al-Si,96
1213,Al-Si,96
1214,Al-Si,96
1215,Al-Si,96
1216,Al-Si,96
1217,Al-Si,96
1218,Al-Si,96
1219,Al-Si,96
1220,Al-Si,96
1221,Al-Si,96
1222,Al-Si,96
1223,Al-Si,96
1224,Al-Si,96
1225,Al-Si,96
1226,Al-Si,96
1227,Al-Si,96
1228,Al-Si,96
1229,Al-Si,96
1230,Al-Si,96
1231,Al-Si,96
1232,Al-Si,96
1233,Al-Si,96
1234,Al-Si,96
1235,Al-Si,96
1236,Al-Si,96
1237,Al-Si,96
1238,Al-Si,96
1239,Al-Si,96
1240,Al-Si,96
1241,Al-Si,96
1242,Al-Si,96
1243,Al-Si,96
1244,Al-Si,96
1245,Al-Si,96
1246,Al-Si,96
1247,Al-Si,96
1248,Al-Si,96
1249,Al-Si,96
1250,Al-Si,96
1251,Al-Si,96
1252,Al-Si,96
1253,Al-Si,96
1254,Al-Si,96
1255,Al-Si,96
1256,Al-Si,96
1257,Al-Si,96
1258,Al-Si,96
1259,Al-Si,96
1260,Al-Si,96
1261,Al-Si,96
1262,Al-Si,96
1263,Al-Si,96
1264,Al-Si,96
1265,Al-Si,96
1266,Al-Si,96
1267,Al-Si,96
1268,Al-Si,96
1269,Al-Si,96
1270,Al-Si,96
1271,Al-Si,96
1272,Al-Si,96
1273,Al-Si,96
1274,Al-Si,96
1275,Al-Si,96
1276,Al-Si,96
1277,Al-Si,96
1278,Al-Si,96
1279,Al-Si,96
1280,Al-Si,96
1281,Al-Si,96
1282,Al-Si,96
1283,Al-Si,96
1284,Al-Si,96
1285,Al-Si,96
1286,Al-Si,96
1287,Al-Si,96
1288,Al-Si,96
1289,Al-Si,96
1290,Al-Si,96
1291,Al-Si,96
1292,Al-Si,96
1293,Al-Si,96
1294,Al-Si,96
1295,Al-Si,96
1296,Al-Si,96
1297,Al-Si,96
1298,Al-Si,96
1299,Al-Si,96
1300,Al-Si,96
1301,Al-Si,96
1302,Al-Si,96
1303,Al-Si,96
1304,Al-Si,96
1305,Al-Si,96
1306,Al-Si,96
1307,Al-Si,96
1308,Al-Si,96
1309,Al-Si,96
1310,Al-Si,96
1311,Al-Si,96
1312,Al-Si,96
1313,Al-Si,96
1314,Al-Si,96
1315,Al-Si,96
1316,Al-Si,96
1317,Al-Si,96
1318,Al-Si,96
1319,Al-Si,96
1320,Al-Si,96
1321,Al-Si,96
1322,Al-Si,96
1323,Al-Si,96
1324,Al-Si,96
1325,Al-Si,96
1326,Al-Si,96
1327,Al-Si,96
1328,Al-Si,96
1329,Al-Si,96
1330,Al-Si,96
1331,Al-Si,96
1332,Al-Si,96
1333,Al-Si,96
1334,Al-Si,96
1335,Al-Si,96
1336,Al-Si,96
1337,Al-Si,96
1338,Al-Si,96
1339,Al-Si,96
1340,Al-Si,96
1341,Al-Si,96
1342,Al-Si,96
1343,Al-Si,96
1344,Al-Si,96
1345,Al-Si,96
1346,Al-Si,96
1347,Al-Si,96
1348,Al-Si,96
1349,Al-Si,96
1350,Al-Si,96
1351,Al-Si,96
1352,Al-Si,96
1353,Al-Si,96
1354,Al-Si,96
1355,Al-Si,96
1356,Al-Si,96
1357,Al-Si,96
1358,Al-Si,96
1359,Al-Si,96
1360,Al-Si,96
1361,Al-Si,96
1362,Al-Si,96
1363,Al-Si,96
1364,Al-Si,96
1365,Al-Si,96
1366,Al-Si,96
1367,Al-Si,96
1368,Al-Si,96
1369,Al-Si,96
1370,Al-Si,96
1371,Al-Si,96
1372,Al-Si,96
1373,Al-Si,96
1374,Al-Si,96
1375,Al-Si,96
1376,Al-Si,96
1377,Al-Si,96
1378,Al-Si,96
1379,Al-Si,96
1380,Al-Si,96
1381,Al-Si,96
1382,Al-Si,96
1383,Al-Si,96
1384,Al-Si,96
1385,Al-Si,96
1386,Al-Si,96
1387,Al-Si,96
1388,Al-Si,96
1389,Al-Si,96
1390,Al-Si,96
1391,Al-Si,96
1392,Al-Si,96
1393,Al-Si,96
1394,Al-Si,96
1395,Al-Si,96
1396,Al-Si,96
1397,Al-Si,96
1398,Al-Si,96
1399,Al-Si,96
1400,Al-Si,96
1401,Al-Si,96
1402,Al-Si,96
1403,Al-Si,96
1404,Al-Si,96
1405,Al-Si,96
1406,Al-Si,96
1407,Al-Si,96
1408,Al-Si,96
1409,Al-Si,96
1410,Al-Si,96
1411,Al-Si,96
1412,Al-Si,96
1413,Al-Si,96
1414,Al-Si,96
1415,Al-Si,96
1416,Al-Si,96
1417,Al-Si,96
1418,Al-Si,96
1419,Al-Si,96
1420,Al-Si,96
1421,Al-Si,96
1422,Al-Si,96
1423,Al-Si,96
1424,Al-Si,96
1425,Al-Si,96
1426,Al-Si,96
1427,Al-Si,96
1428,Al-Si,96
1429,Al-Si,96
1430,Al-Si,96
1431,Al-Si,96
1432,Al-Si,96
1433,Al-Si,96
1434,Al-Si,96
1435,Al-Si,96
1436,Al-Si,96
1437,Al-Si,96
1438,Al-Si,96
1439,Al-Si,96
1440,Al-Si,96
1441,Al-Si,96
1442,Al-Si,96
1443,Al-Si,96
1444,Al-Si,96
1445,Al-Si,96
1446,Al-Si,96
1447,Al-Si,96
1448,Al-Si,96
1449,Al-Si,96
1450,Al-Si,96
1451,Al-Si,96
1452,Al-Si,96
1453,Al-Si,96
1454,Al-Si,96
1455,Al-Si,96
1456,Al-Si,96
1457,Al-Si,96
1458,Al-Si,96
1459,Al-Si,96
1460,Al-Si,96
1461,Al-Si,96
1462,Al-Si,96
1463,Al-Si,96
1464,Al-Si,96
1465,Al-Si,96
1466,Al-Si,96
1467,Al-Si,96
1468,Al-Si,96
1469,Al-Si,96
1470,Al-Si,96
1471,Al-Si,96
1472,Al-Si,96
1473,Al-Si,96
1474,Al-Si,96
1475,Al-Si,96
1476,Al-Si,96
1477,Al-Si,96
1478,Al-Si,96
1479,Al-Si,96
1480,Al-Si,96
1481,Al-Si,96
1482,Al-Si,96
1483,Al-Si,96
1484,Al-Si,96
1485,Al-Si,96
1486,Al-Si,96
1487,Al-Si,96
1488,Al-Si,96
1489,Al-Si,96
1490,Al-Si,96
1491,Al-Si,96
1492,Al-Si,96
1493,Al-Si,96
1494,Al-Si,96
1495,Al-Si,96
1496,Al-Si,96
1497,Al-Si,96
1498,Al-Si,96
1499,Al-Si,96
1500,Al-Si,96
1501,Al-Si,96
1502,Al-Si,96
1503,Al-Si,96
1504,Al-Si,96
1505,Al-Si,96
1506,Al-Si,96
1507,Al-Si,96
1508,Al-Si,96
1509,Al-Si,96
1510,Al-Si,96
1511,Al-Si,96
1512,Al-Si,96
1513,Al-Si,96
1514,Al-Si,96
1515,Al-Si,96
1516,Al-Si,96
1517,Al-Si,96
1518,Al-Si,96
1519,Al-Si,96
1520,Al-Si,96
1521,Al-Si,96
1522,Al-Si,96
1523,Al-Si,96
1524,Al-Si,96
1525,Al-Si,96
1526,Al-Si,96
1527,Al-Si,96
1528,Al-Si,96
1529,Al-Si,96
1530,Al-Si,96
1531,Al-Si,96
1532,Al-Si,96
1533,Al-Si,96
1534,Al-Si,96
1535,Al-Si,96
1536,Al-Si,96
1537,Al-Si,96
1538,Al-Si,96
1539,Al-Si,96
1540,Al-Si,96
1541,Al-Si,96
1542,Al-Si,96
1543,Al-Si,96
1544,Al-Si,96
1545,Al-Si,96
1546,Al-Si,96
1547,Al-Si,96
1548,Al-Si,96
1549,Al-Si,96
1550,Al-Si,96
1551,Al-Si,96
1552,Al-Si,96
1553,Al-Si,96
1554,Al-Si,96
1555,Al-Si,96
1556,Al-Si,96
1557,Al-Si,96
1558,Al-Si,96
1559,Al-Si,96
1560,Al-Si,96
1561,Al-Si,96
1562,Al-Si,96
1563,Al-Si,96
1564,Al-Si,96
1565,Al-Si,96
1566,Al-Si,96
1567,Al-Si,96
1568,Al-Si,96
1569,Al-Si,96
1570,Al-Si,96
1571,Al-Si,96
1572,Al-Si,96
1573,Al-Si,96
1574,Al-Si,96
1575,Al-Si,96
1576,Al-Si,96
1577,Al-Si,96
1578,Al-Si,96
1579,Al-Si,96
1580,Al-Si,96
1581,Al-Si,96
1582,Al-Si,96
1583,Al-Si,96
1584,Al-Si,96
1585,Al-Si,96
1586,Al-Si,96
1587,Al-Si,96
1588,Al-Si,96
1589,Al-Si,96
1590,Al-Si,96
1591,Al-Si,96
1592,Al-Si,96
1593,Al-Si,96
1594,Al-Si,96
1595,Al-Si,96
1596,Al-Si,96
1597,Al-Si,96
1598,Al-Si,96
1599,Al-Si,96
1600,Al-Si,96
1601,Al-Si,96
1602,Al-Si,96
1603,Al-Si,96
1604,Al-Si,96
1605,Al-Si,96
1606,Al-Si,96
1607,Al-Si,96
1608,Al-Si,96
1609,Al-Si,96
1610,Al-Si,96
1611,Al-Si,96
1612,Al-Si,96
1613,Al-Si,96
1614,Al-Si,96
1615,Al-Si,96
1616,Al-Si,96
1617,Al-Si,96
1618,Al-Si,96
1619,Al-Si,96
1620,Al-Si,96
1621,Al-Si,96
1622,Al-Si,96
1623,Al-Si,96
1624,Al-Si,96
1625,Al-Si,96
1626,Al-Si,96
1627,Al-Si,96
1628,Al-Si,96
1629,Al-Si,96
1630,Al-Si,96
1631,Al-Si,96
1632,Al-Si,96
1633,Al-Si,96
1634,Al-Si,96
1635,Al-Si,96
1636,Al-Si,96
1637,Al-Si,96
1638,Al-Si,96
1639,Al-Si,96
1640,Al-Si,96
1641,Al-Si,96
1642,Al-Si,96
1643,Al-Si,96
1644,Al-Si,96
1645,Al-Si,96
1646,Al-Si,96
1647,Al-Si,96
1648,Al-Si,96
1649,Al-Si,96
1650,Al-Si,96
1651,Al-Si,96
1652,Al-Si,96
1653,Al-Si,96
1654,Al-Si,96
1655,Al-Si,96
1656,Al-Si,96
1657,Al-Si,96
1658,Al-Si,96
1659,Al-Si,96
1660,Al-Si,96
1661,Al-Si,96
1662,Al-Si,96
1663,Al-Si,96
1664,Al-Si,96
1665,Al-Si,96
1666,Al-Si,96
1667,Al-Si,96
1668,Al-Si,96
1669,Al-Si,96
1670,Al-Si,96
1671,Al-Si,96
1672,Al-Si,96
1673,Al-Si,96
1674,Al-Si,96
1675,Al-Si,96
1676,Al-Si,96
1677,Al-Si,96
1678,Al-Si,96
1679,Al-Si,96
1680,Al-Si,96
1681,Al-Si,96
1682,Al-Si,96
1683,Al-Si,96
1684,Al-Si,96
1685,Al-Si,96
1686,Al-Si,96
1687,Al-Si,96
1688,Al-Si,96
1689,Al-Si,96
1690,Al-Si,96
1691,Al-Si,96
1692,Al-Si,96
1693,Al-Si,96
1694,Al-Si,96
1695,Al-Si,96
1696,Al-Si,96
1697,Al-Si,96
1698,Al-Si,96
1699,Al-Si,96
1700,Al-Si,96
1701,Al-Si,96
1702,Al-Si,96
1703,Al-Si,96
1704,Al-Si,96
1705,Al-Si,96
1706,Al-Si,96
1707,Al-Si,96
1708,Al-Si,96
1709,Al-Si,96
1710,Al-Si,96
1711,Al-Si,96
1712,Al-Si,96
1713,Al-Si,96
1714,Al-Si,96
1715,Al-Si,96
1716,Al-Si,96
1717,Al-Si,96
1718,Al-Si,96
1719,Al-Si,96
1720,Al-Si,96
1721,Al-Si,96
1722,Al-Si,96
1723,Al-Si,96
1724,Al-Si,96
1725,Al-Si,96
1726,Al-Si,96
1727,Al-Si,96
1728,Al-Si,96
1729,Al-Si,96
1730,Al-Si,96
1731,Al-Si,96
1732,Al-Si,96
1733,Al-Si,96
1734,Al-Si,96
1735,Al-Si,96
1736,Al-Si,96
1737,Al-Si,96
1738,Al-Si,96
1739,Al-Si,96
1740,Al-Si,96
1741,Al-Si,96
1742,Al-Si,96
1743,Al-Si,96
1744,Al-Si,96
1745,Al-Si,96
1746,Al-Si,96
1747,Al-Si,96
1748,Al-Si,96
1749,Al-Si,96
1750,Al-Si,96
1751,Al-Si,96
1752,Al-Si,96
1753,Al-Si,96
1754,Al-Si,96
1755,Al-Si,96
1756,Al-Si,96
1757,Al-Si,96
1758,Al-Si,96
1759,Al-Si,96
1760,Al-Si,96
1761,Al-Si,96
1762,Al-Si,96
1763,Al-Si,96
1764,Al-Si,96
1765,Al-Si,96
1766,Al-Si,96
1767,Al-Si,96
1768,Al-Si,96
1769,Al-Si,96
1770,Al-Si,96
1771,Al-Si,96
1772,Al-Si,96
1773,Al-Si,96
1774,Al-Si,96
1775,Al-Si,96
1776,Al-Si,96
1777,Al-Si,96
1778,Al-Si,96
1779,Al-Si,96
1780,Al-Si,96
1781,Al-Si,96
1782,Al-Si,96
1783,Al-Si,96
1784,Al-Si,96
1785,Al-Si,96
1786,Al-Si,96
1787,Al-Si,96
1788,Al-Si,96
1789,Al-Si,96
1790,Al-Si,96
1791,Al-Si,96
1792,Al-Si,96
1793,Al-Si,96
1794,Al-Si,96
1795,Al-Si,96
1796,Al-Si,96
1797,Al-Si,96
1798,Al-Si,96
1799,Al-Si,96
1800,Al-Si,96
1801,Al-Si,96
1802,Al-Si,96
1803,Al-Si,96
1804,Al-Si,96
1805,Al-Si,96
1806,Al-Si,96
1807,Al-Si,96
1808,Al-Si,96
1809,Al-Si,96
1810,Al-Si,96
1811,Al-Si,96
1812,Al-Si,96
1813,Al-Si,96
1814,Al-Si,96
1815,Al-Si,96
1816,Al-Si,96
1817,Al-Si,96
1818,Al-Si,96
1819,Al-Si,96
1820,Al-Si,96
1821,Al-Si,96
1822,Al-Si,96
1823,Al-Si,96
1824,Al-Si,96
1825,Al-Si,96
1826,Al-Si,96
1827,Al-Si,96
1828,Al-Si,96
1829,Al-Si,96
1830,Al-Si,96
1831,Al-Si,96
1832,Al-Si,96
1833,Al-Si,96
1834,Al-Si,96
1835,Al-Si,96
1836,Al-Si,96
1837,Al-Si,96
1838,Al-Si,96
1839,Al-Si,96
1840,Al-Si,96
1841,Al-Si,96
1842,Al-Si,96
1843,Al-Si,96
1844,Al-Si,96
1845,Al-Si,96
1846,Al-Si,96
1847,Al-Si,96
1848,Al-Si,96
1849,Al-Si,96
1850,Al-Si,96
1851,Al-Si,96
1852,Al-Si,96
1853,Al-Si,96
1854,Al-Si,96
1855,Al-Si,96
1856,Al-Si,96
1857,Al-Si,96
1858,Al-Si,96
1859,Al-Si,96
1860,Al-Si,96
1861,Al-Si,96
1862,Al-Si,96
1863,Al-Si,96
1864,Al-Si,96
1865,Al-Si,96
1866,Al-Si,96
1867,Al-Si,96
1868,Al-Si,96
1869,Al-Si,96
1870,Al-Si,96
1871,Al-Si,96
1872,Al-Si,96
1873,Al-Si,96
1874,Al-Si,96
1875,Al-Si,96
1876,Al-Si,96
1877,Al-Si,96
1878,Al-Si,96
1879,Al-Si,96
1880,Al-Si,96
1881,Al-Si,96
1882,Al-Si,96
1883,Al-Si,96
1884,Al-Si,96
1885,Al-Si,96
1886,Al-Si,96
1887,Al-Si,96
1888,Al-Si,96
1889,Al-Si,96
1890,Al-Si,96
1891,Al-Si,96
1892,Al-Si,96
1893,Al-Si,96
1894,Al-Si,96
1895,Al-Si,96
1896,Al-Si,96
1897,Al-Si,96
1898,Al-Si,96
1899,Al-Si,96
1900,Al-Si,96
1901,Al-Si,96
1902,Al-Si,96
1903,Al-Si,96
1904,Al-Si,96
1905,Al-Si,96
1906,Al-Si,96
1907,Al-Si,96
1908,Al-Si,96
1909,Al-Si,96
1910,Al-Si,96
1911,Al-Si,96
1912,Al-Si,96
1913,Al-Si,96
1914,Al-Si,96
1915,Al-Si,96
1916,Al-Si,96
1917,Al-Si,96
1918,Al-Si,96
1919,Al-Si,96
1920,Al-Si,96
1921,Al-Si,96
1922,Al-Si,96
1923,Al-Si,96
1924,Al-Si,96
1925,Al-Si,96
1926,Al-Si,96
1927,Al-Si,96
1928,Al-Si,96
1929,Al-Si,96
1930,Al-Si,96
1931,Al-Si,96
1932,Al-Si,96
1933,Al-Si,96
1934,Al-Si,96
1935,Al-Si,96
1936,Al-Si,96
1937,Al-Si,96
1938,Al-Si,96
1939,Al-Si,96
1940,Al-Si,96
1941,Al-Si,96
1942,Al-Si,96
1943,Al-Si,96
1944,Al-Si,96
1945,Al-Si,96
1946,Al-Si,96
1947,Al-Si,96
1948,Al-Si,96
1949,Al-Si,96
1950,Al-Si,96
1951,Al-Si,96
1952,Al-Si,96
1953,Al-Si,96
1954,Al-Si,96
1955,Al-Si,96
1956,Al-Si,96
1957,Al-Si,96
1958,Al-Si,96
1959,Al-Si,96
1960,Al-Si,96
1961,Al-Si,96
1962,Al-Si,96
1963,Al-Si,96
1964,Al-Si,96
1965,Al-Si,96
1966,Al-Si,96
1967,Al-Si,96
1968,Al-Si,96
1969,Al-Si,96
1970,Al-Si,96
1971,Al-Si,96
1972,Al-Si,96
1973,Al-Si,96
1974,Al-Si,96
1975,Al-Si,96
1976,Al-Si,96
1977,Al-Si,96
1978,Al-Si,96
1979,Al-Si,96
1980,Al-Si,96
1981,Al-Si,96
1982,Al-Si,96
1983,Al-Si,96
1984,Al-Si,96
1985,Al-Si,96
1986,Al-Si,96
1987,Al-Si,96
1988,Al-Si,96
1989,Al-Si,96
1990,Al-Si,96
1991,Al-Si,96
1992,Al-Si,96
1993,Al-Si,96
1994,Al-Si,96
1995,Al-Si,96
1996,Al-Si,96
1997,Al-Si,96
1998,Al-Si,96
1999,Al-Si,96
