result_position,collection_frame_index,frame_id,step,time,time_unit
0,0,0,0,0.0,ps
1,1,1,1,0.001,ps
2,2,2,2,0.002,ps
3,3,3,3,0.003,ps
4,4,4,4,0.004,ps
5,5,5,5,0.005,ps
6,6,6,6,0.006,ps
7,7,7,7,0.007,ps
8,8,8,8,0.008,ps
9,9,9,9,0.009000000000000001,ps
10,10,10,10,0.01,ps
11,11,11,11,0.011,ps
12,12,12,12,0.012,ps
13,13,13,13,0.013000000000000001,ps
14,14,14,14,0.014,ps
15,15,15,15,0.015,ps
16,16,16,16,0.016,ps
17,17,17,17,0.017,ps
18,18,18,18,0.018000000000000002,ps
19,19,19,19,0.019,ps
20,20,20,20,0.02,ps
21,21,21,21,0.021,ps
22,22,22,22,0.022,ps
23,23,23,23,0.023,ps
24,24,24,24,0.024,ps
25,25,25,25,0.025,ps
26,26,26,26,0.026000000000000002,ps
27,27,27,27,0.027,ps
28,28,28,28,0.028,ps
29,29,29,29,0.029,ps
30,30,30,30,0.03,ps
31,31,31,31,0.031,ps
32,32,32,32,0.032,ps
33,33,33,33,0.033,ps
34,34,34,34,0.034,ps
35,35,35,35,0.035,ps
36,36,36,36,0.036000000000000004,ps
37,37,37,37,0.037,ps
38,38,38,38,0.038,ps
39,39,39,39,0.039,ps
40,40,40,40,0.04,ps
41,41,41,41,0.041,ps
42,42,42,42,0.042,ps
43,43,43,43,0.043000000000000003,ps
44,44,44,44,0.044,ps
45,45,45,45,0.045,ps
46,46,46,46,0.046,ps
47,47,47,47,0.047,ps
48,48,48,48,0.048,ps
49,49,49,49,0.049,ps
50,50,50,50,0.05,ps
51,51,51,51,0.051000000000000004,ps
52,52,52,52,0.052000000000000005,ps
53,53,53,53,0.053,ps
54,54,54,54,0.054,ps
55,55,55,55,0.055,ps
56,56,56,56,0.056,ps
57,57,57,57,0.057,ps
58,58,58,58,0.058,ps
59,59,59,59,0.059000000000000004,ps
60,60,60,60,0.06,ps
61,61,61,61,0.061,ps
62,62,62,62,0.062,ps
63,63,63,63,0.063,ps
64,64,64,64,0.064,ps
65,65,65,65,0.065,ps
66,66,66,66,0.066,ps
67,67,67,67,0.067,ps
68,68,68,68,0.068,ps
69,69,69,69,0.069,ps
70,70,70,70,0.07,ps
71,71,71,71,0.07100000000000001,ps
72,72,72,72,0.07200000000000001,ps
73,73,73,73,0.073,ps
74,74,74,74,0.074,ps
75,75,75,75,0.075,ps
76,76,76,76,0.076,ps
77,77,77,77,0.077,ps
78,78,78,78,0.078,ps
79,79,79,79,0.079,ps
80,80,80,80,0.08,ps
81,81,81,81,0.081,ps
82,82,82,82,0.082,ps
83,83,83,83,0.083,ps
84,84,84,84,0.084,ps
85,85,85,85,0.085,ps
86,86,86,86,0.08600000000000001,ps
87,87,87,87,0.08700000000000001,ps
88,88,88,88,0.088,ps
89,89,89,89,0.089,ps
90,90,90,90,0.09,ps
91,91,91,91,0.091,ps
92,92,92,92,0.092,ps
93,93,93,93,0.093,ps
94,94,94,94,0.094,ps
95,95,95,95,0.095,ps
96,96,96,96,0.096,ps
97,97,97,97,0.097,ps
98,98,98,98,0.098,ps
99,99,99,99,0.099,ps
100,100,100,100,0.1,ps
101,101,101,101,0.101,ps
102,102,102,102,0.10200000000000001,ps
103,103,103,103,0.10300000000000001,ps
104,104,104,104,0.10400000000000001,ps
105,105,105,105,0.105,ps
106,106,106,106,0.106,ps
107,107,107,107,0.107,ps
108,108,108,108,0.108,ps
109,109,109,109,0.109,ps
110,110,110,110,0.11,ps
111,111,111,111,0.111,ps
112,112,112,112,0.112,ps
113,113,113,113,0.113,ps
114,114,114,114,0.114,ps
115,115,115,115,0.115,ps
116,116,116,116,0.116,ps
117,117,117,117,0.117,ps
118,118,118,118,0.11800000000000001,ps
119,119,119,119,0.11900000000000001,ps
120,120,120,120,0.12,ps
121,121,121,121,0.121,ps
122,122,122,122,0.122,ps
123,123,123,123,0.123,ps
124,124,124,124,0.124,ps
125,125,125,125,0.125,ps
126,126,126,126,0.126,ps
127,127,127,127,0.127,ps
128,128,128,128,0.128,ps
129,129,129,129,0.129,ps
130,130,130,130,0.13,ps
131,131,131,131,0.131,ps
132,132,132,132,0.132,ps
133,133,133,133,0.133,ps
134,134,134,134,0.134,ps
135,135,135,135,0.135,ps
136,136,136,136,0.136,ps
137,137,137,137,0.137,ps
138,138,138,138,0.138,ps
139,139,139,139,0.139,ps
140,140,140,140,0.14,ps
141,141,141,141,0.14100000000000001,ps
142,142,142,142,0.14200000000000002,ps
143,143,143,143,0.14300000000000002,ps
144,144,144,144,0.14400000000000002,ps
145,145,145,145,0.145,ps
146,146,146,146,0.146,ps
147,147,147,147,0.147,ps
148,148,148,148,0.148,ps
149,149,149,149,0.149,ps
150,150,150,150,0.15,ps
151,151,151,151,0.151,ps
152,152,152,152,0.152,ps
153,153,153,153,0.153,ps
154,154,154,154,0.154,ps
155,155,155,155,0.155,ps
156,156,156,156,0.156,ps
157,157,157,157,0.157,ps
158,158,158,158,0.158,ps
159,159,159,159,0.159,ps
160,160,160,160,0.16,ps
161,161,161,161,0.161,ps
162,162,162,162,0.162,ps
163,163,163,163,0.163,ps
164,164,164,164,0.164,ps
165,165,165,165,0.165,ps
166,166,166,166,0.166,ps
167,167,167,167,0.167,ps
168,168,168,168,0.168,ps
169,169,169,169,0.169,ps
170,170,170,170,0.17,ps
171,171,171,171,0.171,ps
172,172,172,172,0.17200000000000001,ps
173,173,173,173,0.17300000000000001,ps
174,174,174,174,0.17400000000000002,ps
175,175,175,175,0.17500000000000002,ps
176,176,176,176,0.176,ps
177,177,177,177,0.177,ps
178,178,178,178,0.178,ps
179,179,179,179,0.179,ps
180,180,180,180,0.18,ps
181,181,181,181,0.181,ps
182,182,182,182,0.182,ps
183,183,183,183,0.183,ps
184,184,184,184,0.184,ps
185,185,185,185,0.185,ps
186,186,186,186,0.186,ps
187,187,187,187,0.187,ps
188,188,188,188,0.188,ps
189,189,189,189,0.189,ps
190,190,190,190,0.19,ps
191,191,191,191,0.191,ps
192,192,192,192,0.192,ps
193,193,193,193,0.193,ps
194,194,194,194,0.194,ps
195,195,195,195,0.195,ps
196,196,196,196,0.196,ps
197,197,197,197,0.197,ps
198,198,198,198,0.198,ps
199,199,199,199,0.199,ps
200,200,200,200,0.2,ps
201,201,201,201,0.201,ps
202,202,202,202,0.202,ps
203,203,203,203,0.203,ps
204,204,204,204,0.20400000000000001,ps
205,205,205,205,0.20500000000000002,ps
206,206,206,206,0.20600000000000002,ps
207,207,207,207,0.20700000000000002,ps
208,208,208,208,0.20800000000000002,ps
209,209,209,209,0.209,ps
210,210,210,210,0.21,ps
211,211,211,211,0.211,ps
212,212,212,212,0.212,ps
213,213,213,213,0.213,ps
214,214,214,214,0.214,ps
215,215,215,215,0.215,ps
216,216,216,216,0.216,ps
217,217,217,217,0.217,ps
218,218,218,218,0.218,ps
219,219,219,219,0.219,ps
220,220,220,220,0.22,ps
221,221,221,221,0.221,ps
222,222,222,222,0.222,ps
223,223,223,223,0.223,ps
224,224,224,224,0.224,ps
225,225,225,225,0.225,ps
226,226,226,226,0.226,ps
227,227,227,227,0.227,ps
228,228,228,228,0.228,ps
229,229,229,229,0.229,ps
230,230,230,230,0.23,ps
231,231,231,231,0.231,ps
232,232,232,232,0.232,ps
233,233,233,233,0.233,ps
234,234,234,234,0.234,ps
235,235,235,235,0.23500000000000001,ps
236,236,236,236,0.23600000000000002,ps
237,237,237,237,0.23700000000000002,ps
238,238,238,238,0.23800000000000002,ps
239,239,239,239,0.23900000000000002,ps
240,240,240,240,0.24,ps
241,241,241,241,0.241,ps
242,242,242,242,0.242,ps
243,243,243,243,0.243,ps
244,244,244,244,0.244,ps
245,245,245,245,0.245,ps
246,246,246,246,0.246,ps
247,247,247,247,0.247,ps
248,248,248,248,0.248,ps
249,249,249,249,0.249,ps
250,250,250,250,0.25,ps
251,251,251,251,0.251,ps
252,252,252,252,0.252,ps
253,253,253,253,0.253,ps
254,254,254,254,0.254,ps
255,255,255,255,0.255,ps
256,256,256,256,0.256,ps
257,257,257,257,0.257,ps
258,258,258,258,0.258,ps
259,259,259,259,0.259,ps
260,260,260,260,0.26,ps
261,261,261,261,0.261,ps
262,262,262,262,0.262,ps
263,263,263,263,0.263,ps
264,264,264,264,0.264,ps
265,265,265,265,0.265,ps
266,266,266,266,0.266,ps
267,267,267,267,0.267,ps
268,268,268,268,0.268,ps
269,269,269,269,0.269,ps
270,270,270,270,0.27,ps
271,271,271,271,0.271,ps
272,272,272,272,0.272,ps
273,273,273,273,0.273,ps
274,274,274,274,0.274,ps
275,275,275,275,0.275,ps
276,276,276,276,0.276,ps
277,277,277,277,0.277,ps
278,278,278,278,0.278,ps
279,279,279,279,0.279,ps
280,280,280,280,0.28,ps
281,281,281,281,0.281,ps
282,282,282,282,0.28200000000000003,ps
283,283,283,283,0.28300000000000003,ps
284,284,284,284,0.28400000000000003,ps
285,285,285,285,0.28500000000000003,ps
286,286,286,286,0.28600000000000003,ps
287,287,287,287,0.28700000000000003,ps
288,288,288,288,0.28800000000000003,ps
289,289,289,289,0.289,ps
290,290,290,290,0.29,ps
291,291,291,291,0.291,ps
292,292,292,292,0.292,ps
293,293,293,293,0.293,ps
294,294,294,294,0.294,ps
295,295,295,295,0.295,ps
296,296,296,296,0.296,ps
297,297,297,297,0.297,ps
298,298,298,298,0.298,ps
299,299,299,299,0.299,ps
300,300,300,300,0.3,ps
301,301,301,301,0.301,ps
302,302,302,302,0.302,ps
303,303,303,303,0.303,ps
304,304,304,304,0.304,ps
305,305,305,305,0.305,ps
306,306,306,306,0.306,ps
307,307,307,307,0.307,ps
308,308,308,308,0.308,ps
309,309,309,309,0.309,ps
310,310,310,310,0.31,ps
311,311,311,311,0.311,ps
312,312,312,312,0.312,ps
313,313,313,313,0.313,ps
314,314,314,314,0.314,ps
315,315,315,315,0.315,ps
316,316,316,316,0.316,ps
317,317,317,317,0.317,ps
318,318,318,318,0.318,ps
319,319,319,319,0.319,ps
320,320,320,320,0.32,ps
321,321,321,321,0.321,ps
322,322,322,322,0.322,ps
323,323,323,323,0.323,ps
324,324,324,324,0.324,ps
325,325,325,325,0.325,ps
326,326,326,326,0.326,ps
327,327,327,327,0.327,ps
328,328,328,328,0.328,ps
329,329,329,329,0.329,ps
330,330,330,330,0.33,ps
331,331,331,331,0.331,ps
332,332,332,332,0.332,ps
333,333,333,333,0.333,ps
334,334,334,334,0.334,ps
335,335,335,335,0.335,ps
336,336,336,336,0.336,ps
337,337,337,337,0.337,ps
338,338,338,338,0.338,ps
339,339,339,339,0.339,ps
340,340,340,340,0.34,ps
341,341,341,341,0.341,ps
342,342,342,342,0.342,ps
343,343,343,343,0.343,ps
344,344,344,344,0.34400000000000003,ps
345,345,345,345,0.34500000000000003,ps
346,346,346,346,0.34600000000000003,ps
347,347,347,347,0.34700000000000003,ps
348,348,348,348,0.34800000000000003,ps
349,349,349,349,0.34900000000000003,ps
350,350,350,350,0.35000000000000003,ps
351,351,351,351,0.35100000000000003,ps
352,352,352,352,0.352,ps
353,353,353,353,0.353,ps
354,354,354,354,0.354,ps
355,355,355,355,0.355,ps
356,356,356,356,0.356,ps
357,357,357,357,0.357,ps
358,358,358,358,0.358,ps
359,359,359,359,0.359,ps
360,360,360,360,0.36,ps
361,361,361,361,0.361,ps
362,362,362,362,0.362,ps
363,363,363,363,0.363,ps
364,364,364,364,0.364,ps
365,365,365,365,0.365,ps
366,366,366,366,0.366,ps
367,367,367,367,0.367,ps
368,368,368,368,0.368,ps
369,369,369,369,0.369,ps
370,370,370,370,0.37,ps
371,371,371,371,0.371,ps
372,372,372,372,0.372,ps
373,373,373,373,0.373,ps
374,374,374,374,0.374,ps
375,375,375,375,0.375,ps
376,376,376,376,0.376,ps
377,377,377,377,0.377,ps
378,378,378,378,0.378,ps
379,379,379,379,0.379,ps
380,380,380,380,0.38,ps
381,381,381,381,0.381,ps
382,382,382,382,0.382,ps
383,383,383,383,0.383,ps
384,384,384,384,0.384,ps
385,385,385,385,0.385,ps
386,386,386,386,0.386,ps
387,387,387,387,0.387,ps
388,388,388,388,0.388,ps
389,389,389,389,0.389,ps
390,390,390,390,0.39,ps
391,391,391,391,0.391,ps
392,392,392,392,0.392,ps
393,393,393,393,0.393,ps
394,394,394,394,0.394,ps
395,395,395,395,0.395,ps
396,396,396,396,0.396,ps
397,397,397,397,0.397,ps
398,398,398,398,0.398,ps
399,399,399,399,0.399,ps
400,400,400,400,0.4,ps
401,401,401,401,0.401,ps
402,402,402,402,0.402,ps
403,403,403,403,0.403,ps
404,404,404,404,0.404,ps
405,405,405,405,0.405,ps
406,406,406,406,0.406,ps
407,407,407,407,0.40700000000000003,ps
408,408,408,408,0.40800000000000003,ps
409,409,409,409,0.40900000000000003,ps
410,410,410,410,0.41000000000000003,ps
411,411,411,411,0.41100000000000003,ps
412,412,412,412,0.41200000000000003,ps
413,413,413,413,0.41300000000000003,ps
414,414,414,414,0.41400000000000003,ps
415,415,415,415,0.41500000000000004,ps
416,416,416,416,0.41600000000000004,ps
417,417,417,417,0.417,ps
418,418,418,418,0.418,ps
419,419,419,419,0.419,ps
420,420,420,420,0.42,ps
421,421,421,421,0.421,ps
422,422,422,422,0.422,ps
423,423,423,423,0.423,ps
424,424,424,424,0.424,ps
425,425,425,425,0.425,ps
426,426,426,426,0.426,ps
427,427,427,427,0.427,ps
428,428,428,428,0.428,ps
429,429,429,429,0.429,ps
430,430,430,430,0.43,ps
431,431,431,431,0.431,ps
432,432,432,432,0.432,ps
433,433,433,433,0.433,ps
434,434,434,434,0.434,ps
435,435,435,435,0.435,ps
436,436,436,436,0.436,ps
437,437,437,437,0.437,ps
438,438,438,438,0.438,ps
439,439,439,439,0.439,ps
440,440,440,440,0.44,ps
441,441,441,441,0.441,ps
442,442,442,442,0.442,ps
443,443,443,443,0.443,ps
444,444,444,444,0.444,ps
445,445,445,445,0.445,ps
446,446,446,446,0.446,ps
447,447,447,447,0.447,ps
448,448,448,448,0.448,ps
449,449,449,449,0.449,ps
450,450,450,450,0.45,ps
451,451,451,451,0.451,ps
452,452,452,452,0.452,ps
453,453,453,453,0.453,ps
454,454,454,454,0.454,ps
455,455,455,455,0.455,ps
456,456,456,456,0.456,ps
457,457,457,457,0.457,ps
458,458,458,458,0.458,ps
459,459,459,459,0.459,ps
460,460,460,460,0.46,ps
461,461,461,461,0.461,ps
462,462,462,462,0.462,ps
463,463,463,463,0.463,ps
464,464,464,464,0.464,ps
465,465,465,465,0.465,ps
466,466,466,466,0.466,ps
467,467,467,467,0.467,ps
468,468,468,468,0.468,ps
469,469,469,469,0.46900000000000003,ps
470,470,470,470,0.47000000000000003,ps
471,471,471,471,0.47100000000000003,ps
472,472,472,472,0.47200000000000003,ps
473,473,473,473,0.47300000000000003,ps
474,474,474,474,0.47400000000000003,ps
475,475,475,475,0.47500000000000003,ps
476,476,476,476,0.47600000000000003,ps
477,477,477,477,0.47700000000000004,ps
478,478,478,478,0.47800000000000004,ps
479,479,479,479,0.47900000000000004,ps
480,480,480,480,0.48,ps
481,481,481,481,0.481,ps
482,482,482,482,0.482,ps
483,483,483,483,0.483,ps
484,484,484,484,0.484,ps
485,485,485,485,0.485,ps
486,486,486,486,0.486,ps
487,487,487,487,0.487,ps
488,488,488,488,0.488,ps
489,489,489,489,0.489,ps
490,490,490,490,0.49,ps
491,491,491,491,0.491,ps
492,492,492,492,0.492,ps
493,493,493,493,0.493,ps
494,494,494,494,0.494,ps
495,495,495,495,0.495,ps
496,496,496,496,0.496,ps
497,497,497,497,0.497,ps
498,498,498,498,0.498,ps
499,499,499,499,0.499,ps
500,500,500,500,0.5,ps
501,501,501,501,0.501,ps
502,502,502,502,0.502,ps
503,503,503,503,0.503,ps
504,504,504,504,0.504,ps
505,505,505,505,0.505,ps
506,506,506,506,0.506,ps
507,507,507,507,0.507,ps
508,508,508,508,0.508,ps
509,509,509,509,0.509,ps
510,510,510,510,0.51,ps
511,511,511,511,0.511,ps
512,512,512,512,0.512,ps
513,513,513,513,0.513,ps
514,514,514,514,0.514,ps
515,515,515,515,0.515,ps
516,516,516,516,0.516,ps
517,517,517,517,0.517,ps
518,518,518,518,0.518,ps
519,519,519,519,0.519,ps
520,520,520,520,0.52,ps
521,521,521,521,0.521,ps
522,522,522,522,0.522,ps
523,523,523,523,0.523,ps
524,524,524,524,0.524,ps
525,525,525,525,0.525,ps
526,526,526,526,0.526,ps
527,527,527,527,0.527,ps
528,528,528,528,0.528,ps
529,529,529,529,0.529,ps
530,530,530,530,0.53,ps
531,531,531,531,0.531,ps
532,532,532,532,0.532,ps
533,533,533,533,0.533,ps
534,534,534,534,0.534,ps
535,535,535,535,0.535,ps
536,536,536,536,0.536,ps
537,537,537,537,0.537,ps
538,538,538,538,0.538,ps
539,539,539,539,0.539,ps
540,540,540,540,0.54,ps
541,541,541,541,0.541,ps
542,542,542,542,0.542,ps
543,543,543,543,0.543,ps
544,544,544,544,0.544,ps
545,545,545,545,0.545,ps
546,546,546,546,0.546,ps
547,547,547,547,0.547,ps
548,548,548,548,0.548,ps
549,549,549,549,0.549,ps
550,550,550,550,0.55,ps
551,551,551,551,0.551,ps
552,552,552,552,0.552,ps
553,553,553,553,0.553,ps
554,554,554,554,0.554,ps
555,555,555,555,0.555,ps
556,556,556,556,0.556,ps
557,557,557,557,0.557,ps
558,558,558,558,0.558,ps
559,559,559,559,0.559,ps
560,560,560,560,0.56,ps
561,561,561,561,0.561,ps
562,562,562,562,0.562,ps
563,563,563,563,0.5630000000000001,ps
564,564,564,564,0.5640000000000001,ps
565,565,565,565,0.5650000000000001,ps
566,566,566,566,0.5660000000000001,ps
567,567,567,567,0.5670000000000001,ps
568,568,568,568,0.5680000000000001,ps
569,569,569,569,0.5690000000000001,ps
570,570,570,570,0.5700000000000001,ps
571,571,571,571,0.5710000000000001,ps
572,572,572,572,0.5720000000000001,ps
573,573,573,573,0.5730000000000001,ps
574,574,574,574,0.5740000000000001,ps
575,575,575,575,0.5750000000000001,ps
576,576,576,576,0.5760000000000001,ps
577,577,577,577,0.577,ps
578,578,578,578,0.578,ps
579,579,579,579,0.579,ps
580,580,580,580,0.58,ps
581,581,581,581,0.581,ps
582,582,582,582,0.582,ps
583,583,583,583,0.583,ps
584,584,584,584,0.584,ps
585,585,585,585,0.585,ps
586,586,586,586,0.586,ps
587,587,587,587,0.587,ps
588,588,588,588,0.588,ps
589,589,589,589,0.589,ps
590,590,590,590,0.59,ps
591,591,591,591,0.591,ps
592,592,592,592,0.592,ps
593,593,593,593,0.593,ps
594,594,594,594,0.594,ps
595,595,595,595,0.595,ps
596,596,596,596,0.596,ps
597,597,597,597,0.597,ps
598,598,598,598,0.598,ps
599,599,599,599,0.599,ps
600,600,600,600,0.6,ps
601,601,601,601,0.601,ps
602,602,602,602,0.602,ps
603,603,603,603,0.603,ps
604,604,604,604,0.604,ps
605,605,605,605,0.605,ps
606,606,606,606,0.606,ps
607,607,607,607,0.607,ps
608,608,608,608,0.608,ps
609,609,609,609,0.609,ps
610,610,610,610,0.61,ps
611,611,611,611,0.611,ps
612,612,612,612,0.612,ps
613,613,613,613,0.613,ps
614,614,614,614,0.614,ps
615,615,615,615,0.615,ps
616,616,616,616,0.616,ps
617,617,617,617,0.617,ps
618,618,618,618,0.618,ps
619,619,619,619,0.619,ps
620,620,620,620,0.62,ps
621,621,621,621,0.621,ps
622,622,622,622,0.622,ps
623,623,623,623,0.623,ps
624,624,624,624,0.624,ps
625,625,625,625,0.625,ps
626,626,626,626,0.626,ps
627,627,627,627,0.627,ps
628,628,628,628,0.628,ps
629,629,629,629,0.629,ps
630,630,630,630,0.63,ps
631,631,631,631,0.631,ps
632,632,632,632,0.632,ps
633,633,633,633,0.633,ps
634,634,634,634,0.634,ps
635,635,635,635,0.635,ps
636,636,636,636,0.636,ps
637,637,637,637,0.637,ps
638,638,638,638,0.638,ps
639,639,639,639,0.639,ps
640,640,640,640,0.64,ps
641,641,641,641,0.641,ps
642,642,642,642,0.642,ps
643,643,643,643,0.643,ps
644,644,644,644,0.644,ps
645,645,645,645,0.645,ps
646,646,646,646,0.646,ps
647,647,647,647,0.647,ps
648,648,648,648,0.648,ps
649,649,649,649,0.649,ps
650,650,650,650,0.65,ps
651,651,651,651,0.651,ps
652,652,652,652,0.652,ps
653,653,653,653,0.653,ps
654,654,654,654,0.654,ps
655,655,655,655,0.655,ps
656,656,656,656,0.656,ps
657,657,657,657,0.657,ps
658,658,658,658,0.658,ps
659,659,659,659,0.659,ps
660,660,660,660,0.66,ps
661,661,661,661,0.661,ps
662,662,662,662,0.662,ps
663,663,663,663,0.663,ps
664,664,664,664,0.664,ps
665,665,665,665,0.665,ps
666,666,666,666,0.666,ps
667,667,667,667,0.667,ps
668,668,668,668,0.668,ps
669,669,669,669,0.669,ps
670,670,670,670,0.67,ps
671,671,671,671,0.671,ps
672,672,672,672,0.672,ps
673,673,673,673,0.673,ps
674,674,674,674,0.674,ps
675,675,675,675,0.675,ps
676,676,676,676,0.676,ps
677,677,677,677,0.677,ps
678,678,678,678,0.678,ps
679,679,679,679,0.679,ps
680,680,680,680,0.68,ps
681,681,681,681,0.681,ps
682,682,682,682,0.682,ps
683,683,683,683,0.683,ps
684,684,684,684,0.684,ps
685,685,685,685,0.685,ps
686,686,686,686,0.686,ps
687,687,687,687,0.687,ps
688,688,688,688,0.6880000000000001,ps
689,689,689,689,0.6890000000000001,ps
690,690,690,690,0.6900000000000001,ps
691,691,691,691,0.6910000000000001,ps
692,692,692,692,0.6920000000000001,ps
693,693,693,693,0.6930000000000001,ps
694,694,694,694,0.6940000000000001,ps
695,695,695,695,0.6950000000000001,ps
696,696,696,696,0.6960000000000001,ps
697,697,697,697,0.6970000000000001,ps
698,698,698,698,0.6980000000000001,ps
699,699,699,699,0.6990000000000001,ps
700,700,700,700,0.7000000000000001,ps
701,701,701,701,0.7010000000000001,ps
702,702,702,702,0.7020000000000001,ps
703,703,703,703,0.7030000000000001,ps
704,704,704,704,0.704,ps
705,705,705,705,0.705,ps
706,706,706,706,0.706,ps
707,707,707,707,0.707,ps
708,708,708,708,0.708,ps
709,709,709,709,0.709,ps
710,710,710,710,0.71,ps
711,711,711,711,0.711,ps
712,712,712,712,0.712,ps
713,713,713,713,0.713,ps
714,714,714,714,0.714,ps
715,715,715,715,0.715,ps
716,716,716,716,0.716,ps
717,717,717,717,0.717,ps
718,718,718,718,0.718,ps
719,719,719,719,0.719,ps
720,720,720,720,0.72,ps
721,721,721,721,0.721,ps
722,722,722,722,0.722,ps
723,723,723,723,0.723,ps
724,724,724,724,0.724,ps
725,725,725,725,0.725,ps
726,726,726,726,0.726,ps
727,727,727,727,0.727,ps
728,728,728,728,0.728,ps
729,729,729,729,0.729,ps
730,730,730,730,0.73,ps
731,731,731,731,0.731,ps
732,732,732,732,0.732,ps
733,733,733,733,0.733,ps
734,734,734,734,0.734,ps
735,735,735,735,0.735,ps
736,736,736,736,0.736,ps
737,737,737,737,0.737,ps
738,738,738,738,0.738,ps
739,739,739,739,0.739,ps
740,740,740,740,0.74,ps
741,741,741,741,0.741,ps
742,742,742,742,0.742,ps
743,743,743,743,0.743,ps
744,744,744,744,0.744,ps
745,745,745,745,0.745,ps
746,746,746,746,0.746,ps
747,747,747,747,0.747,ps
748,748,748,748,0.748,ps
749,749,749,749,0.749,ps
750,750,750,750,0.75,ps
751,751,751,751,0.751,ps
752,752,752,752,0.752,ps
753,753,753,753,0.753,ps
754,754,754,754,0.754,ps
755,755,755,755,0.755,ps
756,756,756,756,0.756,ps
757,757,757,757,0.757,ps
758,758,758,758,0.758,ps
759,759,759,759,0.759,ps
760,760,760,760,0.76,ps
761,761,761,761,0.761,ps
762,762,762,762,0.762,ps
763,763,763,763,0.763,ps
764,764,764,764,0.764,ps
765,765,765,765,0.765,ps
766,766,766,766,0.766,ps
767,767,767,767,0.767,ps
768,768,768,768,0.768,ps
769,769,769,769,0.769,ps
770,770,770,770,0.77,ps
771,771,771,771,0.771,ps
772,772,772,772,0.772,ps
773,773,773,773,0.773,ps
774,774,774,774,0.774,ps
775,775,775,775,0.775,ps
776,776,776,776,0.776,ps
777,777,777,777,0.777,ps
778,778,778,778,0.778,ps
779,779,779,779,0.779,ps
780,780,780,780,0.78,ps
781,781,781,781,0.781,ps
782,782,782,782,0.782,ps
783,783,783,783,0.783,ps
784,784,784,784,0.784,ps
785,785,785,785,0.785,ps
786,786,786,786,0.786,ps
787,787,787,787,0.787,ps
788,788,788,788,0.788,ps
789,789,789,789,0.789,ps
790,790,790,790,0.79,ps
791,791,791,791,0.791,ps
792,792,792,792,0.792,ps
793,793,793,793,0.793,ps
794,794,794,794,0.794,ps
795,795,795,795,0.795,ps
796,796,796,796,0.796,ps
797,797,797,797,0.797,ps
798,798,798,798,0.798,ps
799,799,799,799,0.799,ps
800,800,800,800,0.8,ps
801,801,801,801,0.801,ps
802,802,802,802,0.802,ps
803,803,803,803,0.803,ps
804,804,804,804,0.804,ps
805,805,805,805,0.805,ps
806,806,806,806,0.806,ps
807,807,807,807,0.807,ps
808,808,808,808,0.808,ps
809,809,809,809,0.809,ps
810,810,810,810,0.81,ps
811,811,811,811,0.811,ps
812,812,812,812,0.812,ps
813,813,813,813,0.8130000000000001,ps
814,814,814,814,0.8140000000000001,ps
815,815,815,815,0.8150000000000001,ps
816,816,816,816,0.8160000000000001,ps
817,817,817,817,0.8170000000000001,ps
818,818,818,818,0.8180000000000001,ps
819,819,819,819,0.8190000000000001,ps
820,820,820,820,0.8200000000000001,ps
821,821,821,821,0.8210000000000001,ps
822,822,822,822,0.8220000000000001,ps
823,823,823,823,0.8230000000000001,ps
824,824,824,824,0.8240000000000001,ps
825,825,825,825,0.8250000000000001,ps
826,826,826,826,0.8260000000000001,ps
827,827,827,827,0.8270000000000001,ps
828,828,828,828,0.8280000000000001,ps
829,829,829,829,0.8290000000000001,ps
830,830,830,830,0.8300000000000001,ps
831,831,831,831,0.8310000000000001,ps
832,832,832,832,0.8320000000000001,ps
833,833,833,833,0.833,ps
834,834,834,834,0.834,ps
835,835,835,835,0.835,ps
836,836,836,836,0.836,ps
837,837,837,837,0.837,ps
838,838,838,838,0.838,ps
839,839,839,839,0.839,ps
840,840,840,840,0.84,ps
841,841,841,841,0.841,ps
842,842,842,842,0.842,ps
843,843,843,843,0.843,ps
844,844,844,844,0.844,ps
845,845,845,845,0.845,ps
846,846,846,846,0.846,ps
847,847,847,847,0.847,ps
848,848,848,848,0.848,ps
849,849,849,849,0.849,ps
850,850,850,850,0.85,ps
851,851,851,851,0.851,ps
852,852,852,852,0.852,ps
853,853,853,853,0.853,ps
854,854,854,854,0.854,ps
855,855,855,855,0.855,ps
856,856,856,856,0.856,ps
857,857,857,857,0.857,ps
858,858,858,858,0.858,ps
859,859,859,859,0.859,ps
860,860,860,860,0.86,ps
861,861,861,861,0.861,ps
862,862,862,862,0.862,ps
863,863,863,863,0.863,ps
864,864,864,864,0.864,ps
865,865,865,865,0.865,ps
866,866,866,866,0.866,ps
867,867,867,867,0.867,ps
868,868,868,868,0.868,ps
869,869,869,869,0.869,ps
870,870,870,870,0.87,ps
871,871,871,871,0.871,ps
872,872,872,872,0.872,ps
873,873,873,873,0.873,ps
874,874,874,874,0.874,ps
875,875,875,875,0.875,ps
876,876,876,876,0.876,ps
877,877,877,877,0.877,ps
878,878,878,878,0.878,ps
879,879,879,879,0.879,ps
880,880,880,880,0.88,ps
881,881,881,881,0.881,ps
882,882,882,882,0.882,ps
883,883,883,883,0.883,ps
884,884,884,884,0.884,ps
885,885,885,885,0.885,ps
886,886,886,886,0.886,ps
887,887,887,887,0.887,ps
888,888,888,888,0.888,ps
889,889,889,889,0.889,ps
890,890,890,890,0.89,ps
891,891,891,891,0.891,ps
892,892,892,892,0.892,ps
893,893,893,893,0.893,ps
894,894,894,894,0.894,ps
895,895,895,895,0.895,ps
896,896,896,896,0.896,ps
897,897,897,897,0.897,ps
898,898,898,898,0.898,ps
899,899,899,899,0.899,ps
900,900,900,900,0.9,ps
901,901,901,901,0.901,ps
902,902,902,902,0.902,ps
903,903,903,903,0.903,ps
904,904,904,904,0.904,ps
905,905,905,905,0.905,ps
906,906,906,906,0.906,ps
907,907,907,907,0.907,ps
908,908,908,908,0.908,ps
909,909,909,909,0.909,ps
910,910,910,910,0.91,ps
911,911,911,911,0.911,ps
912,912,912,912,0.912,ps
913,913,913,913,0.913,ps
914,914,914,914,0.914,ps
915,915,915,915,0.915,ps
916,916,916,916,0.916,ps
917,917,917,917,0.917,ps
918,918,918,918,0.918,ps
919,919,919,919,0.919,ps
920,920,920,920,0.92,ps
921,921,921,921,0.921,ps
922,922,922,922,0.922,ps
923,923,923,923,0.923,ps
924,924,924,924,0.924,ps
925,925,925,925,0.925,ps
926,926,926,926,0.926,ps
927,927,927,927,0.927,ps
928,928,928,928,0.928,ps
929,929,929,929,0.929,ps
930,930,930,930,0.93,ps
931,931,931,931,0.931,ps
932,932,932,932,0.932,ps
933,933,933,933,0.933,ps
934,934,934,934,0.934,ps
935,935,935,935,0.935,ps
936,936,936,936,0.936,ps
937,937,937,937,0.937,ps
938,938,938,938,0.9380000000000001,ps
939,939,939,939,0.9390000000000001,ps
940,940,940,940,0.9400000000000001,ps
941,941,941,941,0.9410000000000001,ps
942,942,942,942,0.9420000000000001,ps
943,943,943,943,0.9430000000000001,ps
944,944,944,944,0.9440000000000001,ps
945,945,945,945,0.9450000000000001,ps
946,946,946,946,0.9460000000000001,ps
947,947,947,947,0.9470000000000001,ps
948,948,948,948,0.9480000000000001,ps
949,949,949,949,0.9490000000000001,ps
950,950,950,950,0.9500000000000001,ps
951,951,951,951,0.9510000000000001,ps
952,952,952,952,0.9520000000000001,ps
953,953,953,953,0.9530000000000001,ps
954,954,954,954,0.9540000000000001,ps
955,955,955,955,0.9550000000000001,ps
956,956,956,956,0.9560000000000001,ps
957,957,957,957,0.9570000000000001,ps
958,958,958,958,0.9580000000000001,ps
959,959,959,959,0.9590000000000001,ps
960,960,960,960,0.96,ps
961,961,961,961,0.961,ps
962,962,962,962,0.962,ps
963,963,963,963,0.963,ps
964,964,964,964,0.964,ps
965,965,965,965,0.965,ps
966,966,966,966,0.966,ps
967,967,967,967,0.967,ps
968,968,968,968,0.968,ps
969,969,969,969,0.969,ps
970,970,970,970,0.97,ps
971,971,971,971,0.971,ps
972,972,972,972,0.972,ps
973,973,973,973,0.973,ps
974,974,974,974,0.974,ps
975,975,975,975,0.975,ps
976,976,976,976,0.976,ps
977,977,977,977,0.977,ps
978,978,978,978,0.978,ps
979,979,979,979,0.979,ps
980,980,980,980,0.98,ps
981,981,981,981,0.981,ps
982,982,982,982,0.982,ps
983,983,983,983,0.983,ps
984,984,984,984,0.984,ps
985,985,985,985,0.985,ps
986,986,986,986,0.986,ps
987,987,987,987,0.987,ps
988,988,988,988,0.988,ps
989,989,989,989,0.989,ps
990,990,990,990,0.99,ps
991,991,991,991,0.991,ps
992,992,992,992,0.992,ps
993,993,993,993,0.993,ps
994,994,994,994,0.994,ps
995,995,995,995,0.995,ps
996,996,996,996,0.996,ps
997,997,997,997,0.997,ps
998,998,998,998,0.998,ps
999,999,999,999,0.999,ps
1000,1000,1000,1000,1.0,ps
1001,1001,1001,1001,1.0010000000000001,ps
1002,1002,1002,1002,1.002,ps
1003,1003,1003,1003,1.0030000000000001,ps
1004,1004,1004,1004,1.004,ps
1005,1005,1005,1005,1.0050000000000001,ps
1006,1006,1006,1006,1.006,ps
1007,1007,1007,1007,1.0070000000000001,ps
1008,1008,1008,1008,1.008,ps
1009,1009,1009,1009,1.0090000000000001,ps
1010,1010,1010,1010,1.01,ps
1011,1011,1011,1011,1.0110000000000001,ps
1012,1012,1012,1012,1.012,ps
1013,1013,1013,1013,1.0130000000000001,ps
1014,1014,1014,1014,1.014,ps
1015,1015,1015,1015,1.0150000000000001,ps
1016,1016,1016,1016,1.016,ps
1017,1017,1017,1017,1.0170000000000001,ps
1018,1018,1018,1018,1.018,ps
1019,1019,1019,1019,1.0190000000000001,ps
1020,1020,1020,1020,1.02,ps
1021,1021,1021,1021,1.0210000000000001,ps
1022,1022,1022,1022,1.022,ps
1023,1023,1023,1023,1.0230000000000001,ps
1024,1024,1024,1024,1.024,ps
1025,1025,1025,1025,1.025,ps
1026,1026,1026,1026,1.026,ps
1027,1027,1027,1027,1.027,ps
1028,1028,1028,1028,1.028,ps
1029,1029,1029,1029,1.029,ps
1030,1030,1030,1030,1.03,ps
1031,1031,1031,1031,1.031,ps
1032,1032,1032,1032,1.032,ps
1033,1033,1033,1033,1.033,ps
1034,1034,1034,1034,1.034,ps
1035,1035,1035,1035,1.035,ps
1036,1036,1036,1036,1.036,ps
1037,1037,1037,1037,1.037,ps
1038,1038,1038,1038,1.038,ps
1039,1039,1039,1039,1.039,ps
1040,1040,1040,1040,1.04,ps
1041,1041,1041,1041,1.041,ps
1042,1042,1042,1042,1.042,ps
1043,1043,1043,1043,1.043,ps
1044,1044,1044,1044,1.044,ps
1045,1045,1045,1045,1.045,ps
1046,1046,1046,1046,1.046,ps
1047,1047,1047,1047,1.047,ps
1048,1048,1048,1048,1.048,ps
1049,1049,1049,1049,1.049,ps
1050,1050,1050,1050,1.05,ps
1051,1051,1051,1051,1.051,ps
1052,1052,1052,1052,1.052,ps
1053,1053,1053,1053,1.053,ps
1054,1054,1054,1054,1.054,ps
1055,1055,1055,1055,1.055,ps
1056,1056,1056,1056,1.056,ps
1057,1057,1057,1057,1.057,ps
1058,1058,1058,1058,1.058,ps
1059,1059,1059,1059,1.059,ps
1060,1060,1060,1060,1.06,ps
1061,1061,1061,1061,1.061,ps
1062,1062,1062,1062,1.062,ps
1063,1063,1063,1063,1.063,ps
1064,1064,1064,1064,1.064,ps
1065,1065,1065,1065,1.065,ps
1066,1066,1066,1066,1.066,ps
1067,1067,1067,1067,1.067,ps
1068,1068,1068,1068,1.068,ps
1069,1069,1069,1069,1.069,ps
1070,1070,1070,1070,1.07,ps
1071,1071,1071,1071,1.071,ps
1072,1072,1072,1072,1.072,ps
1073,1073,1073,1073,1.073,ps
1074,1074,1074,1074,1.074,ps
1075,1075,1075,1075,1.075,ps
1076,1076,1076,1076,1.076,ps
1077,1077,1077,1077,1.077,ps
1078,1078,1078,1078,1.078,ps
1079,1079,1079,1079,1.079,ps
1080,1080,1080,1080,1.08,ps
1081,1081,1081,1081,1.081,ps
1082,1082,1082,1082,1.082,ps
1083,1083,1083,1083,1.083,ps
1084,1084,1084,1084,1.084,ps
1085,1085,1085,1085,1.085,ps
1086,1086,1086,1086,1.086,ps
1087,1087,1087,1087,1.087,ps
1088,1088,1088,1088,1.088,ps
1089,1089,1089,1089,1.089,ps
1090,1090,1090,1090,1.09,ps
1091,1091,1091,1091,1.091,ps
1092,1092,1092,1092,1.092,ps
1093,1093,1093,1093,1.093,ps
1094,1094,1094,1094,1.094,ps
1095,1095,1095,1095,1.095,ps
1096,1096,1096,1096,1.096,ps
1097,1097,1097,1097,1.097,ps
1098,1098,1098,1098,1.098,ps
1099,1099,1099,1099,1.099,ps
1100,1100,1100,1100,1.1,ps
1101,1101,1101,1101,1.101,ps
1102,1102,1102,1102,1.102,ps
1103,1103,1103,1103,1.103,ps
1104,1104,1104,1104,1.104,ps
1105,1105,1105,1105,1.105,ps
1106,1106,1106,1106,1.106,ps
1107,1107,1107,1107,1.107,ps
1108,1108,1108,1108,1.108,ps
1109,1109,1109,1109,1.109,ps
1110,1110,1110,1110,1.11,ps
1111,1111,1111,1111,1.111,ps
1112,1112,1112,1112,1.112,ps
1113,1113,1113,1113,1.113,ps
1114,1114,1114,1114,1.114,ps
1115,1115,1115,1115,1.115,ps
1116,1116,1116,1116,1.116,ps
1117,1117,1117,1117,1.117,ps
1118,1118,1118,1118,1.118,ps
1119,1119,1119,1119,1.119,ps
1120,1120,1120,1120,1.12,ps
1121,1121,1121,1121,1.121,ps
1122,1122,1122,1122,1.122,ps
1123,1123,1123,1123,1.123,ps
1124,1124,1124,1124,1.124,ps
1125,1125,1125,1125,1.125,ps
1126,1126,1126,1126,1.1260000000000001,ps
1127,1127,1127,1127,1.127,ps
1128,1128,1128,1128,1.1280000000000001,ps
1129,1129,1129,1129,1.129,ps
1130,1130,1130,1130,1.1300000000000001,ps
1131,1131,1131,1131,1.131,ps
1132,1132,1132,1132,1.1320000000000001,ps
1133,1133,1133,1133,1.133,ps
1134,1134,1134,1134,1.1340000000000001,ps
1135,1135,1135,1135,1.135,ps
1136,1136,1136,1136,1.1360000000000001,ps
1137,1137,1137,1137,1.137,ps
1138,1138,1138,1138,1.1380000000000001,ps
1139,1139,1139,1139,1.139,ps
1140,1140,1140,1140,1.1400000000000001,ps
1141,1141,1141,1141,1.141,ps
1142,1142,1142,1142,1.1420000000000001,ps
1143,1143,1143,1143,1.143,ps
1144,1144,1144,1144,1.1440000000000001,ps
1145,1145,1145,1145,1.145,ps
1146,1146,1146,1146,1.1460000000000001,ps
1147,1147,1147,1147,1.147,ps
1148,1148,1148,1148,1.1480000000000001,ps
1149,1149,1149,1149,1.149,ps
1150,1150,1150,1150,1.1500000000000001,ps
1151,1151,1151,1151,1.151,ps
1152,1152,1152,1152,1.1520000000000001,ps
1153,1153,1153,1153,1.153,ps
1154,1154,1154,1154,1.154,ps
1155,1155,1155,1155,1.155,ps
1156,1156,1156,1156,1.156,ps
1157,1157,1157,1157,1.157,ps
1158,1158,1158,1158,1.158,ps
1159,1159,1159,1159,1.159,ps
1160,1160,1160,1160,1.16,ps
1161,1161,1161,1161,1.161,ps
1162,1162,1162,1162,1.162,ps
1163,1163,1163,1163,1.163,ps
1164,1164,1164,1164,1.164,ps
1165,1165,1165,1165,1.165,ps
1166,1166,1166,1166,1.166,ps
1167,1167,1167,1167,1.167,ps
1168,1168,1168,1168,1.168,ps
1169,1169,1169,1169,1.169,ps
1170,1170,1170,1170,1.17,ps
1171,1171,1171,1171,1.171,ps
1172,1172,1172,1172,1.172,ps
1173,1173,1173,1173,1.173,ps
1174,1174,1174,1174,1.174,ps
1175,1175,1175,1175,1.175,ps
1176,1176,1176,1176,1.176,ps
1177,1177,1177,1177,1.177,ps
1178,1178,1178,1178,1.178,ps
1179,1179,1179,1179,1.179,ps
1180,1180,1180,1180,1.18,ps
1181,1181,1181,1181,1.181,ps
1182,1182,1182,1182,1.182,ps
1183,1183,1183,1183,1.183,ps
1184,1184,1184,1184,1.184,ps
1185,1185,1185,1185,1.185,ps
1186,1186,1186,1186,1.186,ps
1187,1187,1187,1187,1.187,ps
1188,1188,1188,1188,1.188,ps
1189,1189,1189,1189,1.189,ps
1190,1190,1190,1190,1.19,ps
1191,1191,1191,1191,1.191,ps
1192,1192,1192,1192,1.192,ps
1193,1193,1193,1193,1.193,ps
1194,1194,1194,1194,1.194,ps
1195,1195,1195,1195,1.195,ps
1196,1196,1196,1196,1.196,ps
1197,1197,1197,1197,1.197,ps
1198,1198,1198,1198,1.198,ps
1199,1199,1199,1199,1.199,ps
1200,1200,1200,1200,1.2,ps
1201,1201,1201,1201,1.201,ps
1202,1202,1202,1202,1.202,ps
1203,1203,1203,1203,1.203,ps
1204,1204,1204,1204,1.204,ps
1205,1205,1205,1205,1.205,ps
1206,1206,1206,1206,1.206,ps
1207,1207,1207,1207,1.207,ps
1208,1208,1208,1208,1.208,ps
1209,1209,1209,1209,1.209,ps
1210,1210,1210,1210,1.21,ps
1211,1211,1211,1211,1.211,ps
1212,1212,1212,1212,1.212,ps
1213,1213,1213,1213,1.213,ps
1214,1214,1214,1214,1.214,ps
1215,1215,1215,1215,1.215,ps
1216,1216,1216,1216,1.216,ps
1217,1217,1217,1217,1.217,ps
1218,1218,1218,1218,1.218,ps
1219,1219,1219,1219,1.219,ps
1220,1220,1220,1220,1.22,ps
1221,1221,1221,1221,1.221,ps
1222,1222,1222,1222,1.222,ps
1223,1223,1223,1223,1.223,ps
1224,1224,1224,1224,1.224,ps
1225,1225,1225,1225,1.225,ps
1226,1226,1226,1226,1.226,ps
1227,1227,1227,1227,1.227,ps
1228,1228,1228,1228,1.228,ps
1229,1229,1229,1229,1.229,ps
1230,1230,1230,1230,1.23,ps
1231,1231,1231,1231,1.231,ps
1232,1232,1232,1232,1.232,ps
1233,1233,1233,1233,1.233,ps
1234,1234,1234,1234,1.234,ps
1235,1235,1235,1235,1.235,ps
1236,1236,1236,1236,1.236,ps
1237,1237,1237,1237,1.237,ps
1238,1238,1238,1238,1.238,ps
1239,1239,1239,1239,1.239,ps
1240,1240,1240,1240,1.24,ps
1241,1241,1241,1241,1.241,ps
1242,1242,1242,1242,1.242,ps
1243,1243,1243,1243,1.243,ps
1244,1244,1244,1244,1.244,ps
1245,1245,1245,1245,1.245,ps
1246,1246,1246,1246,1.246,ps
1247,1247,1247,1247,1.247,ps
1248,1248,1248,1248,1.248,ps
1249,1249,1249,1249,1.249,ps
1250,1250,1250,1250,1.25,ps
1251,1251,1251,1251,1.2510000000000001,ps
1252,1252,1252,1252,1.252,ps
1253,1253,1253,1253,1.2530000000000001,ps
1254,1254,1254,1254,1.254,ps
1255,1255,1255,1255,1.2550000000000001,ps
1256,1256,1256,1256,1.256,ps
1257,1257,1257,1257,1.2570000000000001,ps
1258,1258,1258,1258,1.258,ps
1259,1259,1259,1259,1.2590000000000001,ps
1260,1260,1260,1260,1.26,ps
1261,1261,1261,1261,1.2610000000000001,ps
1262,1262,1262,1262,1.262,ps
1263,1263,1263,1263,1.2630000000000001,ps
1264,1264,1264,1264,1.264,ps
1265,1265,1265,1265,1.2650000000000001,ps
1266,1266,1266,1266,1.266,ps
1267,1267,1267,1267,1.2670000000000001,ps
1268,1268,1268,1268,1.268,ps
1269,1269,1269,1269,1.2690000000000001,ps
1270,1270,1270,1270,1.27,ps
1271,1271,1271,1271,1.2710000000000001,ps
1272,1272,1272,1272,1.272,ps
1273,1273,1273,1273,1.2730000000000001,ps
1274,1274,1274,1274,1.274,ps
1275,1275,1275,1275,1.2750000000000001,ps
1276,1276,1276,1276,1.276,ps
1277,1277,1277,1277,1.2770000000000001,ps
1278,1278,1278,1278,1.278,ps
1279,1279,1279,1279,1.2790000000000001,ps
1280,1280,1280,1280,1.28,ps
1281,1281,1281,1281,1.281,ps
1282,1282,1282,1282,1.282,ps
1283,1283,1283,1283,1.283,ps
1284,1284,1284,1284,1.284,ps
1285,1285,1285,1285,1.285,ps
1286,1286,1286,1286,1.286,ps
1287,1287,1287,1287,1.287,ps
1288,1288,1288,1288,1.288,ps
1289,1289,1289,1289,1.289,ps
1290,1290,1290,1290,1.29,ps
1291,1291,1291,1291,1.291,ps
1292,1292,1292,1292,1.292,ps
1293,1293,1293,1293,1.293,ps
1294,1294,1294,1294,1.294,ps
1295,1295,1295,1295,1.295,ps
1296,1296,1296,1296,1.296,ps
1297,1297,1297,1297,1.297,ps
1298,1298,1298,1298,1.298,ps
1299,1299,1299,1299,1.299,ps
1300,1300,1300,1300,1.3,ps
1301,1301,1301,1301,1.301,ps
1302,1302,1302,1302,1.302,ps
1303,1303,1303,1303,1.303,ps
1304,1304,1304,1304,1.304,ps
1305,1305,1305,1305,1.305,ps
1306,1306,1306,1306,1.306,ps
1307,1307,1307,1307,1.307,ps
1308,1308,1308,1308,1.308,ps
1309,1309,1309,1309,1.309,ps
1310,1310,1310,1310,1.31,ps
1311,1311,1311,1311,1.311,ps
1312,1312,1312,1312,1.312,ps
1313,1313,1313,1313,1.313,ps
1314,1314,1314,1314,1.314,ps
1315,1315,1315,1315,1.315,ps
1316,1316,1316,1316,1.316,ps
1317,1317,1317,1317,1.317,ps
1318,1318,1318,1318,1.318,ps
1319,1319,1319,1319,1.319,ps
1320,1320,1320,1320,1.32,ps
1321,1321,1321,1321,1.321,ps
1322,1322,1322,1322,1.322,ps
1323,1323,1323,1323,1.323,ps
1324,1324,1324,1324,1.324,ps
1325,1325,1325,1325,1.325,ps
1326,1326,1326,1326,1.326,ps
1327,1327,1327,1327,1.327,ps
1328,1328,1328,1328,1.328,ps
1329,1329,1329,1329,1.329,ps
1330,1330,1330,1330,1.33,ps
1331,1331,1331,1331,1.331,ps
1332,1332,1332,1332,1.332,ps
1333,1333,1333,1333,1.333,ps
1334,1334,1334,1334,1.334,ps
1335,1335,1335,1335,1.335,ps
1336,1336,1336,1336,1.336,ps
1337,1337,1337,1337,1.337,ps
1338,1338,1338,1338,1.338,ps
1339,1339,1339,1339,1.339,ps
1340,1340,1340,1340,1.34,ps
1341,1341,1341,1341,1.341,ps
1342,1342,1342,1342,1.342,ps
1343,1343,1343,1343,1.343,ps
1344,1344,1344,1344,1.344,ps
1345,1345,1345,1345,1.345,ps
1346,1346,1346,1346,1.346,ps
1347,1347,1347,1347,1.347,ps
1348,1348,1348,1348,1.348,ps
1349,1349,1349,1349,1.349,ps
1350,1350,1350,1350,1.35,ps
1351,1351,1351,1351,1.351,ps
1352,1352,1352,1352,1.352,ps
1353,1353,1353,1353,1.353,ps
1354,1354,1354,1354,1.354,ps
1355,1355,1355,1355,1.355,ps
1356,1356,1356,1356,1.356,ps
1357,1357,1357,1357,1.357,ps
1358,1358,1358,1358,1.358,ps
1359,1359,1359,1359,1.359,ps
1360,1360,1360,1360,1.36,ps
1361,1361,1361,1361,1.361,ps
1362,1362,1362,1362,1.362,ps
1363,1363,1363,1363,1.363,ps
1364,1364,1364,1364,1.364,ps
1365,1365,1365,1365,1.365,ps
1366,1366,1366,1366,1.366,ps
1367,1367,1367,1367,1.367,ps
1368,1368,1368,1368,1.368,ps
1369,1369,1369,1369,1.369,ps
1370,1370,1370,1370,1.37,ps
1371,1371,1371,1371,1.371,ps
1372,1372,1372,1372,1.372,ps
1373,1373,1373,1373,1.373,ps
1374,1374,1374,1374,1.374,ps
1375,1375,1375,1375,1.375,ps
1376,1376,1376,1376,1.3760000000000001,ps
1377,1377,1377,1377,1.377,ps
1378,1378,1378,1378,1.3780000000000001,ps
1379,1379,1379,1379,1.379,ps
1380,1380,1380,1380,1.3800000000000001,ps
1381,1381,1381,1381,1.381,ps
1382,1382,1382,1382,1.3820000000000001,ps
1383,1383,1383,1383,1.383,ps
1384,1384,1384,1384,1.3840000000000001,ps
1385,1385,1385,1385,1.385,ps
1386,1386,1386,1386,1.3860000000000001,ps
1387,1387,1387,1387,1.387,ps
1388,1388,1388,1388,1.3880000000000001,ps
1389,1389,1389,1389,1.389,ps
1390,1390,1390,1390,1.3900000000000001,ps
1391,1391,1391,1391,1.391,ps
1392,1392,1392,1392,1.3920000000000001,ps
1393,1393,1393,1393,1.393,ps
1394,1394,1394,1394,1.3940000000000001,ps
1395,1395,1395,1395,1.395,ps
1396,1396,1396,1396,1.3960000000000001,ps
1397,1397,1397,1397,1.397,ps
1398,1398,1398,1398,1.3980000000000001,ps
1399,1399,1399,1399,1.399,ps
1400,1400,1400,1400,1.4000000000000001,ps
1401,1401,1401,1401,1.401,ps
1402,1402,1402,1402,1.4020000000000001,ps
1403,1403,1403,1403,1.403,ps
1404,1404,1404,1404,1.4040000000000001,ps
1405,1405,1405,1405,1.405,ps
1406,1406,1406,1406,1.4060000000000001,ps
1407,1407,1407,1407,1.407,ps
1408,1408,1408,1408,1.408,ps
1409,1409,1409,1409,1.409,ps
1410,1410,1410,1410,1.41,ps
1411,1411,1411,1411,1.411,ps
1412,1412,1412,1412,1.412,ps
1413,1413,1413,1413,1.413,ps
1414,1414,1414,1414,1.414,ps
1415,1415,1415,1415,1.415,ps
1416,1416,1416,1416,1.416,ps
1417,1417,1417,1417,1.417,ps
1418,1418,1418,1418,1.418,ps
1419,1419,1419,1419,1.419,ps
1420,1420,1420,1420,1.42,ps
1421,1421,1421,1421,1.421,ps
1422,1422,1422,1422,1.422,ps
1423,1423,1423,1423,1.423,ps
1424,1424,1424,1424,1.424,ps
1425,1425,1425,1425,1.425,ps
1426,1426,1426,1426,1.426,ps
1427,1427,1427,1427,1.427,ps
1428,1428,1428,1428,1.428,ps
1429,1429,1429,1429,1.429,ps
1430,1430,1430,1430,1.43,ps
1431,1431,1431,1431,1.431,ps
1432,1432,1432,1432,1.432,ps
1433,1433,1433,1433,1.433,ps
1434,1434,1434,1434,1.434,ps
1435,1435,1435,1435,1.435,ps
1436,1436,1436,1436,1.436,ps
1437,1437,1437,1437,1.437,ps
1438,1438,1438,1438,1.438,ps
1439,1439,1439,1439,1.439,ps
1440,1440,1440,1440,1.44,ps
1441,1441,1441,1441,1.441,ps
1442,1442,1442,1442,1.442,ps
1443,1443,1443,1443,1.443,ps
1444,1444,1444,1444,1.444,ps
1445,1445,1445,1445,1.445,ps
1446,1446,1446,1446,1.446,ps
1447,1447,1447,1447,1.447,ps
1448,1448,1448,1448,1.448,ps
1449,1449,1449,1449,1.449,ps
1450,1450,1450,1450,1.45,ps
1451,1451,1451,1451,1.451,ps
1452,1452,1452,1452,1.452,ps
1453,1453,1453,1453,1.453,ps
1454,1454,1454,1454,1.454,ps
1455,1455,1455,1455,1.455,ps
1456,1456,1456,1456,1.456,ps
1457,1457,1457,1457,1.457,ps
1458,1458,1458,1458,1.458,ps
1459,1459,1459,1459,1.459,ps
1460,1460,1460,1460,1.46,ps
1461,1461,1461,1461,1.461,ps
1462,1462,1462,1462,1.462,ps
1463,1463,1463,1463,1.463,ps
1464,1464,1464,1464,1.464,ps
1465,1465,1465,1465,1.465,ps
1466,1466,1466,1466,1.466,ps
1467,1467,1467,1467,1.467,ps
1468,1468,1468,1468,1.468,ps
1469,1469,1469,1469,1.469,ps
1470,1470,1470,1470,1.47,ps
1471,1471,1471,1471,1.471,ps
1472,1472,1472,1472,1.472,ps
1473,1473,1473,1473,1.473,ps
1474,1474,1474,1474,1.474,ps
1475,1475,1475,1475,1.475,ps
1476,1476,1476,1476,1.476,ps
1477,1477,1477,1477,1.477,ps
1478,1478,1478,1478,1.478,ps
1479,1479,1479,1479,1.479,ps
1480,1480,1480,1480,1.48,ps
1481,1481,1481,1481,1.481,ps
1482,1482,1482,1482,1.482,ps
1483,1483,1483,1483,1.483,ps
1484,1484,1484,1484,1.484,ps
1485,1485,1485,1485,1.485,ps
1486,1486,1486,1486,1.486,ps
1487,1487,1487,1487,1.487,ps
1488,1488,1488,1488,1.488,ps
1489,1489,1489,1489,1.489,ps
1490,1490,1490,1490,1.49,ps
1491,1491,1491,1491,1.491,ps
1492,1492,1492,1492,1.492,ps
1493,1493,1493,1493,1.493,ps
1494,1494,1494,1494,1.494,ps
1495,1495,1495,1495,1.495,ps
1496,1496,1496,1496,1.496,ps
1497,1497,1497,1497,1.497,ps
1498,1498,1498,1498,1.498,ps
1499,1499,1499,1499,1.499,ps
1500,1500,1500,1500,1.5,ps
1501,1501,1501,1501,1.5010000000000001,ps
1502,1502,1502,1502,1.502,ps
1503,1503,1503,1503,1.5030000000000001,ps
1504,1504,1504,1504,1.504,ps
1505,1505,1505,1505,1.5050000000000001,ps
1506,1506,1506,1506,1.506,ps
1507,1507,1507,1507,1.5070000000000001,ps
1508,1508,1508,1508,1.508,ps
1509,1509,1509,1509,1.5090000000000001,ps
1510,1510,1510,1510,1.51,ps
1511,1511,1511,1511,1.5110000000000001,ps
1512,1512,1512,1512,1.512,ps
1513,1513,1513,1513,1.5130000000000001,ps
1514,1514,1514,1514,1.514,ps
1515,1515,1515,1515,1.5150000000000001,ps
1516,1516,1516,1516,1.516,ps
1517,1517,1517,1517,1.5170000000000001,ps
1518,1518,1518,1518,1.518,ps
1519,1519,1519,1519,1.5190000000000001,ps
1520,1520,1520,1520,1.52,ps
1521,1521,1521,1521,1.5210000000000001,ps
1522,1522,1522,1522,1.522,ps
1523,1523,1523,1523,1.5230000000000001,ps
1524,1524,1524,1524,1.524,ps
1525,1525,1525,1525,1.5250000000000001,ps
1526,1526,1526,1526,1.526,ps
1527,1527,1527,1527,1.5270000000000001,ps
1528,1528,1528,1528,1.528,ps
1529,1529,1529,1529,1.5290000000000001,ps
1530,1530,1530,1530,1.53,ps
1531,1531,1531,1531,1.5310000000000001,ps
1532,1532,1532,1532,1.532,ps
1533,1533,1533,1533,1.5330000000000001,ps
1534,1534,1534,1534,1.534,ps
1535,1535,1535,1535,1.5350000000000001,ps
1536,1536,1536,1536,1.536,ps
1537,1537,1537,1537,1.537,ps
1538,1538,1538,1538,1.538,ps
1539,1539,1539,1539,1.539,ps
1540,1540,1540,1540,1.54,ps
1541,1541,1541,1541,1.541,ps
1542,1542,1542,1542,1.542,ps
1543,1543,1543,1543,1.543,ps
1544,1544,1544,1544,1.544,ps
1545,1545,1545,1545,1.545,ps
1546,1546,1546,1546,1.546,ps
1547,1547,1547,1547,1.547,ps
1548,1548,1548,1548,1.548,ps
1549,1549,1549,1549,1.549,ps
1550,1550,1550,1550,1.55,ps
1551,1551,1551,1551,1.551,ps
1552,1552,1552,1552,1.552,ps
1553,1553,1553,1553,1.553,ps
1554,1554,1554,1554,1.554,ps
1555,1555,1555,1555,1.555,ps
1556,1556,1556,1556,1.556,ps
1557,1557,1557,1557,1.557,ps
1558,1558,1558,1558,1.558,ps
1559,1559,1559,1559,1.559,ps
1560,1560,1560,1560,1.56,ps
1561,1561,1561,1561,1.561,ps
1562,1562,1562,1562,1.562,ps
1563,1563,1563,1563,1.563,ps
1564,1564,1564,1564,1.564,ps
1565,1565,1565,1565,1.565,ps
1566,1566,1566,1566,1.566,ps
1567,1567,1567,1567,1.567,ps
1568,1568,1568,1568,1.568,ps
1569,1569,1569,1569,1.569,ps
1570,1570,1570,1570,1.57,ps
1571,1571,1571,1571,1.571,ps
1572,1572,1572,1572,1.572,ps
1573,1573,1573,1573,1.573,ps
1574,1574,1574,1574,1.574,ps
1575,1575,1575,1575,1.575,ps
1576,1576,1576,1576,1.576,ps
1577,1577,1577,1577,1.577,ps
1578,1578,1578,1578,1.578,ps
1579,1579,1579,1579,1.579,ps
1580,1580,1580,1580,1.58,ps
1581,1581,1581,1581,1.581,ps
1582,1582,1582,1582,1.582,ps
1583,1583,1583,1583,1.583,ps
1584,1584,1584,1584,1.584,ps
1585,1585,1585,1585,1.585,ps
1586,1586,1586,1586,1.586,ps
1587,1587,1587,1587,1.587,ps
1588,1588,1588,1588,1.588,ps
1589,1589,1589,1589,1.589,ps
1590,1590,1590,1590,1.59,ps
1591,1591,1591,1591,1.591,ps
1592,1592,1592,1592,1.592,ps
1593,1593,1593,1593,1.593,ps
1594,1594,1594,1594,1.594,ps
1595,1595,1595,1595,1.595,ps
1596,1596,1596,1596,1.596,ps
1597,1597,1597,1597,1.597,ps
1598,1598,1598,1598,1.598,ps
1599,1599,1599,1599,1.599,ps
1600,1600,1600,1600,1.6,ps
1601,1601,1601,1601,1.601,ps
1602,1602,1602,1602,1.602,ps
1603,1603,1603,1603,1.603,ps
1604,1604,1604,1604,1.604,ps
1605,1605,1605,1605,1.605,ps
1606,1606,1606,1606,1.606,ps
1607,1607,1607,1607,1.607,ps
1608,1608,1608,1608,1.608,ps
1609,1609,1609,1609,1.609,ps
1610,1610,1610,1610,1.61,ps
1611,1611,1611,1611,1.611,ps
1612,1612,1612,1612,1.612,ps
1613,1613,1613,1613,1.613,ps
1614,1614,1614,1614,1.614,ps
1615,1615,1615,1615,1.615,ps
1616,1616,1616,1616,1.616,ps
1617,1617,1617,1617,1.617,ps
1618,1618,1618,1618,1.618,ps
1619,1619,1619,1619,1.619,ps
1620,1620,1620,1620,1.62,ps
1621,1621,1621,1621,1.621,ps
1622,1622,1622,1622,1.622,ps
1623,1623,1623,1623,1.623,ps
1624,1624,1624,1624,1.624,ps
1625,1625,1625,1625,1.625,ps
1626,1626,1626,1626,1.6260000000000001,ps
1627,1627,1627,1627,1.627,ps
1628,1628,1628,1628,1.6280000000000001,ps
1629,1629,1629,1629,1.629,ps
1630,1630,1630,1630,1.6300000000000001,ps
1631,1631,1631,1631,1.631,ps
1632,1632,1632,1632,1.6320000000000001,ps
1633,1633,1633,1633,1.633,ps
1634,1634,1634,1634,1.6340000000000001,ps
1635,1635,1635,1635,1.635,ps
1636,1636,1636,1636,1.6360000000000001,ps
1637,1637,1637,1637,1.637,ps
1638,1638,1638,1638,1.6380000000000001,ps
1639,1639,1639,1639,1.639,ps
1640,1640,1640,1640,1.6400000000000001,ps
1641,1641,1641,1641,1.641,ps
1642,1642,1642,1642,1.6420000000000001,ps
1643,1643,1643,1643,1.643,ps
1644,1644,1644,1644,1.6440000000000001,ps
1645,1645,1645,1645,1.645,ps
1646,1646,1646,1646,1.6460000000000001,ps
1647,1647,1647,1647,1.647,ps
1648,1648,1648,1648,1.6480000000000001,ps
1649,1649,1649,1649,1.649,ps
1650,1650,1650,1650,1.6500000000000001,ps
1651,1651,1651,1651,1.651,ps
1652,1652,1652,1652,1.6520000000000001,ps
1653,1653,1653,1653,1.653,ps
1654,1654,1654,1654,1.6540000000000001,ps
1655,1655,1655,1655,1.655,ps
1656,1656,1656,1656,1.6560000000000001,ps
1657,1657,1657,1657,1.657,ps
1658,1658,1658,1658,1.6580000000000001,ps
1659,1659,1659,1659,1.659,ps
1660,1660,1660,1660,1.6600000000000001,ps
1661,1661,1661,1661,1.661,ps
1662,1662,1662,1662,1.6620000000000001,ps
1663,1663,1663,1663,1.663,ps
1664,1664,1664,1664,1.6640000000000001,ps
1665,1665,1665,1665,1.665,ps
1666,1666,1666,1666,1.666,ps
1667,1667,1667,1667,1.667,ps
1668,1668,1668,1668,1.668,ps
1669,1669,1669,1669,1.669,ps
1670,1670,1670,1670,1.67,ps
1671,1671,1671,1671,1.671,ps
1672,1672,1672,1672,1.672,ps
1673,1673,1673,1673,1.673,ps
1674,1674,1674,1674,1.674,ps
1675,1675,1675,1675,1.675,ps
1676,1676,1676,1676,1.676,ps
1677,1677,1677,1677,1.677,ps
1678,1678,1678,1678,1.678,ps
1679,1679,1679,1679,1.679,ps
1680,1680,1680,1680,1.68,ps
1681,1681,1681,1681,1.681,ps
1682,1682,1682,1682,1.682,ps
1683,1683,1683,1683,1.683,ps
1684,1684,1684,1684,1.684,ps
1685,1685,1685,1685,1.685,ps
1686,1686,1686,1686,1.686,ps
1687,1687,1687,1687,1.687,ps
1688,1688,1688,1688,1.688,ps
1689,1689,1689,1689,1.689,ps
1690,1690,1690,1690,1.69,ps
1691,1691,1691,1691,1.691,ps
1692,1692,1692,1692,1.692,ps
1693,1693,1693,1693,1.693,ps
1694,1694,1694,1694,1.694,ps
1695,1695,1695,1695,1.695,ps
1696,1696,1696,1696,1.696,ps
1697,1697,1697,1697,1.697,ps
1698,1698,1698,1698,1.698,ps
1699,1699,1699,1699,1.699,ps
1700,1700,1700,1700,1.7,ps
1701,1701,1701,1701,1.701,ps
1702,1702,1702,1702,1.702,ps
1703,1703,1703,1703,1.703,ps
1704,1704,1704,1704,1.704,ps
1705,1705,1705,1705,1.705,ps
1706,1706,1706,1706,1.706,ps
1707,1707,1707,1707,1.707,ps
1708,1708,1708,1708,1.708,ps
1709,1709,1709,1709,1.709,ps
1710,1710,1710,1710,1.71,ps
1711,1711,1711,1711,1.711,ps
1712,1712,1712,1712,1.712,ps
1713,1713,1713,1713,1.713,ps
1714,1714,1714,1714,1.714,ps
1715,1715,1715,1715,1.715,ps
1716,1716,1716,1716,1.716,ps
1717,1717,1717,1717,1.717,ps
1718,1718,1718,1718,1.718,ps
1719,1719,1719,1719,1.719,ps
1720,1720,1720,1720,1.72,ps
1721,1721,1721,1721,1.721,ps
1722,1722,1722,1722,1.722,ps
1723,1723,1723,1723,1.723,ps
1724,1724,1724,1724,1.724,ps
1725,1725,1725,1725,1.725,ps
1726,1726,1726,1726,1.726,ps
1727,1727,1727,1727,1.727,ps
1728,1728,1728,1728,1.728,ps
1729,1729,1729,1729,1.729,ps
1730,1730,1730,1730,1.73,ps
1731,1731,1731,1731,1.731,ps
1732,1732,1732,1732,1.732,ps
1733,1733,1733,1733,1.733,ps
1734,1734,1734,1734,1.734,ps
1735,1735,1735,1735,1.735,ps
1736,1736,1736,1736,1.736,ps
1737,1737,1737,1737,1.737,ps
1738,1738,1738,1738,1.738,ps
1739,1739,1739,1739,1.739,ps
1740,1740,1740,1740,1.74,ps
1741,1741,1741,1741,1.741,ps
1742,1742,1742,1742,1.742,ps
1743,1743,1743,1743,1.743,ps
1744,1744,1744,1744,1.744,ps
1745,1745,1745,1745,1.745,ps
1746,1746,1746,1746,1.746,ps
1747,1747,1747,1747,1.747,ps
1748,1748,1748,1748,1.748,ps
1749,1749,1749,1749,1.749,ps
1750,1750,1750,1750,1.75,ps
1751,1751,1751,1751,1.7510000000000001,ps
1752,1752,1752,1752,1.752,ps
1753,1753,1753,1753,1.7530000000000001,ps
1754,1754,1754,1754,1.754,ps
1755,1755,1755,1755,1.7550000000000001,ps
1756,1756,1756,1756,1.756,ps
1757,1757,1757,1757,1.7570000000000001,ps
1758,1758,1758,1758,1.758,ps
1759,1759,1759,1759,1.7590000000000001,ps
1760,1760,1760,1760,1.76,ps
1761,1761,1761,1761,1.7610000000000001,ps
1762,1762,1762,1762,1.762,ps
1763,1763,1763,1763,1.7630000000000001,ps
1764,1764,1764,1764,1.764,ps
1765,1765,1765,1765,1.7650000000000001,ps
1766,1766,1766,1766,1.766,ps
1767,1767,1767,1767,1.7670000000000001,ps
1768,1768,1768,1768,1.768,ps
1769,1769,1769,1769,1.7690000000000001,ps
1770,1770,1770,1770,1.77,ps
1771,1771,1771,1771,1.7710000000000001,ps
1772,1772,1772,1772,1.772,ps
1773,1773,1773,1773,1.7730000000000001,ps
1774,1774,1774,1774,1.774,ps
1775,1775,1775,1775,1.7750000000000001,ps
1776,1776,1776,1776,1.776,ps
1777,1777,1777,1777,1.7770000000000001,ps
1778,1778,1778,1778,1.778,ps
1779,1779,1779,1779,1.7790000000000001,ps
1780,1780,1780,1780,1.78,ps
1781,1781,1781,1781,1.7810000000000001,ps
1782,1782,1782,1782,1.782,ps
1783,1783,1783,1783,1.7830000000000001,ps
1784,1784,1784,1784,1.784,ps
1785,1785,1785,1785,1.7850000000000001,ps
1786,1786,1786,1786,1.786,ps
1787,1787,1787,1787,1.7870000000000001,ps
1788,1788,1788,1788,1.788,ps
1789,1789,1789,1789,1.7890000000000001,ps
1790,1790,1790,1790,1.79,ps
1791,1791,1791,1791,1.7910000000000001,ps
1792,1792,1792,1792,1.792,ps
1793,1793,1793,1793,1.793,ps
1794,1794,1794,1794,1.794,ps
1795,1795,1795,1795,1.795,ps
1796,1796,1796,1796,1.796,ps
1797,1797,1797,1797,1.797,ps
1798,1798,1798,1798,1.798,ps
1799,1799,1799,1799,1.799,ps
1800,1800,1800,1800,1.8,ps
1801,1801,1801,1801,1.801,ps
1802,1802,1802,1802,1.802,ps
1803,1803,1803,1803,1.803,ps
1804,1804,1804,1804,1.804,ps
1805,1805,1805,1805,1.805,ps
1806,1806,1806,1806,1.806,ps
1807,1807,1807,1807,1.807,ps
1808,1808,1808,1808,1.808,ps
1809,1809,1809,1809,1.809,ps
1810,1810,1810,1810,1.81,ps
1811,1811,1811,1811,1.811,ps
1812,1812,1812,1812,1.812,ps
1813,1813,1813,1813,1.813,ps
1814,1814,1814,1814,1.814,ps
1815,1815,1815,1815,1.815,ps
1816,1816,1816,1816,1.816,ps
1817,1817,1817,1817,1.817,ps
1818,1818,1818,1818,1.818,ps
1819,1819,1819,1819,1.819,ps
1820,1820,1820,1820,1.82,ps
1821,1821,1821,1821,1.821,ps
1822,1822,1822,1822,1.822,ps
1823,1823,1823,1823,1.823,ps
1824,1824,1824,1824,1.824,ps
1825,1825,1825,1825,1.825,ps
1826,1826,1826,1826,1.826,ps
1827,1827,1827,1827,1.827,ps
1828,1828,1828,1828,1.828,ps
1829,1829,1829,1829,1.829,ps
1830,1830,1830,1830,1.83,ps
1831,1831,1831,1831,1.831,ps
1832,1832,1832,1832,1.832,ps
1833,1833,1833,1833,1.833,ps
1834,1834,1834,1834,1.834,ps
1835,1835,1835,1835,1.835,ps
1836,1836,1836,1836,1.836,ps
1837,1837,1837,1837,1.837,ps
1838,1838,1838,1838,1.838,ps
1839,1839,1839,1839,1.839,ps
1840,1840,1840,1840,1.84,ps
1841,1841,1841,1841,1.841,ps
1842,1842,1842,1842,1.842,ps
1843,1843,1843,1843,1.843,ps
1844,1844,1844,1844,1.844,ps
1845,1845,1845,1845,1.845,ps
1846,1846,1846,1846,1.846,ps
1847,1847,1847,1847,1.847,ps
1848,1848,1848,1848,1.848,ps
1849,1849,1849,1849,1.849,ps
1850,1850,1850,1850,1.85,ps
1851,1851,1851,1851,1.851,ps
1852,1852,1852,1852,1.852,ps
1853,1853,1853,1853,1.853,ps
1854,1854,1854,1854,1.854,ps
1855,1855,1855,1855,1.855,ps
1856,1856,1856,1856,1.856,ps
1857,1857,1857,1857,1.857,ps
1858,1858,1858,1858,1.858,ps
1859,1859,1859,1859,1.859,ps
1860,1860,1860,1860,1.86,ps
1861,1861,1861,1861,1.861,ps
1862,1862,1862,1862,1.862,ps
1863,1863,1863,1863,1.863,ps
1864,1864,1864,1864,1.864,ps
1865,1865,1865,1865,1.865,ps
1866,1866,1866,1866,1.866,ps
1867,1867,1867,1867,1.867,ps
1868,1868,1868,1868,1.868,ps
1869,1869,1869,1869,1.869,ps
1870,1870,1870,1870,1.87,ps
1871,1871,1871,1871,1.871,ps
1872,1872,1872,1872,1.872,ps
1873,1873,1873,1873,1.873,ps
1874,1874,1874,1874,1.874,ps
1875,1875,1875,1875,1.875,ps
1876,1876,1876,1876,1.8760000000000001,ps
1877,1877,1877,1877,1.877,ps
1878,1878,1878,1878,1.8780000000000001,ps
1879,1879,1879,1879,1.879,ps
1880,1880,1880,1880,1.8800000000000001,ps
1881,1881,1881,1881,1.881,ps
1882,1882,1882,1882,1.8820000000000001,ps
1883,1883,1883,1883,1.883,ps
1884,1884,1884,1884,1.8840000000000001,ps
1885,1885,1885,1885,1.885,ps
1886,1886,1886,1886,1.8860000000000001,ps
1887,1887,1887,1887,1.887,ps
1888,1888,1888,1888,1.8880000000000001,ps
1889,1889,1889,1889,1.889,ps
1890,1890,1890,1890,1.8900000000000001,ps
1891,1891,1891,1891,1.891,ps
1892,1892,1892,1892,1.8920000000000001,ps
1893,1893,1893,1893,1.893,ps
1894,1894,1894,1894,1.8940000000000001,ps
1895,1895,1895,1895,1.895,ps
1896,1896,1896,1896,1.8960000000000001,ps
1897,1897,1897,1897,1.897,ps
1898,1898,1898,1898,1.8980000000000001,ps
1899,1899,1899,1899,1.899,ps
1900,1900,1900,1900,1.9000000000000001,ps
1901,1901,1901,1901,1.901,ps
1902,1902,1902,1902,1.9020000000000001,ps
1903,1903,1903,1903,1.903,ps
1904,1904,1904,1904,1.9040000000000001,ps
1905,1905,1905,1905,1.905,ps
1906,1906,1906,1906,1.9060000000000001,ps
1907,1907,1907,1907,1.907,ps
1908,1908,1908,1908,1.9080000000000001,ps
1909,1909,1909,1909,1.909,ps
1910,1910,1910,1910,1.9100000000000001,ps
1911,1911,1911,1911,1.911,ps
1912,1912,1912,1912,1.9120000000000001,ps
1913,1913,1913,1913,1.913,ps
1914,1914,1914,1914,1.9140000000000001,ps
1915,1915,1915,1915,1.915,ps
1916,1916,1916,1916,1.9160000000000001,ps
1917,1917,1917,1917,1.917,ps
1918,1918,1918,1918,1.9180000000000001,ps
1919,1919,1919,1919,1.919,ps
1920,1920,1920,1920,1.92,ps
1921,1921,1921,1921,1.921,ps
1922,1922,1922,1922,1.922,ps
1923,1923,1923,1923,1.923,ps
1924,1924,1924,1924,1.924,ps
1925,1925,1925,1925,1.925,ps
1926,1926,1926,1926,1.926,ps
1927,1927,1927,1927,1.927,ps
1928,1928,1928,1928,1.928,ps
1929,1929,1929,1929,1.929,ps
1930,1930,1930,1930,1.93,ps
1931,1931,1931,1931,1.931,ps
1932,1932,1932,1932,1.932,ps
1933,1933,1933,1933,1.933,ps
1934,1934,1934,1934,1.934,ps
1935,1935,1935,1935,1.935,ps
1936,1936,1936,1936,1.936,ps
1937,1937,1937,1937,1.937,ps
1938,1938,1938,1938,1.938,ps
1939,1939,1939,1939,1.939,ps
1940,1940,1940,1940,1.94,ps
1941,1941,1941,1941,1.941,ps
1942,1942,1942,1942,1.942,ps
1943,1943,1943,1943,1.943,ps
1944,1944,1944,1944,1.944,ps
1945,1945,1945,1945,1.945,ps
1946,1946,1946,1946,1.946,ps
1947,1947,1947,1947,1.947,ps
1948,1948,1948,1948,1.948,ps
1949,1949,1949,1949,1.949,ps
1950,1950,1950,1950,1.95,ps
1951,1951,1951,1951,1.951,ps
1952,1952,1952,1952,1.952,ps
1953,1953,1953,1953,1.953,ps
1954,1954,1954,1954,1.954,ps
1955,1955,1955,1955,1.955,ps
1956,1956,1956,1956,1.956,ps
1957,1957,1957,1957,1.957,ps
1958,1958,1958,1958,1.958,ps
1959,1959,1959,1959,1.959,ps
1960,1960,1960,1960,1.96,ps
1961,1961,1961,1961,1.961,ps
1962,1962,1962,1962,1.962,ps
1963,1963,1963,1963,1.963,ps
1964,1964,1964,1964,1.964,ps
1965,1965,1965,1965,1.965,ps
1966,1966,1966,1966,1.966,ps
1967,1967,1967,1967,1.967,ps
1968,1968,1968,1968,1.968,ps
1969,1969,1969,1969,1.969,ps
1970,1970,1970,1970,1.97,ps
1971,1971,1971,1971,1.971,ps
1972,1972,1972,1972,1.972,ps
1973,1973,1973,1973,1.973,ps
1974,1974,1974,1974,1.974,ps
1975,1975,1975,1975,1.975,ps
1976,1976,1976,1976,1.976,ps
1977,1977,1977,1977,1.977,ps
1978,1978,1978,1978,1.978,ps
1979,1979,1979,1979,1.979,ps
1980,1980,1980,1980,1.98,ps
1981,1981,1981,1981,1.981,ps
1982,1982,1982,1982,1.982,ps
1983,1983,1983,1983,1.983,ps
1984,1984,1984,1984,1.984,ps
1985,1985,1985,1985,1.985,ps
1986,1986,1986,1986,1.986,ps
1987,1987,1987,1987,1.987,ps
1988,1988,1988,1988,1.988,ps
1989,1989,1989,1989,1.989,ps
1990,1990,1990,1990,1.99,ps
1991,1991,1991,1991,1.991,ps
1992,1992,1992,1992,1.992,ps
1993,1993,1993,1993,1.993,ps
1994,1994,1994,1994,1.994,ps
1995,1995,1995,1995,1.995,ps
1996,1996,1996,1996,1.996,ps
1997,1997,1997,1997,1.997,ps
1998,1998,1998,1998,1.998,ps
1999,1999,1999,1999,1.999,ps
