species_pair,atom_i,atom_j,frame_count,probability
O-Na,48,165,2000,1.0
O-Na,50,162,1180,0.59
O-Na,51,164,2000,1.0
O-Na,53,167,2000,1.0
O-Na,54,145,2000,1.0
O-Na,55,167,1288,0.644
O-Na,56,166,15,0.0075
O-Na,57,144,2000,1.0
O-Na,59,164,1790,0.895
O-Na,61,165,2000,1.0
O-Na,62,166,1668,0.834
O-Na,63,167,783,0.3915
O-Na,64,163,2000,1.0
O-Na,65,144,2000,1.0
O-Na,66,162,2000,1.0
O-Na,68,163,1819,0.9095
O-Na,69,145,2000,1.0
O-Na,69,162,782,0.391
O-Na,70,166,2000,1.0
O-Na,72,146,351,0.1755
O-Na,72,150,2000,1.0
O-Na,72,165,490,0.245
O-Na,73,149,2000,1.0
O-Na,73,152,1285,0.6425
O-Na,73,163,376,0.188
O-Na,74,149,2000,1.0
O-Na,74,151,1099,0.5495
O-Na,74,162,1500,0.75
O-Na,75,149,1232,0.616
O-Na,75,153,1474,0.737
O-Na,75,164,767,0.3835
O-Na,76,157,2000,1.0
O-Na,76,161,2000,1.0
O-Na,77,157,1097,0.5485
O-Na,77,160,1282,0.641
O-Na,77,167,2000,1.0
O-Na,78,157,2000,1.0
O-Na,79,151,1953,0.9765
O-Na,79,154,2000,1.0
O-Na,79,167,1242,0.621
O-Na,80,152,2000,1.0
O-Na,80,156,1208,0.604
O-Na,81,153,1140,0.57
O-Na,81,155,2000,1.0
O-Na,82,148,1494,0.747
O-Na,82,160,2000,1.0
O-Na,82,162,136,0.068
O-Na,83,147,2000,1.0
O-Na,83,161,1410,0.705
O-Na,83,164,2000,1.0
O-Na,84,146,2000,1.0
O-Na,84,159,2000,1.0
O-Na,85,152,2000,1.0
O-Na,85,154,2000,1.0
O-Na,85,165,2000,1.0
O-Na,86,151,2000,1.0
O-Na,86,155,1552,0.776
O-Na,86,166,2000,1.0
O-Na,87,153,2000,1.0
O-Na,87,156,2000,1.0
O-Na,88,148,1960,0.98
O-Na,88,161,2000,1.0
O-Na,88,163,2000,1.0
O-Na,89,146,2000,1.0
O-Na,89,160,1593,0.7965
O-Na,90,147,2000,1.0
O-Na,90,159,2000,1.0
O-Na,90,162,864,0.432
O-Na,91,154,1049,0.5245
O-Na,91,158,2000,1.0
O-Na,92,155,2000,1.0
O-Na,92,158,943,0.4715
O-Na,92,163,828,0.414
O-Na,93,156,2000,1.0
O-Na,93,158,1394,0.697
O-Na,94,148,1744,0.872
O-Na,94,150,204,0.102
O-Na,94,166,1334,0.667
O-Na,95,147,1421,0.7105
O-Na,95,150,2000,1.0
O-Na,96,146,2000,1.0
O-Na,97,152,2000,1.0
O-Na,98,151,2000,1.0
O-Na,99,153,2000,1.0
O-Na,100,161,2000,1.0
O-Na,101,160,2000,1.0
O-Na,102,145,2000,1.0
O-Na,102,159,2000,1.0
O-Na,103,149,2000,1.0
O-Na,104,149,2000,1.0
O-Na,105,149,2000,1.0
O-Na,106,157,2000,1.0
O-Na,107,157,2000,1.0
O-Na,108,157,2000,1.0
O-Na,109,151,2000,1.0
O-Na,110,152,2000,1.0
O-Na,111,144,2000,1.0
O-Na,111,153,2000,1.0
O-Na,112,160,2000,1.0
O-Na,113,161,2000,1.0
O-Na,114,159,2000,1.0
O-Na,115,152,2000,1.0
O-Na,116,151,2000,1.0
O-Na,117,153,2000,1.0
O-Na,118,161,2000,1.0
O-Na,119,160,2000,1.0
O-Na,120,159,2000,1.0
O-Na,121,154,2000,1.0
O-Na,122,155,2000,1.0
O-Na,123,145,2000,1.0
O-Na,123,156,2000,1.0
O-Na,124,158,2000,1.0
O-Na,125,158,2000,1.0
O-Na,126,158,2000,1.0
O-Na,127,150,2000,1.0
O-Na,128,150,2000,1.0
O-Na,129,150,2000,1.0
O-Na,130,148,2000,1.0
O-Na,131,147,2000,1.0
O-Na,132,154,2000,1.0
O-Na,133,156,2000,1.0
O-Na,134,155,2000,1.0
O-Na,135,148,2000,1.0
O-Na,136,147,2000,1.0
O-Na,137,144,2000,1.0
O-Na,137,146,2000,1.0
O-Na,138,154,2000,1.0
O-Na,139,155,2000,1.0
O-Na,140,156,2000,1.0
O-Na,141,148,2000,1.0
O-Na,142,146,2000,1.0
O-Na,143,147,2000,1.0
O-Al,24,57,2000,1.0
O-Al,24,72,2000,1.0
O-Al,24,127,2000,1.0
O-Al,24,137,2000,1.0
O-Al,25,64,2000,1.0
O-Al,25,73,2000,1.0
O-Al,25,103,2000,1.0
O-Al,25,110,2000,1.0
O-Al,26,66,2000,1.0
O-Al,26,74,2000,1.0
O-Al,26,105,2000,1.0
O-Al,26,109,2000,1.0
O-Al,27,65,2000,1.0
O-Al,27,75,2000,1.0
O-Al,27,104,2000,1.0
O-Al,27,111,2000,1.0
O-Al,28,61,2000,1.0
O-Al,28,76,2000,1.0
O-Al,28,106,2000,1.0
O-Al,28,113,2000,1.0
O-Al,29,63,2000,1.0
O-Al,29,77,2000,1.0
O-Al,29,108,2000,1.0
O-Al,29,112,2000,1.0
O-Al,30,62,2000,1.0
O-Al,30,78,2000,1.0
O-Al,30,107,2000,1.0
O-Al,30,114,2000,1.0
O-Al,31,53,2000,1.0
O-Al,31,79,2000,1.0
O-Al,31,116,2000,1.0
O-Al,31,121,2000,1.0
O-Al,32,54,2000,1.0
O-Al,32,80,2000,1.0
O-Al,32,115,2000,1.0
O-Al,32,123,2000,1.0
O-Al,33,52,2000,1.0
O-Al,33,81,2000,1.0
O-Al,33,117,2000,1.0
O-Al,33,122,2000,1.0
O-Al,34,50,2000,1.0
O-Al,34,82,2000,1.0
O-Al,34,119,2000,1.0
O-Al,34,130,2000,1.0
O-Al,35,51,2000,1.0
O-Al,35,83,2000,1.0
O-Al,35,118,2000,1.0
O-Al,35,131,2000,1.0
O-Al,36,49,2000,1.0
O-Al,36,84,2000,1.0
O-Al,36,96,2000,1.0
O-Al,36,120,2000,1.0
O-Al,37,48,2000,1.0
O-Al,37,85,2000,1.0
O-Al,37,97,2000,1.0
O-Al,37,138,2000,1.0
O-Al,38,70,2000,1.0
O-Al,38,86,2000,1.0
O-Al,38,98,2000,1.0
O-Al,38,139,2000,1.0
O-Al,39,71,2000,1.0
O-Al,39,87,2000,1.0
O-Al,39,99,2000,1.0
O-Al,39,140,2000,1.0
O-Al,40,68,2000,1.0
O-Al,40,88,2000,1.0
O-Al,40,100,2000,1.0
O-Al,40,141,2000,1.0
O-Al,41,67,2000,1.0
O-Al,41,89,2000,1.0
O-Al,41,101,2000,1.0
O-Al,41,142,2000,1.0
O-Al,42,69,2000,1.0
O-Al,42,90,2000,1.0
O-Al,42,102,2000,1.0
O-Al,42,143,2000,1.0
O-Al,43,59,2000,1.0
O-Al,43,91,2000,1.0
O-Al,43,125,2000,1.0
O-Al,43,132,2000,1.0
O-Al,44,60,2000,1.0
O-Al,44,92,2000,1.0
O-Al,44,124,2000,1.0
O-Al,44,134,2000,1.0
O-Al,45,58,2000,1.0
O-Al,45,93,2000,1.0
O-Al,45,126,2000,1.0
O-Al,45,133,2000,1.0
O-Al,46,56,2000,1.0
O-Al,46,94,2000,1.0
O-Al,46,128,2000,1.0
O-Al,46,135,2000,1.0
O-Al,47,55,2000,1.0
O-Al,47,95,2000,1.0
O-Al,47,129,2000,1.0
O-Al,47,136,2000,1.0
O-Si,0,48,2000,1.0
O-Si,0,72,2000,1.0
O-Si,0,96,2000,1.0
O-Si,0,129,2000,1.0
O-Si,1,49,2000,1.0
O-Si,1,73,2000,1.0
O-Si,1,97,2000,1.0
O-Si,1,105,2000,1.0
O-Si,2,50,2000,1.0
O-Si,2,74,2000,1.0
O-Si,2,98,2000,1.0
O-Si,2,104,2000,1.0
O-Si,3,51,2000,1.0
O-Si,3,75,2000,1.0
O-Si,3,99,2000,1.0
O-Si,3,103,2000,1.0
O-Si,4,52,2000,1.0
O-Si,4,76,2000,1.0
O-Si,4,100,2000,1.0
O-Si,4,108,2000,1.0
O-Si,5,53,2000,1.0
O-Si,5,77,2000,1.0
O-Si,5,101,2000,1.0
O-Si,5,107,2000,1.0
O-Si,6,54,2000,1.0
O-Si,6,78,2000,1.0
O-Si,6,102,2000,1.0
O-Si,6,106,2000,1.0
O-Si,7,55,2000,1.0
O-Si,7,79,2000,1.0
O-Si,7,109,2000,1.0
O-Si,7,138,2000,1.0
O-Si,8,56,2000,1.0
O-Si,8,80,2000,1.0
O-Si,8,110,2000,1.0
O-Si,8,140,2000,1.0
O-Si,9,57,2000,1.0
O-Si,9,81,2000,1.0
O-Si,9,111,2000,1.0
O-Si,9,139,2000,1.0
O-Si,10,58,2000,1.0
O-Si,10,82,2000,1.0
O-Si,10,112,2000,1.0
O-Si,10,141,2000,1.0
O-Si,11,59,2000,1.0
O-Si,11,83,2000,1.0
O-Si,11,113,2000,1.0
O-Si,11,143,2000,1.0
O-Si,12,60,2000,1.0
O-Si,12,84,2000,1.0
O-Si,12,114,2000,1.0
O-Si,12,142,2000,1.0
O-Si,13,61,2000,1.0
O-Si,13,85,2000,1.0
O-Si,13,115,2000,1.0
O-Si,13,132,2000,1.0
O-Si,14,62,2000,1.0
O-Si,14,86,2000,1.0
O-Si,14,116,2000,1.0
O-Si,14,134,2000,1.0
O-Si,15,63,2000,1.0
O-Si,15,87,2000,1.0
O-Si,15,117,2000,1.0
O-Si,15,133,2000,1.0
O-Si,16,64,2000,1.0
O-Si,16,88,2000,1.0
O-Si,16,118,2000,1.0
O-Si,16,135,2000,1.0
O-Si,17,65,2000,1.0
O-Si,17,89,2000,1.0
O-Si,17,119,2000,1.0
O-Si,17,137,2000,1.0
O-Si,18,66,2000,1.0
O-Si,18,90,2000,1.0
O-Si,18,120,2000,1.0
O-Si,18,136,2000,1.0
O-Si,19,67,2000,1.0
O-Si,19,91,2000,1.0
O-Si,19,121,2000,1.0
O-Si,19,124,2000,1.0
O-Si,20,68,2000,1.0
O-Si,20,92,2000,1.0
O-Si,20,122,2000,1.0
O-Si,20,126,2000,1.0
O-Si,21,69,2000,1.0
O-Si,21,93,2000,1.0
O-Si,21,123,2000,1.0
O-Si,21,125,2000,1.0
O-Si,22,70,2000,1.0
O-Si,22,94,2000,1.0
O-Si,22,127,2000,1.0
O-Si,22,130,2000,1.0
O-Si,23,71,2000,1.0
O-Si,23,95,2000,1.0
O-Si,23,128,2000,1.0
O-Si,23,131,2000,1.0
