ring_id,ring_size,generator_kinds,generator_anchor_count,digest
0,6,even_shortest_path_pair,6,1ff08deac7bcbe2b35afaa3d7a5d853f67892942d9f505d432f6077076112510
1,8,even_shortest_path_pair,8,2f524b0306813a3d779736f9c524446ffd0b50a99d73cbd40d8c462e58d14f0e
2,6,even_shortest_path_pair,6,863a452fe96f088328774f06ecdf95842df19bab29e5345b3edf9629809d43cf
3,4,even_shortest_path_pair,4,c2ae1e6f6e3caab28887deda2843422f11fd86c84f4e8f5adf939a962bdcd9e7
4,6,even_shortest_path_pair,6,b6a378a9fe2eadbb846fd2cd4b024ee7fb720b6c8ba62767df366c3c6cc9acb7
5,6,even_shortest_path_pair,6,5fb3b7984e19df92b9b23e2931e0de6e246c33bd5a63cd54eb23e32534d598b1
6,4,even_shortest_path_pair,4,de70185f44c196e17e01c94590e530817f962381b273f5f4afd9efca6c65d584
7,4,even_shortest_path_pair,4,f254d43c9efd9d4af392199766e7d5f8e995241bd1b86f3232c54f97cb002e37
8,6,even_shortest_path_pair,6,49f10b895ebb94cf1b045830ed176ae07bbb25eeb956f7f46d13b2f267d0d61d
9,6,even_shortest_path_pair,6,474816790c879bf1fda781f1c298774907a027b4fb75d913c6f3df759628ee0a
10,8,even_shortest_path_pair,8,3f27467c7a50fd8ae9d68aee3f93a77287d4ef4ab8bf9f37dd18f79dd7ab6064
11,6,even_shortest_path_pair,6,0305e846105426a86f9d9070de0ca7763f77ace9e84a086deceeec8ba9abc291
12,4,even_shortest_path_pair,4,3001236b5ce146044e5d146b50867477c087bf8c1541a1dec6e1648baae425b0
13,4,even_shortest_path_pair,4,8e5800f372c097ddbf8fa3083077a8cba048eaf8a62a73ceeb8d240a0ddb3ee3
14,6,even_shortest_path_pair,6,30ec65111d8f7b6dd3340e06ec26faf589b725932abf445a8a73a399ba6ce001
15,8,even_shortest_path_pair,8,96bd652eaf7bff45d68513c0f802e3921dfab8e23c2a84fe9668e1a1a28b7ed0
16,6,even_shortest_path_pair,6,f6288cb95799664a23921aa7dd00a5fa4bdc5c1de6aa104da417cc8bc386acf6
17,4,even_shortest_path_pair,4,c10da06c2cda747ed178c242186093e663fc34d79b69edd7a0ad11f3507672cd
18,6,even_shortest_path_pair,6,ebec2c6001c0ab7c2fdb92f852aef7c3b11631e42fe42801c3377806eeeec210
19,4,even_shortest_path_pair,4,f864fc601d07344657b76297bf64941a84319b6d9830fd0a8d71643e36f2e52c
20,6,even_shortest_path_pair,6,78e71d11db77330dc0bce9ad6d024009254e56e36b644e9cae32fd17c73fd379
21,6,even_shortest_path_pair,6,df3c5916f84b59c9155db4683e0cba3eb9a623ce43d1b0265bd2a32682051b06
22,4,even_shortest_path_pair,4,0db5e62372c062bae3e6a52fe86197cf0ac43ae7acce5bcc4447f3b38c6db7ae
23,4,even_shortest_path_pair,4,1c94ef56ac5cb3cc2d4306ec0b04a6d8680885f0ae8b5a89ff44d4edeb6c5f5d
24,6,even_shortest_path_pair,6,131a5d2e2219f28e6a6dbd0690a05ef7102c40f3e04ac650905c2e51c1e005bd
25,4,even_shortest_path_pair,4,84b3ce19504528bef8f0203d20612f771f87df2e4e4f5afb353e7792463ca6d7
26,6,even_shortest_path_pair,6,94fede0f12c9fe58712062e2718340a2d0ec0f2a583aa265a93cb22eea2a56c3
27,8,even_shortest_path_pair,8,40342e7349c23ecf0d686338c5cb028e4078b310077129688d0c5a5047d64ee3
28,6,even_shortest_path_pair,6,336c909b99e4e143692588047cc8862177b216347a3e24f470a0cd446b973f64
29,6,even_shortest_path_pair,6,65ed54a3777cd086f15e07ccc0a33f01133c81193d2a04aaaf25ba3ac505e8c0
30,4,even_shortest_path_pair,4,3fac4f50a54dc4fc802ebeb412d1957780ec904633247938e5005a3812880d17
31,6,even_shortest_path_pair,6,a3058f32515049c03264a0ea026684997a9637df8ce833aaace7acccfc58f0f5
32,6,even_shortest_path_pair,6,01e67727a9a24f3d262e615ef8b85c86e46534f2e627178ea28f9045d97ece1c
33,4,even_shortest_path_pair,4,0a14d55029a6e3bc72bb897a08f0d9d4e92084e84f108fb379946eaaebededf9
34,6,even_shortest_path_pair,6,ba7b2d3deac7e07ec9170d420db5ff5ffa3cd6f29851c58cae04964fd801a642
35,4,even_shortest_path_pair,4,db3221aca7512c5d7200782cdf97fef2becc2ecfad5fdadebd42c249690d1acd
36,6,even_shortest_path_pair,6,204d5a0c25255b8c08bfe4c51353996f7d68e459a08d03db5902bd9ce512337d
37,6,even_shortest_path_pair,6,0c7e5c8869e26bdaa4bc3a5fb8eb7a5d6cecb8fa9c07a7b72aa47ea99be27618
38,4,even_shortest_path_pair,4,5e9926fe2b9df069defc86bc9c39829af1c04a801e538e50547ad9aa06ee82c4
39,8,even_shortest_path_pair,8,a3243b8db8799c9826b86961b505ed219815ae013dd269a255a6978280f4275d
40,6,even_shortest_path_pair,6,222026ef140225edcf28ff62a0ea052e7949742b146870800973c5d769a70955
41,4,even_shortest_path_pair,4,1ab32cd2865dd10673947f7f8b9a951d922bf02fead2aae010bbd0716feac51f
42,6,even_shortest_path_pair,6,a536a607ee837e1dd5d5ed1d0f404d1dd31a175afa55d262332a48a09260afca
43,4,even_shortest_path_pair,4,7414e8bc5f38138b264a10fa028438489fd674cc316314cddd67202270317845
44,6,even_shortest_path_pair,6,d9a67e0bd3166725c6a3dc99a04817fa7e6ff7be2025571d1669f2338ce2fa21
45,6,even_shortest_path_pair,6,09019cc7ffc6f8148da9353f50b5ef04c063708883641f61ebb39d5ea5bd002e
46,4,even_shortest_path_pair,4,2abd85e09835129dabdee1aa4549f6838581fd4691ebe296d4f31fd234af6fef
47,4,even_shortest_path_pair,4,26b48fcf6b9342dad9093d4c91baf52e49d054a5bcd2b89451207b36159bd4f4
48,6,even_shortest_path_pair,6,8d769a3913e67d1535c40168f2ef3b6fbf431d2d508c3078605352fa7f6d4832
49,4,even_shortest_path_pair,4,7186cddc9dc2c12bc5bf84b68a3e23c93fd56d4e8b028ff479ef92b3e914d6c1
50,6,even_shortest_path_pair,6,96f113204686566326b8c433c4fb7cd34991a7363c5993d590fcec02c8c8d230
51,8,even_shortest_path_pair,8,3ceda68a477da90227aaa183863103d7529ced84f440bdcc98d2d5c1999c9558
52,6,even_shortest_path_pair,6,7c8615924fc0970047ecfa7cbf36922b5c2e0f8eb09c32637b552ba843c6302c
53,6,even_shortest_path_pair,6,0c56138b43c6061e156c37d12efc10f5d765b05c20eda84e4e099352f22ba469
54,4,even_shortest_path_pair,4,84284d4fcb44672a8903a2c6dce52aea239d3051bf515c56ee760b96eb4626c7
55,4,even_shortest_path_pair,4,aef7143c23dcf598eb107344bd995910a8bd2108778968519e71dd89c8163c39
56,6,even_shortest_path_pair,6,2832f9a8f5db2353bdd027cfa96b5ba8ece7b0315eeb85814af5ae0b8e71cb68
57,6,even_shortest_path_pair,6,b787b640bd74b3ed1414dce97c645eb9268c94b0ca1c15e8ecfc693523301eda
58,4,even_shortest_path_pair,4,474831e772bbfd862449d16d8c8b5ee96c36197ece274c4d69bc787fac404693
59,6,even_shortest_path_pair,6,43b23ce2db6a5d2d4cf6ef253439ddad04947f5a3e094424902393a9962079da
60,4,even_shortest_path_pair,4,188ec991a7ad45da9bbe948eeac6285a63b6987e388288b09ff5a60c6f564ed5
61,4,even_shortest_path_pair,4,61c868390d61a49c89691d8431bd859924779b7a90560f2672ec8f3d94d85425
62,4,even_shortest_path_pair,4,be9980fcaeeae0f9b758be0ced86b056ec14a56202b8f74f08b8d988e0c12fc2
63,6,even_shortest_path_pair,6,192a5ea9182fa0e93d5175891f850c00799f004cf93801a89aa6aba892ce7c35
64,6,even_shortest_path_pair,6,a455692063bfe6d1bbae6c018c6fd9fca5e9bcaef43e940f0261a4dcf5bc8ae7
65,6,even_shortest_path_pair,6,31677a16f36de8bf0577ccf84552fa49430de9554adcd85644d777a42af1be11
66,4,even_shortest_path_pair,4,79da230e8640f86d592cb824a5ba25c9e9be680513818cf78cac8473f31e1ce0
67,6,even_shortest_path_pair,6,64e5293e143fb270066daab59d40b600a2b5bb8a89bbd754d76d5533159929cb
68,4,even_shortest_path_pair,4,f5b444a8519b97fb5dac6405978b3707162317aa28aea1a804930b05f6d95f31
69,6,even_shortest_path_pair,6,820c64303d60ed9150809c1c11255fa406b411bdad23e81891a919eba4fe4c9f
70,4,even_shortest_path_pair,4,b48914e0477f629eeef49fca239fb5340a6d7160fe0d82ca3c15841d8b0ef8b2
71,6,even_shortest_path_pair,6,1705c0fbc29e17cc98c8be45217d5a005909c4540ef2e77d69bd1f4df37d10fd
72,4,even_shortest_path_pair,4,f8b9d8f24322f4ccffadc8cc2fd9758ad59f06b8864b469fb4357f8134a50564
73,6,even_shortest_path_pair,6,c9fe476e2336960ce400753a12cf56fa5e1d74200d99ac8ec59cdecabbaedba1
74,4,even_shortest_path_pair,4,88531663b5d250e3f4d101568bcf6c7cde8bc87ef793c0b4225953c3eee90f12
75,4,even_shortest_path_pair,4,75d7c3301dc8c89f15d54119261ba59d290833f5b4e6f8298e45e062840ad0c0
76,4,even_shortest_path_pair,4,c233e1b87312d20cf72554f93532756a0f1014e26c5f4b13fb6e52a5aae3d160
77,4,even_shortest_path_pair,4,5c39f38872edd9c0780d3df1fd2ec9bf11301989069d033c3074be88c851ce3a
78,4,even_shortest_path_pair,4,8923a4a095b0f69217198ad2b8bce53d552b02b4dc4492451746958228da8c69
79,4,even_shortest_path_pair,4,57f9b4911e030885cca8a333c98bbc720233dee00466409dea8b85b70fc223ee
80,4,even_shortest_path_pair,4,9e23d421657e1a4c54e7bae5dd08a17a858a579940ea5507c4f5ac1708644101
81,6,even_shortest_path_pair,6,c0ad9892aecb8f7954e3c588266e7293423c56e721f0436a312ba87abac52aea
